{"v":1,"cmd":"add","ts":"2026-07-19T01:13:14Z","inv":{"id":"A-01","op":"rm_node"}}
{"v":1,"cmd":"add","ts":"2026-07-19T01:13:21Z","inv":{"id":"A-02","op":"rm_node"}}
{"v":1,"cmd":"add","ts":"2026-07-19T01:13:29Z","inv":{"id":"A-03","op":"rm_node"}}
{"v":1,"cmd":"add","ts":"2026-07-19T01:13:37Z","inv":{"id":"A-04","op":"rm_node"}}
{"v":1,"cmd":"add","ts":"2026-07-19T01:13:44Z","inv":{"id":"A-05","op":"rm_node"}}
{"v":1,"cmd":"add","ts":"2026-07-19T01:13:53Z","inv":{"id":"G-01","op":"rm_node"}}
{"v":1,"cmd":"add","ts":"2026-07-19T01:14:01Z","inv":{"id":"G-02","op":"rm_node"}}
{"v":1,"cmd":"add","ts":"2026-07-19T01:14:08Z","inv":{"id":"G-03","op":"rm_node"}}
{"v":1,"cmd":"add","ts":"2026-07-19T01:14:16Z","inv":{"id":"G-04","op":"rm_node"}}
{"v":1,"cmd":"add","ts":"2026-07-19T01:14:23Z","inv":{"id":"G-05","op":"rm_node"}}
{"v":1,"cmd":"add","ts":"2026-07-19T01:14:31Z","inv":{"id":"T-01","op":"rm_node"}}
{"v":1,"cmd":"add","ts":"2026-07-19T01:14:39Z","inv":{"id":"W-01","op":"rm_node"}}
{"v":1,"cmd":"add","ts":"2026-07-19T01:14:47Z","inv":{"id":"W-02","op":"rm_node"}}
{"v":1,"cmd":"add","ts":"2026-07-19T01:14:57Z","inv":{"id":"W-03","op":"rm_node"}}
{"v":1,"cmd":"add","ts":"2026-07-19T01:15:07Z","inv":{"id":"W-04","op":"rm_node"}}
{"v":1,"cmd":"add","ts":"2026-07-19T01:15:17Z","inv":{"id":"W-05","op":"rm_node"}}
{"v":1,"cmd":"add","ts":"2026-07-19T01:15:27Z","inv":{"id":"W-06","op":"rm_node"}}
{"v":1,"cmd":"add","ts":"2026-07-19T01:15:37Z","inv":{"id":"W-07","op":"rm_node"}}
{"v":1,"cmd":"add","ts":"2026-07-19T01:15:47Z","inv":{"id":"W-08","op":"rm_node"}}
{"v":1,"cmd":"add","ts":"2026-07-19T01:15:58Z","inv":{"id":"W-09","op":"rm_node"}}
{"v":1,"cmd":"add","ts":"2026-07-19T01:16:08Z","inv":{"id":"W-10","op":"rm_node"}}
{"v":1,"cmd":"add","ts":"2026-07-19T01:16:19Z","inv":{"id":"W-11","op":"rm_node"}}
{"v":1,"cmd":"add","ts":"2026-07-19T01:16:30Z","inv":{"id":"W-12","op":"rm_node"}}
{"v":1,"cmd":"add","ts":"2026-07-19T01:16:40Z","inv":{"id":"W-13","op":"rm_node"}}
{"v":1,"cmd":"add","ts":"2026-07-19T01:16:49Z","inv":{"id":"W-14","op":"rm_node"}}
{"v":1,"cmd":"field","ts":"2026-07-19T01:16:57Z","inv":{"id":"W-01","field":"why","op":"field_pop_last"}}
{"v":1,"cmd":"field","ts":"2026-07-19T01:17:05Z","inv":{"id":"W-05","field":"why","op":"field_pop_last"}}
{"v":1,"cmd":"field","ts":"2026-07-19T01:17:13Z","inv":{"id":"W-06","field":"why","op":"field_pop_last"}}
{"v":1,"cmd":"field","ts":"2026-07-19T01:17:21Z","inv":{"id":"W-11","field":"why","op":"field_pop_last"}}
{"v":1,"cmd":"fitness","ts":"2026-07-19T01:17:29Z","inv":{"had_key":false,"wid":"W-01","gid":"G-01","previous":null,"op":"restore_fitness_key"}}
{"v":1,"cmd":"fitness","ts":"2026-07-19T01:17:36Z","inv":{"had_key":false,"wid":"W-02","gid":"G-01","previous":null,"op":"restore_fitness_key"}}
{"v":1,"cmd":"fitness","ts":"2026-07-19T01:17:44Z","inv":{"had_key":false,"wid":"W-03","gid":"G-02","previous":null,"op":"restore_fitness_key"}}
{"v":1,"cmd":"fitness","ts":"2026-07-19T01:17:51Z","inv":{"had_key":false,"wid":"W-04","gid":"G-02","previous":null,"op":"restore_fitness_key"}}
{"v":1,"cmd":"fitness","ts":"2026-07-19T01:17:58Z","inv":{"had_key":false,"wid":"W-05","gid":"G-02","previous":null,"op":"restore_fitness_key"}}
{"v":1,"cmd":"fitness","ts":"2026-07-19T01:18:05Z","inv":{"had_key":false,"wid":"W-06","gid":"G-02","previous":null,"op":"restore_fitness_key"}}
{"v":1,"cmd":"fitness","ts":"2026-07-19T01:18:12Z","inv":{"had_key":false,"wid":"W-07","gid":"G-03","previous":null,"op":"restore_fitness_key"}}
{"v":1,"cmd":"fitness","ts":"2026-07-19T01:18:19Z","inv":{"had_key":false,"wid":"W-08","gid":"G-03","previous":null,"op":"restore_fitness_key"}}
{"v":1,"cmd":"fitness","ts":"2026-07-19T01:18:27Z","inv":{"had_key":false,"wid":"W-09","gid":"G-03","previous":null,"op":"restore_fitness_key"}}
{"v":1,"cmd":"fitness","ts":"2026-07-19T01:18:34Z","inv":{"had_key":false,"wid":"W-10","gid":"G-04","previous":null,"op":"restore_fitness_key"}}
{"v":1,"cmd":"fitness","ts":"2026-07-19T01:18:40Z","inv":{"had_key":false,"wid":"W-11","gid":"G-04","previous":null,"op":"restore_fitness_key"}}
{"v":1,"cmd":"fitness","ts":"2026-07-19T01:18:47Z","inv":{"had_key":false,"wid":"W-12","gid":"G-05","previous":null,"op":"restore_fitness_key"}}
{"v":1,"cmd":"fitness","ts":"2026-07-19T01:18:54Z","inv":{"had_key":false,"wid":"W-13","gid":"G-05","previous":null,"op":"restore_fitness_key"}}
{"v":1,"cmd":"fitness","ts":"2026-07-19T01:19:02Z","inv":{"had_key":false,"wid":"W-14","gid":"G-05","previous":null,"op":"restore_fitness_key"}}
{"v":1,"cmd":"add","ts":"2026-07-19T01:19:10Z","inv":{"id":"Q-01","op":"rm_node"}}
{"v":1,"cmd":"add","ts":"2026-07-19T01:19:17Z","inv":{"id":"Q-02","op":"rm_node"}}
{"v":1,"cmd":"field","ts":"2026-07-19T01:19:24Z","inv":{"id":"Q-01","field":"exit","op":"field_pop_last"}}
{"v":1,"cmd":"field","ts":"2026-07-19T01:19:31Z","inv":{"id":"Q-02","field":"exit","op":"field_pop_last"}}
{"v":1,"cmd":"add","ts":"2026-07-19T01:19:39Z","inv":{"id":"B-01","op":"rm_node"}}
{"v":1,"cmd":"add","ts":"2026-07-19T01:19:46Z","inv":{"id":"B-02","op":"rm_node"}}
{"v":1,"cmd":"add","ts":"2026-07-19T01:19:54Z","inv":{"id":"B-03","op":"rm_node"}}
{"v":1,"cmd":"add","ts":"2026-07-19T01:20:01Z","inv":{"id":"B-04","op":"rm_node"}}
{"v":1,"cmd":"field","ts":"2026-07-19T01:20:09Z","inv":{"id":"B-01","field":"vm","op":"field_pop_last"}}
{"v":1,"cmd":"field","ts":"2026-07-19T01:20:16Z","inv":{"id":"B-01","field":"threshold","op":"field_pop_last"}}
{"v":1,"cmd":"field","ts":"2026-07-19T01:20:24Z","inv":{"id":"B-02","field":"vm","op":"field_pop_last"}}
{"v":1,"cmd":"field","ts":"2026-07-19T01:20:34Z","inv":{"id":"B-02","field":"threshold","op":"field_pop_last"}}
{"v":1,"cmd":"field","ts":"2026-07-19T01:20:41Z","inv":{"id":"B-03","field":"vm","op":"field_pop_last"}}
{"v":1,"cmd":"field","ts":"2026-07-19T01:20:49Z","inv":{"id":"B-03","field":"threshold","op":"field_pop_last"}}
{"v":1,"cmd":"field","ts":"2026-07-19T01:20:56Z","inv":{"id":"B-04","field":"vm","op":"field_pop_last"}}
{"v":1,"cmd":"field","ts":"2026-07-19T01:21:03Z","inv":{"id":"B-04","field":"threshold","op":"field_pop_last"}}
{"v":1,"cmd":"link","ts":"2026-07-19T01:21:11Z","inv":{"label":"blocks","to":"W-06","op":"unlink_edge","from":"W-03"}}
{"v":1,"cmd":"link","ts":"2026-07-19T01:21:18Z","inv":{"label":"blocks","to":"W-09","op":"unlink_edge","from":"W-07"}}
{"v":1,"cmd":"link","ts":"2026-07-19T01:21:26Z","inv":{"label":"blocks","to":"W-09","op":"unlink_edge","from":"W-08"}}
{"v":1,"cmd":"link","ts":"2026-07-19T01:21:34Z","inv":{"label":"blocks","to":"W-10","op":"unlink_edge","from":"W-09"}}
{"v":1,"cmd":"field","ts":"2026-07-19T02:19:03Z","inv":{"line":"grove stats: undo rate and evidence rejections per W, split by active DA coverage of the declared surface","id":"B-02","field":"vm","op":"field_insert_line","index":1}}
{"v":1,"cmd":"field","ts":"2026-07-19T02:19:11Z","inv":{"id":"B-02","field":"vm","op":"field_pop_last"}}
{"v":1,"cmd":"field","ts":"2026-07-19T02:19:18Z","inv":{"line":"grove stats: active DA count versus null-distill attestations at archive gates","id":"B-03","field":"vm","op":"field_insert_line","index":1}}
{"v":1,"cmd":"field","ts":"2026-07-19T02:19:25Z","inv":{"id":"B-03","field":"vm","op":"field_pop_last"}}
{"v":1,"cmd":"field","ts":"2026-07-19T02:19:33Z","inv":{"line":"majority of verified goals distill >= 1 active DA","id":"B-03","field":"threshold","op":"field_insert_line","index":1}}
{"v":1,"cmd":"field","ts":"2026-07-19T02:19:40Z","inv":{"id":"B-03","field":"threshold","op":"field_pop_last"}}
{"v":1,"cmd":"field","ts":"2026-07-19T02:30:50Z","inv":{"id":"W-07","field":"ac","op":"field_pop_last"}}
{"v":1,"cmd":"field","ts":"2026-07-19T02:30:57Z","inv":{"id":"W-07","field":"ac","op":"field_pop_last"}}
{"v":1,"cmd":"field","ts":"2026-07-19T02:31:05Z","inv":{"id":"W-07","field":"ac","op":"field_pop_last"}}
{"v":1,"cmd":"field","ts":"2026-07-19T02:31:12Z","inv":{"id":"W-07","field":"ac","op":"field_pop_last"}}
{"v":1,"cmd":"field","ts":"2026-07-19T02:31:20Z","inv":{"id":"W-07","field":"hypothesis","op":"field_pop_last"}}
{"v":1,"cmd":"field","ts":"2026-07-19T02:31:27Z","inv":{"id":"W-07","field":"evidence_strategy","op":"field_pop_last"}}
{"v":1,"cmd":"field","ts":"2026-07-19T02:31:35Z","inv":{"id":"W-07","field":"why","op":"field_pop_last"}}
{"v":1,"cmd":"set","ts":"2026-07-19T02:31:44Z","inv":{"had_session_at_before":false,"old_w_status":"proposed","had_session_before":false,"id":"W-07","op":"set_w_status_with_goals","goal_statuses":{"G-03":"unverified"},"old_session_at":"","old_session":""}}
{"v":1,"cmd":"set","ts":"2026-07-19T02:31:53Z","inv":{"had_session_at_before":false,"old_w_status":"ready","had_session_before":false,"id":"W-07","op":"set_w_status_with_goals","goal_statuses":{"G-03":"unverified"},"old_session_at":"","old_session":""}}
{"v":1,"cmd":"add","ts":"2026-07-19T02:32:25Z","inv":{"id":"D-01","op":"rm_node"}}
{"v":1,"cmd":"field","ts":"2026-07-19T02:32:32Z","inv":{"id":"D-01","field":"context","op":"field_pop_last"}}
{"v":1,"cmd":"field","ts":"2026-07-19T02:32:40Z","inv":{"id":"D-01","field":"options","op":"field_pop_last"}}
{"v":1,"cmd":"field","ts":"2026-07-19T02:32:47Z","inv":{"id":"D-01","field":"options","op":"field_pop_last"}}
{"v":1,"cmd":"field","ts":"2026-07-19T02:32:54Z","inv":{"id":"D-01","field":"options","op":"field_pop_last"}}
{"v":1,"cmd":"field","ts":"2026-07-19T02:33:02Z","inv":{"id":"D-01","field":"decision","op":"field_pop_last"}}
{"v":1,"cmd":"field","ts":"2026-07-19T02:33:09Z","inv":{"id":"D-01","field":"consequences","op":"field_pop_last"}}
{"v":1,"cmd":"field","ts":"2026-07-19T02:33:17Z","inv":{"id":"D-01","field":"validation","op":"field_pop_last"}}
{"v":1,"cmd":"set","ts":"2026-07-19T02:33:25Z","inv":{"old_status":"proposed","id":"D-01","op":"set_status_plain"}}
{"v":1,"cmd":"link","ts":"2026-07-19T02:33:33Z","inv":{"label":"implements","to":"D-01","op":"unlink_edge","from":"W-07"}}
{"v":1,"cmd":"field","ts":"2026-07-19T04:27:08Z","inv":{"id":"W-07","field":"evidence","op":"field_pop_last"}}
{"v":1,"cmd":"field","ts":"2026-07-19T04:27:15Z","inv":{"id":"W-07","field":"evidence","op":"field_pop_last"}}
{"v":1,"cmd":"field","ts":"2026-07-19T04:27:22Z","inv":{"id":"W-07","field":"evidence","op":"field_pop_last"}}
{"v":1,"cmd":"set","ts":"2026-07-19T04:27:30Z","inv":{"had_session_at_before":true,"old_w_status":"progress","had_session_before":true,"id":"W-07","op":"set_w_status_with_goals","goal_statuses":{"G-03":"unverified"},"old_session_at":"2026-07-19T02:31:53Z","old_session":"desktop-5a9h5ko:b9ace3ea3b856f36"}}
{"v":1,"cmd":"field","ts":"2026-07-19T11:17:59Z","inv":{"id":"W-08","field":"ac","op":"field_pop_last"}}
{"v":1,"cmd":"field","ts":"2026-07-19T11:18:07Z","inv":{"id":"W-08","field":"ac","op":"field_pop_last"}}
{"v":1,"cmd":"field","ts":"2026-07-19T11:18:14Z","inv":{"id":"W-08","field":"ac","op":"field_pop_last"}}
{"v":1,"cmd":"field","ts":"2026-07-19T11:18:22Z","inv":{"id":"W-08","field":"ac","op":"field_pop_last"}}
{"v":1,"cmd":"field","ts":"2026-07-19T11:18:30Z","inv":{"id":"W-08","field":"hypothesis","op":"field_pop_last"}}
{"v":1,"cmd":"field","ts":"2026-07-19T11:18:37Z","inv":{"id":"W-08","field":"evidence_strategy","op":"field_pop_last"}}
{"v":1,"cmd":"field","ts":"2026-07-19T11:18:45Z","inv":{"id":"W-08","field":"why","op":"field_pop_last"}}
{"v":1,"cmd":"set","ts":"2026-07-19T11:18:53Z","inv":{"had_session_at_before":false,"old_w_status":"proposed","had_session_before":false,"id":"W-08","op":"set_w_status_with_goals","goal_statuses":{"G-03":"partial"},"old_session_at":"","old_session":""}}
{"v":1,"cmd":"set","ts":"2026-07-19T11:19:03Z","inv":{"had_session_at_before":false,"old_w_status":"ready","had_session_before":false,"id":"W-08","op":"set_w_status_with_goals","goal_statuses":{"G-03":"partial"},"old_session_at":"","old_session":""}}
{"v":1,"cmd":"add","ts":"2026-07-19T11:19:40Z","inv":{"id":"D-02","op":"rm_node"}}
{"v":1,"cmd":"field","ts":"2026-07-19T11:19:48Z","inv":{"id":"D-02","field":"context","op":"field_pop_last"}}
{"v":1,"cmd":"field","ts":"2026-07-19T11:19:55Z","inv":{"id":"D-02","field":"options","op":"field_pop_last"}}
{"v":1,"cmd":"field","ts":"2026-07-19T11:20:03Z","inv":{"id":"D-02","field":"options","op":"field_pop_last"}}
{"v":1,"cmd":"field","ts":"2026-07-19T11:20:10Z","inv":{"id":"D-02","field":"decision","op":"field_pop_last"}}
{"v":1,"cmd":"field","ts":"2026-07-19T11:20:18Z","inv":{"id":"D-02","field":"consequences","op":"field_pop_last"}}
{"v":1,"cmd":"field","ts":"2026-07-19T11:20:26Z","inv":{"id":"D-02","field":"validation","op":"field_pop_last"}}
{"v":1,"cmd":"set","ts":"2026-07-19T11:20:34Z","inv":{"old_status":"proposed","id":"D-02","op":"set_status_plain"}}
{"v":1,"cmd":"link","ts":"2026-07-19T11:20:42Z","inv":{"label":"implements","to":"D-02","op":"unlink_edge","from":"W-08"}}
{"v":1,"cmd":"field","ts":"2026-07-19T12:27:02Z","inv":{"id":"W-08","field":"evidence","op":"field_pop_last"}}
{"v":1,"cmd":"field","ts":"2026-07-19T12:27:11Z","inv":{"id":"W-08","field":"evidence","op":"field_pop_last"}}
{"v":1,"cmd":"field","ts":"2026-07-19T12:27:18Z","inv":{"id":"W-08","field":"evidence","op":"field_pop_last"}}
{"v":1,"cmd":"set","ts":"2026-07-19T12:27:26Z","inv":{"had_session_at_before":true,"old_w_status":"progress","had_session_before":true,"id":"W-08","op":"set_w_status_with_goals","goal_statuses":{"G-03":"partial"},"old_session_at":"2026-07-19T11:19:03Z","old_session":"desktop-5a9h5ko:b9ace3ea3b856f36"}}
{"v":1,"cmd":"field","ts":"2026-07-19T12:34:15Z","inv":{"id":"W-09","field":"ac","op":"field_pop_last"}}
{"v":1,"cmd":"field","ts":"2026-07-19T12:34:23Z","inv":{"id":"W-09","field":"ac","op":"field_pop_last"}}
{"v":1,"cmd":"field","ts":"2026-07-19T12:34:30Z","inv":{"id":"W-09","field":"ac","op":"field_pop_last"}}
{"v":1,"cmd":"field","ts":"2026-07-19T12:34:38Z","inv":{"id":"W-09","field":"ac","op":"field_pop_last"}}
{"v":1,"cmd":"field","ts":"2026-07-19T12:34:46Z","inv":{"id":"W-09","field":"ac","op":"field_pop_last"}}
{"v":1,"cmd":"field","ts":"2026-07-19T12:34:54Z","inv":{"id":"W-09","field":"hypothesis","op":"field_pop_last"}}
{"v":1,"cmd":"field","ts":"2026-07-19T12:35:02Z","inv":{"id":"W-09","field":"evidence_strategy","op":"field_pop_last"}}
{"v":1,"cmd":"field","ts":"2026-07-19T12:35:10Z","inv":{"id":"W-09","field":"why","op":"field_pop_last"}}
{"v":1,"cmd":"set","ts":"2026-07-19T12:35:19Z","inv":{"had_session_at_before":false,"old_w_status":"proposed","had_session_before":false,"id":"W-09","op":"set_w_status_with_goals","goal_statuses":{"G-03":"partial"},"old_session_at":"","old_session":""}}
{"v":1,"cmd":"set","ts":"2026-07-19T12:35:28Z","inv":{"missing":["∀ q ∈ asks(w), q terminal"],"id":"W-09","op":"dor_reject"}}
{"v":1,"cmd":"field","ts":"2026-07-19T12:36:38Z","inv":{"id":"Q-02","field":"log","op":"field_pop_last"}}
{"v":1,"cmd":"set","ts":"2026-07-19T12:36:47Z","inv":{"old_status":"open","id":"Q-02","op":"set_status_plain"}}
{"v":1,"cmd":"set","ts":"2026-07-19T12:36:56Z","inv":{"had_session_at_before":false,"old_w_status":"ready","had_session_before":false,"id":"W-09","op":"set_w_status_with_goals","goal_statuses":{"G-03":"partial"},"old_session_at":"","old_session":""}}
{"v":1,"cmd":"add","ts":"2026-07-19T12:37:37Z","inv":{"id":"D-03","op":"rm_node"}}
{"v":1,"cmd":"field","ts":"2026-07-19T12:37:45Z","inv":{"id":"D-03","field":"context","op":"field_pop_last"}}
{"v":1,"cmd":"field","ts":"2026-07-19T12:37:52Z","inv":{"id":"D-03","field":"options","op":"field_pop_last"}}
{"v":1,"cmd":"field","ts":"2026-07-19T12:38:00Z","inv":{"id":"D-03","field":"options","op":"field_pop_last"}}
{"v":1,"cmd":"field","ts":"2026-07-19T12:38:08Z","inv":{"id":"D-03","field":"options","op":"field_pop_last"}}
{"v":1,"cmd":"field","ts":"2026-07-19T12:38:16Z","inv":{"id":"D-03","field":"decision","op":"field_pop_last"}}
{"v":1,"cmd":"field","ts":"2026-07-19T12:38:24Z","inv":{"id":"D-03","field":"consequences","op":"field_pop_last"}}
{"v":1,"cmd":"field","ts":"2026-07-19T12:38:32Z","inv":{"id":"D-03","field":"validation","op":"field_pop_last"}}
{"v":1,"cmd":"set","ts":"2026-07-19T12:38:40Z","inv":{"old_status":"proposed","id":"D-03","op":"set_status_plain"}}
{"v":1,"cmd":"link","ts":"2026-07-19T12:38:48Z","inv":{"label":"implements","to":"D-03","op":"unlink_edge","from":"W-09"}}
{"v":1,"cmd":"field","ts":"2026-07-20T02:59:51Z","inv":{"id":"W-09","field":"evidence","op":"field_pop_last"}}
{"v":1,"cmd":"field","ts":"2026-07-20T02:59:58Z","inv":{"id":"W-09","field":"evidence","op":"field_pop_last"}}
{"v":1,"cmd":"field","ts":"2026-07-20T03:00:05Z","inv":{"id":"W-09","field":"evidence","op":"field_pop_last"}}
{"v":1,"cmd":"set","ts":"2026-07-20T03:00:13Z","inv":{"had_session_at_before":true,"old_w_status":"progress","had_session_before":true,"id":"W-09","op":"set_w_status_with_goals","goal_statuses":{"G-03":"partial"},"old_session_at":"2026-07-19T12:36:56Z","old_session":"desktop-5a9h5ko:b9ace3ea3b856f36"}}
{"v":1,"cmd":"add","ts":"2026-07-20T03:15:28Z","inv":{"id":"Y-01","op":"rm_node"}}
{"v":1,"cmd":"field","ts":"2026-07-20T03:15:36Z","inv":{"id":"Y-01","field":"invariant","op":"field_pop_last"}}
{"v":1,"cmd":"field","ts":"2026-07-20T03:15:44Z","inv":{"id":"Y-01","field":"skill_updates","op":"field_pop_last"}}
{"v":1,"cmd":"set","ts":"2026-07-20T03:15:53Z","inv":{"old_status":"proposed","id":"Y-01","op":"set_status_plain"}}
{"v":1,"cmd":"field","ts":"2026-07-20T03:16:01Z","inv":{"id":"Q-02","field":"outcome","op":"field_pop_last"}}
{"v":1,"cmd":"set","ts":"2026-07-20T03:16:10Z","inv":{"old_status":"deferred","id":"Q-02","op":"set_status_plain"}}
{"v":1,"cmd":"field","ts":"2026-07-20T03:27:22Z","inv":{"id":"W-10","field":"ac","op":"field_pop_last"}}
{"v":1,"cmd":"field","ts":"2026-07-20T03:27:30Z","inv":{"id":"W-10","field":"ac","op":"field_pop_last"}}
{"v":1,"cmd":"field","ts":"2026-07-20T03:27:38Z","inv":{"id":"W-10","field":"ac","op":"field_pop_last"}}
{"v":1,"cmd":"field","ts":"2026-07-20T03:27:47Z","inv":{"id":"W-10","field":"ac","op":"field_pop_last"}}
{"v":1,"cmd":"field","ts":"2026-07-20T03:27:56Z","inv":{"id":"W-10","field":"ac","op":"field_pop_last"}}
{"v":1,"cmd":"field","ts":"2026-07-20T03:28:03Z","inv":{"id":"W-10","field":"hypothesis","op":"field_pop_last"}}
{"v":1,"cmd":"field","ts":"2026-07-20T03:28:11Z","inv":{"id":"W-10","field":"evidence_strategy","op":"field_pop_last"}}
{"v":1,"cmd":"field","ts":"2026-07-20T03:28:18Z","inv":{"id":"W-10","field":"why","op":"field_pop_last"}}
{"v":1,"cmd":"set","ts":"2026-07-20T03:28:27Z","inv":{"had_session_at_before":false,"old_w_status":"proposed","had_session_before":false,"id":"W-10","op":"set_w_status_with_goals","goal_statuses":{"G-04":"unverified"},"old_session_at":"","old_session":""}}
{"v":1,"cmd":"set","ts":"2026-07-20T03:28:36Z","inv":{"had_session_at_before":false,"old_w_status":"ready","had_session_before":false,"id":"W-10","op":"set_w_status_with_goals","goal_statuses":{"G-04":"unverified"},"old_session_at":"","old_session":""}}
{"v":1,"cmd":"add","ts":"2026-07-20T03:29:25Z","inv":{"id":"D-04","op":"rm_node"}}
{"v":1,"cmd":"field","ts":"2026-07-20T03:29:32Z","inv":{"id":"D-04","field":"context","op":"field_pop_last"}}
{"v":1,"cmd":"field","ts":"2026-07-20T03:29:40Z","inv":{"id":"D-04","field":"options","op":"field_pop_last"}}
{"v":1,"cmd":"field","ts":"2026-07-20T03:29:47Z","inv":{"id":"D-04","field":"options","op":"field_pop_last"}}
{"v":1,"cmd":"field","ts":"2026-07-20T03:29:55Z","inv":{"id":"D-04","field":"options","op":"field_pop_last"}}
{"v":1,"cmd":"field","ts":"2026-07-20T03:30:02Z","inv":{"id":"D-04","field":"decision","op":"field_pop_last"}}
{"v":1,"cmd":"field","ts":"2026-07-20T03:30:10Z","inv":{"id":"D-04","field":"consequences","op":"field_pop_last"}}
{"v":1,"cmd":"field","ts":"2026-07-20T03:30:17Z","inv":{"id":"D-04","field":"validation","op":"field_pop_last"}}
{"v":1,"cmd":"set","ts":"2026-07-20T03:30:26Z","inv":{"old_status":"proposed","id":"D-04","op":"set_status_plain"}}
{"v":1,"cmd":"link","ts":"2026-07-20T03:30:33Z","inv":{"label":"implements","to":"D-04","op":"unlink_edge","from":"W-10"}}
{"v":1,"cmd":"field","ts":"2026-07-20T04:40:00Z","inv":{"id":"W-10","field":"evidence","op":"field_pop_last"}}
{"v":1,"cmd":"field","ts":"2026-07-20T04:40:07Z","inv":{"id":"W-10","field":"evidence","op":"field_pop_last"}}
{"v":1,"cmd":"field","ts":"2026-07-20T04:40:14Z","inv":{"id":"W-10","field":"evidence","op":"field_pop_last"}}
{"v":1,"cmd":"set","ts":"2026-07-20T04:40:23Z","inv":{"had_session_at_before":true,"old_w_status":"progress","had_session_before":true,"id":"W-10","op":"set_w_status_with_goals","goal_statuses":{"G-04":"unverified"},"old_session_at":"2026-07-20T03:28:36Z","old_session":"desktop-5a9h5ko:b9ace3ea3b856f36"}}
{"v":1,"cmd":"field","ts":"2026-07-20T12:13:53Z","inv":{"id":"W-11","field":"ac","op":"field_pop_last"}}
{"v":1,"cmd":"field","ts":"2026-07-20T12:14:01Z","inv":{"id":"W-11","field":"ac","op":"field_pop_last"}}
{"v":1,"cmd":"field","ts":"2026-07-20T12:14:08Z","inv":{"id":"W-11","field":"ac","op":"field_pop_last"}}
{"v":1,"cmd":"field","ts":"2026-07-20T12:14:16Z","inv":{"id":"W-11","field":"ac","op":"field_pop_last"}}
{"v":1,"cmd":"field","ts":"2026-07-20T12:14:24Z","inv":{"id":"W-11","field":"hypothesis","op":"field_pop_last"}}
{"v":1,"cmd":"field","ts":"2026-07-20T12:14:31Z","inv":{"id":"W-11","field":"evidence_strategy","op":"field_pop_last"}}
{"v":1,"cmd":"set","ts":"2026-07-20T12:14:40Z","inv":{"had_session_at_before":false,"old_w_status":"proposed","had_session_before":false,"id":"W-11","op":"set_w_status_with_goals","goal_statuses":{"G-04":"verified"},"old_session_at":"","old_session":""}}
{"v":1,"cmd":"set","ts":"2026-07-20T12:14:49Z","inv":{"had_session_at_before":false,"old_w_status":"ready","had_session_before":false,"id":"W-11","op":"set_w_status_with_goals","goal_statuses":{"G-04":"verified"},"old_session_at":"","old_session":""}}
{"v":1,"cmd":"field","ts":"2026-07-20T12:19:11Z","inv":{"id":"W-11","field":"evidence","op":"field_pop_last"}}
{"v":1,"cmd":"field","ts":"2026-07-20T12:19:18Z","inv":{"id":"W-11","field":"evidence","op":"field_pop_last"}}
{"v":1,"cmd":"field","ts":"2026-07-20T12:27:00Z","inv":{"id":"W-11","field":"evidence","op":"field_pop_last"}}
{"v":1,"cmd":"field","ts":"2026-07-20T12:27:07Z","inv":{"id":"W-11","field":"evidence","op":"field_pop_last"}}
{"v":1,"cmd":"field","ts":"2026-07-20T12:27:16Z","inv":{"id":"W-11","field":"evidence","op":"field_pop_last"}}
{"v":1,"cmd":"field","ts":"2026-07-20T12:27:24Z","inv":{"id":"W-11","field":"evidence","op":"field_pop_last"}}
{"v":1,"cmd":"add","ts":"2026-07-27T14:30:23Z","inv":{"id":"W-15","op":"rm_node"}}
{"v":1,"cmd":"field","ts":"2026-07-27T14:31:05Z","inv":{"id":"W-15","field":"ac","op":"field_pop_last"}}
{"v":1,"cmd":"field","ts":"2026-07-27T14:31:17Z","inv":{"id":"W-15","field":"ac","op":"field_pop_last"}}
{"v":1,"cmd":"field","ts":"2026-07-27T14:31:28Z","inv":{"id":"W-15","field":"hypothesis","op":"field_pop_last"}}
{"v":1,"cmd":"field","ts":"2026-07-27T14:31:39Z","inv":{"id":"W-15","field":"evidence_strategy","op":"field_pop_last"}}
{"v":1,"cmd":"field","ts":"2026-07-27T14:31:50Z","inv":{"id":"W-15","field":"why","op":"field_pop_last"}}
{"v":1,"cmd":"fitness","ts":"2026-07-27T14:32:01Z","inv":{"had_key":false,"wid":"W-15","gid":"G-05","previous":null,"op":"restore_fitness_key"}}
{"v":1,"cmd":"set","ts":"2026-07-27T14:32:14Z","inv":{"had_session_at_before":false,"old_w_status":"proposed","had_session_before":false,"id":"W-15","op":"set_w_status_with_goals","goal_statuses":{"G-05":"unverified"},"old_session_at":"","old_session":""}}
{"v":1,"cmd":"set","ts":"2026-07-27T14:32:28Z","inv":{"had_session_at_before":false,"old_w_status":"ready","had_session_before":false,"id":"W-15","op":"set_w_status_with_goals","goal_statuses":{"G-05":"unverified"},"old_session_at":"","old_session":""}}
{"v":1,"cmd":"field","ts":"2026-07-27T14:42:53Z","inv":{"id":"W-01","field":"surface","lines":["src/stats.jl","test/test_stats.jl"],"op":"field_restore_lines"}}
{"v":1,"cmd":"field","ts":"2026-07-27T14:43:04Z","inv":{"id":"W-01","field":"surface","op":"field_pop_last"}}
{"v":1,"cmd":"field","ts":"2026-07-27T14:43:16Z","inv":{"id":"W-01","field":"surface","op":"field_pop_last"}}
{"v":1,"cmd":"field","ts":"2026-07-27T14:43:28Z","inv":{"id":"W-03","field":"surface","lines":["src/grove.jl","src/cli.jl"],"op":"field_restore_lines"}}
{"v":1,"cmd":"field","ts":"2026-07-27T14:43:39Z","inv":{"id":"W-03","field":"surface","op":"field_pop_last"}}
{"v":1,"cmd":"field","ts":"2026-07-27T14:43:50Z","inv":{"id":"W-03","field":"surface","op":"field_pop_last"}}
{"v":1,"cmd":"field","ts":"2026-07-27T14:44:02Z","inv":{"id":"W-05","field":"surface","lines":["src/algebra.jl"],"op":"field_restore_lines"}}
{"v":1,"cmd":"field","ts":"2026-07-27T14:44:13Z","inv":{"id":"W-05","field":"surface","op":"field_pop_last"}}
{"v":1,"cmd":"field","ts":"2026-07-27T14:44:25Z","inv":{"id":"Y-01","field":"surface","lines":["conformance/run.jl","grove-core/tests/corpus_replay.rs"],"op":"field_restore_lines"}}
{"v":1,"cmd":"field","ts":"2026-07-27T14:44:36Z","inv":{"id":"Y-01","field":"surface","op":"field_pop_last"}}
{"v":1,"cmd":"field","ts":"2026-07-27T14:44:48Z","inv":{"id":"Y-01","field":"surface","op":"field_pop_last"}}
{"v":1,"cmd":"field","ts":"2026-07-27T14:45:00Z","inv":{"id":"A-01","field":"surface","lines":["src/stats.jl","test/test_stats.jl"],"op":"field_restore_lines"}}
{"v":1,"cmd":"field","ts":"2026-07-27T14:45:11Z","inv":{"id":"A-01","field":"surface","op":"field_pop_last"}}
{"v":1,"cmd":"field","ts":"2026-07-27T14:45:22Z","inv":{"id":"A-01","field":"surface","op":"field_pop_last"}}
{"v":1,"cmd":"field","ts":"2026-07-27T14:45:34Z","inv":{"id":"A-02","field":"surface","lines":["src/cli.jl","src/grove.jl"],"op":"field_restore_lines"}}
{"v":1,"cmd":"field","ts":"2026-07-27T14:45:46Z","inv":{"id":"A-02","field":"surface","op":"field_pop_last"}}
{"v":1,"cmd":"field","ts":"2026-07-27T14:45:57Z","inv":{"id":"A-02","field":"surface","op":"field_pop_last"}}
{"v":1,"cmd":"field","ts":"2026-07-27T15:04:25Z","inv":{"id":"W-15","field":"evidence","op":"field_pop_last"}}
{"v":1,"cmd":"field","ts":"2026-07-27T15:04:36Z","inv":{"id":"W-15","field":"evidence","op":"field_pop_last"}}
{"v":1,"cmd":"field","ts":"2026-07-27T15:04:47Z","inv":{"id":"W-15","field":"evidence","op":"field_pop_last"}}
{"v":1,"cmd":"field","ts":"2026-07-27T15:04:58Z","inv":{"id":"W-15","field":"evidence","op":"field_pop_last"}}
{"v":1,"cmd":"field","ts":"2026-07-27T15:05:11Z","inv":{"id":"W-15","field":"evidence","op":"field_pop_last"}}
{"v":1,"cmd":"field","ts":"2026-07-27T15:05:22Z","inv":{"id":"W-15","field":"evidence","op":"field_pop_last"}}
{"v":1,"cmd":"fitness","ts":"2026-07-27T15:05:33Z","inv":{"had_key":true,"wid":"W-15","gid":"G-05","previous":0,"op":"restore_fitness_key"}}
{"v":1,"cmd":"set","ts":"2026-07-27T15:05:47Z","inv":{"had_session_at_before":true,"old_w_status":"progress","had_session_before":true,"id":"W-15","op":"set_w_status_with_goals","goal_statuses":{"G-05":"unverified"},"old_session_at":"2026-07-27T14:32:28Z","old_session":"desktop-5a9h5ko:b9ace3ea3b856f36"}}
{"v":1,"cmd":"field","ts":"2026-07-27T15:21:34Z","inv":{"id":"W-01","field":"ac","op":"field_pop_last"}}
{"v":1,"cmd":"field","ts":"2026-07-27T15:21:50Z","inv":{"id":"W-01","field":"ac","op":"field_pop_last"}}
{"v":1,"cmd":"field","ts":"2026-07-27T15:22:07Z","inv":{"id":"W-01","field":"ac","op":"field_pop_last"}}
{"v":1,"cmd":"field","ts":"2026-07-27T15:22:21Z","inv":{"id":"W-01","field":"ac","op":"field_pop_last"}}
{"v":1,"cmd":"field","ts":"2026-07-27T15:22:35Z","inv":{"id":"W-01","field":"ac","op":"field_pop_last"}}
{"v":1,"cmd":"field","ts":"2026-07-27T15:22:47Z","inv":{"id":"W-01","field":"ac","op":"field_pop_last"}}
{"v":1,"cmd":"field","ts":"2026-07-27T15:22:58Z","inv":{"id":"W-01","field":"hypothesis","op":"field_pop_last"}}
{"v":1,"cmd":"field","ts":"2026-07-27T15:23:10Z","inv":{"id":"W-01","field":"evidence_strategy","op":"field_pop_last"}}
{"v":1,"cmd":"set","ts":"2026-07-27T15:23:23Z","inv":{"had_session_at_before":false,"old_w_status":"proposed","had_session_before":false,"id":"W-01","op":"set_w_status_with_goals","goal_statuses":{"G-01":"unverified"},"old_session_at":"","old_session":""}}
{"v":1,"cmd":"set","ts":"2026-07-27T15:23:36Z","inv":{"had_session_at_before":false,"old_w_status":"ready","had_session_before":false,"id":"W-01","op":"set_w_status_with_goals","goal_statuses":{"G-01":"unverified"},"old_session_at":"","old_session":""}}
{"v":1,"session":"desktop-5a9h5ko:b9ace3ea3b856f36","cmd":"field","ts":"2026-07-27T17:48:49Z","inv":{"id":"W-01","field":"evidence","op":"field_pop_last"}}
{"v":1,"session":"desktop-5a9h5ko:b9ace3ea3b856f36","cmd":"field","ts":"2026-07-27T17:49:06Z","inv":{"id":"W-01","field":"evidence","op":"field_pop_last"}}
{"v":1,"session":"desktop-5a9h5ko:b9ace3ea3b856f36","cmd":"field","ts":"2026-07-27T17:49:21Z","inv":{"id":"W-01","field":"evidence","op":"field_pop_last"}}
{"v":1,"session":"desktop-5a9h5ko:b9ace3ea3b856f36","cmd":"fitness","ts":"2026-07-27T17:49:35Z","inv":{"had_key":true,"wid":"W-01","gid":"G-01","previous":0,"op":"restore_fitness_key"}}
{"v":1,"session":"desktop-5a9h5ko:b9ace3ea3b856f36","cmd":"set","ts":"2026-07-27T17:49:52Z","inv":{"had_session_at_before":true,"old_w_status":"progress","had_session_before":true,"id":"W-01","op":"set_w_status_with_goals","goal_statuses":{"G-01":"unverified"},"old_session_at":"2026-07-27T15:23:36Z","old_session":"desktop-5a9h5ko:b9ace3ea3b856f36"}}
{"v":1,"session":"desktop-5a9h5ko:b9ace3ea3b856f36","cmd":"field","ts":"2026-07-27T17:51:23Z","inv":{"id":"W-02","field":"ac","op":"field_pop_last"}}
{"v":1,"session":"desktop-5a9h5ko:b9ace3ea3b856f36","cmd":"field","ts":"2026-07-27T17:51:38Z","inv":{"id":"W-02","field":"ac","op":"field_pop_last"}}
{"v":1,"session":"desktop-5a9h5ko:b9ace3ea3b856f36","cmd":"field","ts":"2026-07-27T17:51:55Z","inv":{"id":"W-02","field":"ac","op":"field_pop_last"}}
{"v":1,"session":"desktop-5a9h5ko:b9ace3ea3b856f36","cmd":"field","ts":"2026-07-27T17:52:10Z","inv":{"id":"W-02","field":"hypothesis","op":"field_pop_last"}}
{"v":1,"session":"desktop-5a9h5ko:b9ace3ea3b856f36","cmd":"field","ts":"2026-07-27T17:52:26Z","inv":{"id":"W-02","field":"evidence_strategy","op":"field_pop_last"}}
{"v":1,"session":"desktop-5a9h5ko:b9ace3ea3b856f36","cmd":"set","ts":"2026-07-27T17:52:45Z","inv":{"had_session_at_before":false,"old_w_status":"proposed","had_session_before":false,"id":"W-02","op":"set_w_status_with_goals","goal_statuses":{"G-01":"unverified"},"old_session_at":"","old_session":""}}
{"v":1,"session":"desktop-5a9h5ko:b9ace3ea3b856f36","cmd":"set","ts":"2026-07-27T17:53:03Z","inv":{"missing":["BChain validated"],"id":"W-02","op":"dor_reject"}}
{"v":1,"session":"desktop-5a9h5ko:b9ace3ea3b856f36","cmd":"unlink","ts":"2026-07-27T17:55:38Z","inv":{"label":"targets","t_created":"2026-07-19T01:19:39Z","to":"W-02","op":"restore_edge","from":"B-01"}}
{"v":1,"session":"desktop-5a9h5ko:b9ace3ea3b856f36","cmd":"unlink","ts":"2026-07-27T17:55:53Z","inv":{"label":"targets","t_created":"2026-07-19T01:19:46Z","to":"W-02","op":"restore_edge","from":"B-02"}}
{"v":1,"session":"desktop-5a9h5ko:b9ace3ea3b856f36","cmd":"unlink","ts":"2026-07-27T17:56:08Z","inv":{"label":"targets","t_created":"2026-07-19T01:19:54Z","to":"W-02","op":"restore_edge","from":"B-03"}}
{"v":1,"session":"desktop-5a9h5ko:b9ace3ea3b856f36","cmd":"unlink","ts":"2026-07-27T17:56:22Z","inv":{"label":"targets","t_created":"2026-07-19T01:20:01Z","to":"W-02","op":"restore_edge","from":"B-04"}}
{"v":1,"session":"desktop-5a9h5ko:b9ace3ea3b856f36","cmd":"set","ts":"2026-07-27T17:56:40Z","inv":{"had_session_at_before":false,"old_w_status":"ready","had_session_before":false,"id":"W-02","op":"set_w_status_with_goals","goal_statuses":{"G-01":"unverified"},"old_session_at":"","old_session":""}}
{"v":1,"session":"desktop-5a9h5ko:b9ace3ea3b856f36","cmd":"set","ts":"2026-07-27T17:56:58Z","inv":{"had_session_at_before":false,"old_w_status":"ready","had_session_before":false,"id":"W-02","op":"set_w_status_with_goals","goal_statuses":{"G-01":"unverified"},"old_session_at":"","old_session":""}}
{"v":1,"session":"desktop-5a9h5ko:b9ace3ea3b856f36","cmd":"set","ts":"2026-07-27T18:00:12Z","inv":{"old_status":"proposed","id":"B-01","op":"set_status_plain"}}
{"v":1,"session":"desktop-5a9h5ko:b9ace3ea3b856f36","cmd":"set","ts":"2026-07-27T18:00:31Z","inv":{"old_status":"proposed","id":"B-02","op":"set_status_plain"}}
{"v":1,"session":"desktop-5a9h5ko:b9ace3ea3b856f36","cmd":"set","ts":"2026-07-27T18:00:49Z","inv":{"old_status":"proposed","id":"B-03","op":"set_status_plain"}}
{"v":1,"session":"desktop-5a9h5ko:b9ace3ea3b856f36","cmd":"set","ts":"2026-07-27T18:01:08Z","inv":{"old_status":"proposed","id":"B-04","op":"set_status_plain"}}
{"v":1,"session":"desktop-5a9h5ko:b9ace3ea3b856f36","cmd":"field","ts":"2026-07-27T18:01:52Z","inv":{"id":"W-02","field":"evidence","op":"field_pop_last"}}
{"v":1,"session":"desktop-5a9h5ko:b9ace3ea3b856f36","cmd":"field","ts":"2026-07-27T18:02:08Z","inv":{"id":"W-02","field":"evidence","op":"field_pop_last"}}
{"v":1,"session":"desktop-5a9h5ko:b9ace3ea3b856f36","cmd":"field","ts":"2026-07-27T18:02:24Z","inv":{"id":"W-02","field":"evidence","op":"field_pop_last"}}
{"v":1,"session":"desktop-5a9h5ko:b9ace3ea3b856f36","cmd":"field","ts":"2026-07-27T18:02:40Z","inv":{"id":"W-02","field":"evidence","op":"field_pop_last"}}
{"v":1,"session":"desktop-5a9h5ko:b9ace3ea3b856f36","cmd":"fitness","ts":"2026-07-27T18:02:57Z","inv":{"had_key":true,"wid":"W-02","gid":"G-01","previous":1,"op":"restore_fitness_key"}}
{"v":1,"session":"desktop-5a9h5ko:b9ace3ea3b856f36","cmd":"set","ts":"2026-07-27T18:03:16Z","inv":{"had_session_at_before":true,"old_w_status":"progress","had_session_before":true,"id":"W-02","op":"set_w_status_with_goals","goal_statuses":{"G-01":"unverified"},"old_session_at":"2026-07-27T17:56:58Z","old_session":"desktop-5a9h5ko:b9ace3ea3b856f36"}}
{"v":1,"session":"desktop-5a9h5ko:b9ace3ea3b856f36","cmd":"add","ts":"2026-07-27T18:20:21Z","inv":{"id":"Y-02","op":"rm_node"}}
{"v":1,"session":"desktop-5a9h5ko:b9ace3ea3b856f36","cmd":"field","ts":"2026-07-27T18:20:38Z","inv":{"id":"Y-02","field":"why","op":"field_pop_last"}}
{"v":1,"session":"desktop-5a9h5ko:b9ace3ea3b856f36","cmd":"field","ts":"2026-07-27T18:20:55Z","inv":{"id":"Y-02","field":"invariant","op":"field_pop_last"}}
{"v":1,"session":"desktop-5a9h5ko:b9ace3ea3b856f36","cmd":"field","ts":"2026-07-27T18:21:12Z","inv":{"id":"Y-02","field":"skill_updates","op":"field_pop_last"}}
{"v":1,"session":"desktop-5a9h5ko:b9ace3ea3b856f36","cmd":"set","ts":"2026-07-27T18:21:31Z","inv":{"old_status":"proposed","id":"Y-02","op":"set_status_plain"}}
{"v":1,"session":"desktop-5a9h5ko:b9ace3ea3b856f36","cmd":"archive","ts":"2026-07-27T18:21:48Z","inv":{"ids":["G-01","W-01","W-02"],"id":"G-01","op":"archive"}}
{"v":1,"session":"desktop-5a9h5ko:b9ace3ea3b856f36","cmd":"field","ts":"2026-07-27T18:22:08Z","inv":{"id":"Q-01","field":"outcome","op":"field_pop_last"}}
{"v":1,"session":"desktop-5a9h5ko:b9ace3ea3b856f36","cmd":"set","ts":"2026-07-27T18:22:27Z","inv":{"old_status":"open","id":"Q-01","op":"set_status_plain"}}
{"v":1,"session":"desktop-5a9h5ko:b9ace3ea3b856f36","cmd":"set","ts":"2026-07-27T18:22:48Z","inv":{"had_session_at_before":false,"old_w_status":"proposed","had_session_before":false,"id":"W-06","op":"set_w_status_with_goals","goal_statuses":{"G-02":"unverified"},"old_session_at":"","old_session":""}}
{"v":1,"session":"desktop-5a9h5ko:b9ace3ea3b856f36","cmd":"field","ts":"2026-07-27T18:51:31Z","inv":{"id":"W-12","field":"ac","op":"field_pop_last"}}
{"v":1,"session":"desktop-5a9h5ko:b9ace3ea3b856f36","cmd":"field","ts":"2026-07-27T18:51:48Z","inv":{"id":"W-12","field":"ac","op":"field_pop_last"}}
{"v":1,"session":"desktop-5a9h5ko:b9ace3ea3b856f36","cmd":"field","ts":"2026-07-27T18:52:04Z","inv":{"id":"W-12","field":"ac","op":"field_pop_last"}}
{"v":1,"session":"desktop-5a9h5ko:b9ace3ea3b856f36","cmd":"field","ts":"2026-07-27T18:52:19Z","inv":{"id":"W-12","field":"ac","op":"field_pop_last"}}
{"v":1,"session":"desktop-5a9h5ko:b9ace3ea3b856f36","cmd":"field","ts":"2026-07-27T18:52:33Z","inv":{"id":"W-12","field":"ac","op":"field_pop_last"}}
{"v":1,"session":"desktop-5a9h5ko:b9ace3ea3b856f36","cmd":"field","ts":"2026-07-27T18:52:49Z","inv":{"id":"W-12","field":"hypothesis","op":"field_pop_last"}}
{"v":1,"session":"desktop-5a9h5ko:b9ace3ea3b856f36","cmd":"field","ts":"2026-07-27T18:53:05Z","inv":{"id":"W-12","field":"evidence_strategy","op":"field_pop_last"}}
{"v":1,"session":"desktop-5a9h5ko:b9ace3ea3b856f36","cmd":"field","ts":"2026-07-27T18:53:21Z","inv":{"id":"W-12","field":"why","op":"field_pop_last"}}
{"v":1,"session":"desktop-5a9h5ko:b9ace3ea3b856f36","cmd":"set","ts":"2026-07-27T18:53:38Z","inv":{"had_session_at_before":false,"old_w_status":"proposed","had_session_before":false,"id":"W-12","op":"set_w_status_with_goals","goal_statuses":{"G-05":"unverified"},"old_session_at":"","old_session":""}}
{"v":1,"session":"desktop-5a9h5ko:b9ace3ea3b856f36","cmd":"set","ts":"2026-07-27T18:53:57Z","inv":{"had_session_at_before":false,"old_w_status":"ready","had_session_before":false,"id":"W-12","op":"set_w_status_with_goals","goal_statuses":{"G-05":"unverified"},"old_session_at":"","old_session":""}}
{"v":1,"session":"desktop-5a9h5ko:b9ace3ea3b856f36","cmd":"field","ts":"2026-07-27T20:27:56Z","inv":{"id":"W-12","field":"evidence","op":"field_pop_last"}}
{"v":1,"session":"desktop-5a9h5ko:b9ace3ea3b856f36","cmd":"field","ts":"2026-07-27T20:28:10Z","inv":{"id":"W-12","field":"evidence","op":"field_pop_last"}}
{"v":1,"session":"desktop-5a9h5ko:b9ace3ea3b856f36","cmd":"field","ts":"2026-07-27T20:28:25Z","inv":{"id":"W-12","field":"evidence","op":"field_pop_last"}}
{"v":1,"session":"desktop-5a9h5ko:b9ace3ea3b856f36","cmd":"field","ts":"2026-07-27T20:28:40Z","inv":{"id":"W-12","field":"evidence","op":"field_pop_last"}}
{"v":1,"session":"desktop-5a9h5ko:b9ace3ea3b856f36","cmd":"field","ts":"2026-07-27T20:28:55Z","inv":{"id":"W-12","field":"evidence","op":"field_pop_last"}}
{"v":1,"session":"desktop-5a9h5ko:b9ace3ea3b856f36","cmd":"field","ts":"2026-07-27T20:29:09Z","inv":{"id":"W-12","field":"evidence","op":"field_pop_last"}}
{"v":1,"session":"desktop-5a9h5ko:b9ace3ea3b856f36","cmd":"set","ts":"2026-07-27T20:29:37Z","inv":{"had_session_at_before":true,"old_w_status":"progress","had_session_before":true,"id":"W-12","op":"set_w_status_with_goals","goal_statuses":{"G-05":"unverified"},"old_session_at":"2026-07-27T18:53:57Z","old_session":"desktop-5a9h5ko:b9ace3ea3b856f36"}}
{"v":1,"session":"desktop-5a9h5ko:b9ace3ea3b856f36","cmd":"field","ts":"2026-07-27T22:01:04Z","inv":{"id":"W-13","field":"ac","op":"field_pop_last"}}
{"v":1,"session":"desktop-5a9h5ko:b9ace3ea3b856f36","cmd":"field","ts":"2026-07-27T22:01:15Z","inv":{"id":"W-13","field":"ac","op":"field_pop_last"}}
{"v":1,"session":"desktop-5a9h5ko:b9ace3ea3b856f36","cmd":"field","ts":"2026-07-27T22:01:26Z","inv":{"id":"W-13","field":"ac","op":"field_pop_last"}}
{"v":1,"session":"desktop-5a9h5ko:b9ace3ea3b856f36","cmd":"field","ts":"2026-07-27T22:01:37Z","inv":{"id":"W-13","field":"ac","op":"field_pop_last"}}
{"v":1,"session":"desktop-5a9h5ko:b9ace3ea3b856f36","cmd":"field","ts":"2026-07-27T22:01:48Z","inv":{"id":"W-13","field":"ac","op":"field_pop_last"}}
{"v":1,"session":"desktop-5a9h5ko:b9ace3ea3b856f36","cmd":"field","ts":"2026-07-27T22:01:59Z","inv":{"id":"W-13","field":"ac","op":"field_pop_last"}}
{"v":1,"session":"desktop-5a9h5ko:b9ace3ea3b856f36","cmd":"field","ts":"2026-07-27T22:02:21Z","inv":{"id":"W-13","field":"evidence_strategy","op":"field_pop_last"}}
{"v":1,"session":"desktop-5a9h5ko:b9ace3ea3b856f36","cmd":"field","ts":"2026-07-27T22:02:32Z","inv":{"id":"W-13","field":"evidence_strategy","op":"field_pop_last"}}
{"v":1,"session":"desktop-5a9h5ko:b9ace3ea3b856f36","cmd":"field","ts":"2026-07-27T22:02:47Z","inv":{"id":"W-13","field":"evidence_strategy","op":"field_pop_last"}}
{"v":1,"session":"desktop-5a9h5ko:b9ace3ea3b856f36","cmd":"field","ts":"2026-07-27T22:02:59Z","inv":{"id":"W-13","field":"evidence_strategy","op":"field_pop_last"}}
{"v":1,"session":"desktop-5a9h5ko:b9ace3ea3b856f36","cmd":"field","ts":"2026-07-27T22:03:39Z","inv":{"id":"W-13","field":"hypothesis","op":"field_pop_last"}}
{"v":1,"session":"desktop-5a9h5ko:b9ace3ea3b856f36","cmd":"field","ts":"2026-07-27T22:03:51Z","inv":{"id":"W-13","field":"why","op":"field_pop_last"}}
{"v":1,"session":"desktop-5a9h5ko:b9ace3ea3b856f36","cmd":"set","ts":"2026-07-27T22:04:24Z","inv":{"had_session_at_before":false,"old_w_status":"proposed","had_session_before":false,"id":"W-13","op":"set_w_status_with_goals","goal_statuses":{"G-05":"partial"},"old_session_at":"","old_session":""}}
{"v":1,"session":"desktop-5a9h5ko:b9ace3ea3b856f36","cmd":"field","ts":"2026-07-27T22:41:06Z","inv":{"id":"W-13","field":"evidence","op":"field_pop_last"}}
{"v":1,"session":"desktop-5a9h5ko:b9ace3ea3b856f36","cmd":"set","ts":"2026-07-27T22:41:07Z","inv":{"missing":["AC(w) ≠ ∅","evidence_strategy ≠ ∅","hypothesis ≠ ⊥"],"id":"W-04","op":"dor_reject"}}
{"v":1,"session":"desktop-5a9h5ko:b9ace3ea3b856f36","cmd":"set","ts":"2026-07-27T22:43:39Z","inv":{"missing":["AC(w) ≠ ∅","evidence_strategy ≠ ∅","hypothesis ≠ ⊥"],"id":"W-04","op":"dor_reject"}}
{"v":1,"session":"desktop-5a9h5ko:b9ace3ea3b856f36","cmd":"set","ts":"2026-07-27T22:44:59Z","inv":{"missing":["AC(w) ≠ ∅","evidence_strategy ≠ ∅","hypothesis ≠ ⊥"],"id":"W-04","op":"dor_reject"}}
{"v":1,"session":"desktop-5a9h5ko:b9ace3ea3b856f36","cmd":"field","ts":"2026-07-27T23:04:41Z","inv":{"id":"W-13","field":"evidence","op":"field_pop_last"}}
{"v":1,"session":"desktop-5a9h5ko:b9ace3ea3b856f36","cmd":"field","ts":"2026-07-27T23:04:49Z","inv":{"id":"W-13","field":"evidence","op":"field_pop_last"}}
{"v":1,"session":"desktop-5a9h5ko:b9ace3ea3b856f36","cmd":"field","ts":"2026-07-27T23:04:57Z","inv":{"id":"W-13","field":"evidence","op":"field_pop_last"}}
{"v":1,"session":"desktop-5a9h5ko:b9ace3ea3b856f36","cmd":"field","ts":"2026-07-27T23:05:05Z","inv":{"id":"W-13","field":"evidence","op":"field_pop_last"}}
{"v":1,"session":"desktop-5a9h5ko:b9ace3ea3b856f36","cmd":"field","ts":"2026-07-27T23:05:13Z","inv":{"id":"W-13","field":"evidence","op":"field_pop_last"}}
{"v":1,"session":"desktop-5a9h5ko:b9ace3ea3b856f36","cmd":"field","ts":"2026-07-27T23:05:20Z","inv":{"id":"W-13","field":"evidence","op":"field_pop_last"}}
{"v":1,"session":"desktop-5a9h5ko:b9ace3ea3b856f36","cmd":"set","ts":"2026-07-27T23:05:29Z","inv":{"had_session_at_before":true,"old_w_status":"progress","had_session_before":true,"id":"W-13","op":"set_w_status_with_goals","goal_statuses":{"G-05":"partial"},"old_session_at":"2026-07-27T22:04:24Z","old_session":"desktop-5a9h5ko:b9ace3ea3b856f36"}}
{"v":1,"session":"desktop-5a9h5ko:b9ace3ea3b856f36","cmd":"add","ts":"2026-07-27T23:44:40Z","inv":{"id":"G-06","op":"rm_node"}}
{"v":1,"session":"desktop-5a9h5ko:b9ace3ea3b856f36","cmd":"add","ts":"2026-07-27T23:44:55Z","inv":{"id":"W-16","op":"rm_node"}}
{"v":1,"session":"desktop-5a9h5ko:b9ace3ea3b856f36","cmd":"add","ts":"2026-07-27T23:45:10Z","inv":{"id":"W-17","op":"rm_node"}}
{"v":1,"session":"desktop-5a9h5ko:b9ace3ea3b856f36","cmd":"add","ts":"2026-07-27T23:45:26Z","inv":{"id":"W-18","op":"rm_node"}}
{"v":1,"session":"desktop-5a9h5ko:b9ace3ea3b856f36","cmd":"add","ts":"2026-07-27T23:45:41Z","inv":{"id":"W-19","op":"rm_node"}}
{"v":1,"session":"desktop-5a9h5ko:b9ace3ea3b856f36","cmd":"add","ts":"2026-07-27T23:45:55Z","inv":{"id":"W-20","op":"rm_node"}}
{"v":1,"session":"desktop-5a9h5ko:b9ace3ea3b856f36","cmd":"fitness","ts":"2026-07-27T23:46:23Z","inv":{"had_key":false,"wid":"W-16","gid":"G-06","previous":null,"op":"restore_fitness_key"}}
{"v":1,"session":"desktop-5a9h5ko:b9ace3ea3b856f36","cmd":"fitness","ts":"2026-07-27T23:46:35Z","inv":{"had_key":false,"wid":"W-17","gid":"G-06","previous":null,"op":"restore_fitness_key"}}
{"v":1,"session":"desktop-5a9h5ko:b9ace3ea3b856f36","cmd":"fitness","ts":"2026-07-27T23:46:49Z","inv":{"had_key":false,"wid":"W-18","gid":"G-06","previous":null,"op":"restore_fitness_key"}}
{"v":1,"session":"desktop-5a9h5ko:b9ace3ea3b856f36","cmd":"fitness","ts":"2026-07-27T23:47:02Z","inv":{"had_key":false,"wid":"W-19","gid":"G-06","previous":null,"op":"restore_fitness_key"}}
{"v":1,"session":"desktop-5a9h5ko:b9ace3ea3b856f36","cmd":"fitness","ts":"2026-07-27T23:47:15Z","inv":{"had_key":false,"wid":"W-20","gid":"G-06","previous":null,"op":"restore_fitness_key"}}
{"v":1,"session":"desktop-5a9h5ko:b9ace3ea3b856f36","cmd":"link","ts":"2026-07-27T23:47:28Z","inv":{"label":"blocks","to":"W-17","op":"unlink_edge","from":"W-14"}}
{"v":1,"session":"desktop-5a9h5ko:b9ace3ea3b856f36","cmd":"link","ts":"2026-07-27T23:47:41Z","inv":{"label":"blocks","to":"W-18","op":"unlink_edge","from":"W-17"}}
{"v":1,"session":"desktop-5a9h5ko:b9ace3ea3b856f36","cmd":"link","ts":"2026-07-27T23:47:55Z","inv":{"label":"blocks","to":"W-19","op":"unlink_edge","from":"W-17"}}
{"v":1,"session":"desktop-5a9h5ko:b9ace3ea3b856f36","cmd":"link","ts":"2026-07-27T23:48:09Z","inv":{"label":"blocks","to":"W-20","op":"unlink_edge","from":"W-17"}}
{"v":1,"session":"desktop-5a9h5ko:b9ace3ea3b856f36","cmd":"field","ts":"2026-07-27T23:48:59Z","inv":{"id":"W-14","field":"ac","op":"field_pop_last"}}
{"v":1,"session":"desktop-5a9h5ko:b9ace3ea3b856f36","cmd":"field","ts":"2026-07-27T23:49:11Z","inv":{"id":"W-14","field":"ac","op":"field_pop_last"}}
{"v":1,"session":"desktop-5a9h5ko:b9ace3ea3b856f36","cmd":"field","ts":"2026-07-27T23:49:26Z","inv":{"id":"W-14","field":"ac","op":"field_pop_last"}}
{"v":1,"session":"desktop-5a9h5ko:b9ace3ea3b856f36","cmd":"field","ts":"2026-07-27T23:49:39Z","inv":{"id":"W-14","field":"ac","op":"field_pop_last"}}
{"v":1,"session":"desktop-5a9h5ko:b9ace3ea3b856f36","cmd":"field","ts":"2026-07-27T23:49:52Z","inv":{"id":"W-14","field":"ac","op":"field_pop_last"}}
{"v":1,"session":"desktop-5a9h5ko:b9ace3ea3b856f36","cmd":"field","ts":"2026-07-27T23:50:04Z","inv":{"id":"W-14","field":"ac","op":"field_pop_last"}}
{"v":1,"session":"desktop-5a9h5ko:b9ace3ea3b856f36","cmd":"field","ts":"2026-07-27T23:50:16Z","inv":{"id":"W-14","field":"hypothesis","op":"field_pop_last"}}
{"v":1,"session":"desktop-5a9h5ko:b9ace3ea3b856f36","cmd":"field","ts":"2026-07-27T23:50:31Z","inv":{"id":"W-14","field":"evidence_strategy","op":"field_pop_last"}}
{"v":1,"session":"desktop-5a9h5ko:b9ace3ea3b856f36","cmd":"field","ts":"2026-07-27T23:50:45Z","inv":{"id":"W-14","field":"evidence_strategy","op":"field_pop_last"}}
{"v":1,"session":"desktop-5a9h5ko:b9ace3ea3b856f36","cmd":"field","ts":"2026-07-27T23:50:58Z","inv":{"id":"W-14","field":"evidence_strategy","op":"field_pop_last"}}
{"v":1,"session":"desktop-5a9h5ko:b9ace3ea3b856f36","cmd":"field","ts":"2026-07-27T23:51:11Z","inv":{"id":"W-14","field":"evidence_strategy","op":"field_pop_last"}}
{"v":1,"session":"desktop-5a9h5ko:b9ace3ea3b856f36","cmd":"field","ts":"2026-07-27T23:51:22Z","inv":{"id":"W-14","field":"why","op":"field_pop_last"}}
{"v":1,"session":"desktop-5a9h5ko:b9ace3ea3b856f36","cmd":"set","ts":"2026-07-27T23:52:40Z","inv":{"had_session_at_before":false,"old_w_status":"proposed","had_session_before":false,"id":"W-14","op":"set_w_status_with_goals","goal_statuses":{"G-05":"partial"},"old_session_at":"","old_session":""}}
{"v":1,"session":"desktop-5a9h5ko:b9ace3ea3b856f36","cmd":"field","ts":"2026-07-28T00:34:53Z","inv":{"id":"W-14","field":"evidence","op":"field_pop_last"}}
{"v":1,"session":"desktop-5a9h5ko:b9ace3ea3b856f36","cmd":"field","ts":"2026-07-28T00:35:05Z","inv":{"id":"W-14","field":"evidence","op":"field_pop_last"}}
{"v":1,"session":"desktop-5a9h5ko:b9ace3ea3b856f36","cmd":"field","ts":"2026-07-28T00:35:18Z","inv":{"id":"W-14","field":"evidence","op":"field_pop_last"}}
{"v":1,"session":"desktop-5a9h5ko:b9ace3ea3b856f36","cmd":"field","ts":"2026-07-28T00:35:30Z","inv":{"id":"W-14","field":"evidence","op":"field_pop_last"}}
{"v":1,"session":"desktop-5a9h5ko:b9ace3ea3b856f36","cmd":"field","ts":"2026-07-28T00:35:42Z","inv":{"id":"W-14","field":"evidence","op":"field_pop_last"}}
{"v":1,"session":"desktop-5a9h5ko:b9ace3ea3b856f36","cmd":"field","ts":"2026-07-28T00:35:54Z","inv":{"id":"W-14","field":"evidence","op":"field_pop_last"}}
{"v":1,"session":"desktop-5a9h5ko:b9ace3ea3b856f36","cmd":"field","ts":"2026-07-28T00:36:06Z","inv":{"id":"W-14","field":"evidence","op":"field_pop_last"}}
{"v":1,"session":"desktop-5a9h5ko:b9ace3ea3b856f36","cmd":"set","ts":"2026-07-28T00:36:21Z","inv":{"had_session_at_before":true,"old_w_status":"progress","had_session_before":true,"id":"W-14","op":"set_w_status_with_goals","goal_statuses":{"G-05":"partial"},"old_session_at":"2026-07-27T23:52:40Z","old_session":"desktop-5a9h5ko:b9ace3ea3b856f36"}}
{"v":1,"session":"desktop-5a9h5ko:b9ace3ea3b856f36","cmd":"add","ts":"2026-07-28T01:36:10Z","inv":{"id":"Y-03","op":"rm_node"}}
{"v":1,"session":"desktop-5a9h5ko:b9ace3ea3b856f36","cmd":"field","ts":"2026-07-28T01:38:11Z","inv":{"id":"Y-03","field":"tags","op":"field_pop_last"}}
{"v":1,"session":"desktop-5a9h5ko:b9ace3ea3b856f36","cmd":"field","ts":"2026-07-28T01:39:15Z","inv":{"line":"thin-adapter","id":"Y-03","field":"tags","op":"field_insert_line","index":1}}
{"v":1,"session":"desktop-5a9h5ko:b9ace3ea3b856f36","cmd":"field","ts":"2026-07-28T01:39:28Z","inv":{"id":"Y-03","field":"tags","op":"field_pop_last"}}
{"v":1,"session":"desktop-5a9h5ko:b9ace3ea3b856f36","cmd":"distill","ts":"2026-07-28T01:40:02Z","inv":{"goal":"G-05","op":"distill","empty":true}}
{"v":1,"session":"desktop-5a9h5ko:b9ace3ea3b856f36","cmd":"archive","ts":"2026-07-28T01:40:15Z","inv":{"ids":["G-05","W-12","W-13","W-14","W-15"],"id":"G-05","op":"archive"}}
{"v":1,"session":"desktop-5a9h5ko:b9ace3ea3b856f36","cmd":"field","ts":"2026-07-28T01:57:17Z","inv":{"id":"W-16","field":"ac","op":"field_pop_last"}}
{"v":1,"session":"desktop-5a9h5ko:b9ace3ea3b856f36","cmd":"field","ts":"2026-07-28T01:57:25Z","inv":{"id":"W-16","field":"ac","op":"field_pop_last"}}
{"v":1,"session":"desktop-5a9h5ko:b9ace3ea3b856f36","cmd":"field","ts":"2026-07-28T01:57:32Z","inv":{"id":"W-16","field":"ac","op":"field_pop_last"}}
{"v":1,"session":"desktop-5a9h5ko:b9ace3ea3b856f36","cmd":"field","ts":"2026-07-28T01:57:40Z","inv":{"id":"W-16","field":"ac","op":"field_pop_last"}}
{"v":1,"session":"desktop-5a9h5ko:b9ace3ea3b856f36","cmd":"field","ts":"2026-07-28T01:57:47Z","inv":{"id":"W-16","field":"ac","op":"field_pop_last"}}
{"v":1,"session":"desktop-5a9h5ko:b9ace3ea3b856f36","cmd":"field","ts":"2026-07-28T01:57:55Z","inv":{"id":"W-16","field":"repro","op":"field_pop_last"}}
{"v":1,"session":"desktop-5a9h5ko:b9ace3ea3b856f36","cmd":"field","ts":"2026-07-28T01:58:02Z","inv":{"id":"W-16","field":"repro","op":"field_pop_last"}}
{"v":1,"session":"desktop-5a9h5ko:b9ace3ea3b856f36","cmd":"field","ts":"2026-07-28T01:58:10Z","inv":{"id":"W-16","field":"repro","op":"field_pop_last"}}
{"v":1,"session":"desktop-5a9h5ko:b9ace3ea3b856f36","cmd":"field","ts":"2026-07-28T01:58:18Z","inv":{"id":"W-16","field":"repro","op":"field_pop_last"}}
{"v":1,"session":"desktop-5a9h5ko:b9ace3ea3b856f36","cmd":"field","ts":"2026-07-28T01:58:26Z","inv":{"id":"W-16","field":"hypothesis","op":"field_pop_last"}}
{"v":1,"session":"desktop-5a9h5ko:b9ace3ea3b856f36","cmd":"field","ts":"2026-07-28T01:58:33Z","inv":{"id":"W-16","field":"evidence_strategy","op":"field_pop_last"}}
{"v":1,"session":"desktop-5a9h5ko:b9ace3ea3b856f36","cmd":"field","ts":"2026-07-28T01:58:41Z","inv":{"id":"W-16","field":"evidence_strategy","op":"field_pop_last"}}
{"v":1,"session":"desktop-5a9h5ko:b9ace3ea3b856f36","cmd":"field","ts":"2026-07-28T01:58:49Z","inv":{"id":"W-16","field":"evidence_strategy","op":"field_pop_last"}}
{"v":1,"session":"desktop-5a9h5ko:b9ace3ea3b856f36","cmd":"field","ts":"2026-07-28T01:58:56Z","inv":{"id":"W-16","field":"evidence_strategy","op":"field_pop_last"}}
{"v":1,"session":"desktop-5a9h5ko:b9ace3ea3b856f36","cmd":"field","ts":"2026-07-28T01:59:04Z","inv":{"id":"W-16","field":"why","op":"field_pop_last"}}
{"v":1,"session":"desktop-5a9h5ko:b9ace3ea3b856f36","cmd":"set","ts":"2026-07-28T01:59:28Z","inv":{"had_session_at_before":false,"old_w_status":"proposed","had_session_before":false,"id":"W-16","op":"set_w_status_with_goals","goal_statuses":{"G-06":"unverified"},"old_session_at":"","old_session":""}}
{"v":1,"session":"desktop-5a9h5ko:b9ace3ea3b856f36","cmd":"field","ts":"2026-07-28T02:35:30Z","inv":{"id":"W-16","field":"evidence","op":"field_pop_last"}}
{"v":1,"session":"desktop-5a9h5ko:b9ace3ea3b856f36","cmd":"field","ts":"2026-07-28T02:35:37Z","inv":{"id":"W-16","field":"evidence","op":"field_pop_last"}}
{"v":1,"session":"desktop-5a9h5ko:b9ace3ea3b856f36","cmd":"field","ts":"2026-07-28T02:35:44Z","inv":{"id":"W-16","field":"evidence","op":"field_pop_last"}}
{"v":1,"session":"desktop-5a9h5ko:b9ace3ea3b856f36","cmd":"field","ts":"2026-07-28T02:35:52Z","inv":{"id":"W-16","field":"evidence","op":"field_pop_last"}}
{"v":1,"session":"desktop-5a9h5ko:b9ace3ea3b856f36","cmd":"field","ts":"2026-07-28T02:35:59Z","inv":{"id":"W-16","field":"evidence","op":"field_pop_last"}}
{"v":1,"session":"desktop-5a9h5ko:b9ace3ea3b856f36","cmd":"field","ts":"2026-07-28T02:36:06Z","inv":{"id":"W-16","field":"evidence","op":"field_pop_last"}}
{"v":1,"session":"desktop-5a9h5ko:b9ace3ea3b856f36","cmd":"set","ts":"2026-07-28T02:36:15Z","inv":{"had_session_at_before":true,"old_w_status":"progress","had_session_before":true,"id":"W-16","op":"set_w_status_with_goals","goal_statuses":{"G-06":"unverified"},"old_session_at":"2026-07-28T01:59:28Z","old_session":"desktop-5a9h5ko:b9ace3ea3b856f36"}}
{"v":1,"session":"desktop-5a9h5ko:b9ace3ea3b856f36","cmd":"field","ts":"2026-07-28T02:37:43Z","inv":{"id":"W-17","field":"ac","op":"field_pop_last"}}
{"v":1,"session":"desktop-5a9h5ko:b9ace3ea3b856f36","cmd":"field","ts":"2026-07-28T02:37:51Z","inv":{"id":"W-17","field":"ac","op":"field_pop_last"}}
{"v":1,"session":"desktop-5a9h5ko:b9ace3ea3b856f36","cmd":"field","ts":"2026-07-28T02:37:59Z","inv":{"id":"W-17","field":"ac","op":"field_pop_last"}}
{"v":1,"session":"desktop-5a9h5ko:b9ace3ea3b856f36","cmd":"field","ts":"2026-07-28T02:38:06Z","inv":{"id":"W-17","field":"ac","op":"field_pop_last"}}
{"v":1,"session":"desktop-5a9h5ko:b9ace3ea3b856f36","cmd":"field","ts":"2026-07-28T02:38:13Z","inv":{"id":"W-17","field":"ac","op":"field_pop_last"}}
{"v":1,"session":"desktop-5a9h5ko:b9ace3ea3b856f36","cmd":"field","ts":"2026-07-28T02:38:20Z","inv":{"id":"W-17","field":"evidence_strategy","op":"field_pop_last"}}
{"v":1,"session":"desktop-5a9h5ko:b9ace3ea3b856f36","cmd":"field","ts":"2026-07-28T02:38:28Z","inv":{"id":"W-17","field":"evidence_strategy","op":"field_pop_last"}}
{"v":1,"session":"desktop-5a9h5ko:b9ace3ea3b856f36","cmd":"field","ts":"2026-07-28T02:38:35Z","inv":{"id":"W-17","field":"evidence_strategy","op":"field_pop_last"}}
{"v":1,"session":"desktop-5a9h5ko:b9ace3ea3b856f36","cmd":"field","ts":"2026-07-28T02:38:42Z","inv":{"id":"W-17","field":"evidence_strategy","op":"field_pop_last"}}
{"v":1,"session":"desktop-5a9h5ko:b9ace3ea3b856f36","cmd":"field","ts":"2026-07-28T02:38:50Z","inv":{"id":"W-17","field":"why","op":"field_pop_last"}}
{"v":1,"session":"desktop-5a9h5ko:b9ace3ea3b856f36","cmd":"add","ts":"2026-07-28T02:40:22Z","inv":{"id":"T-02","op":"rm_node"}}
{"v":1,"session":"desktop-5a9h5ko:b9ace3ea3b856f36","cmd":"link","ts":"2026-07-28T02:40:29Z","inv":{"label":"causes","to":"W-17","op":"unlink_edge","from":"T-02"}}
{"v":1,"session":"desktop-5a9h5ko:b9ace3ea3b856f36","cmd":"set","ts":"2026-07-28T02:40:56Z","inv":{"had_session_at_before":false,"old_w_status":"proposed","had_session_before":false,"id":"W-17","op":"set_w_status_with_goals","goal_statuses":{"G-06":"partial"},"old_session_at":"","old_session":""}}
{"v":1,"session":"desktop-5a9h5ko:b9ace3ea3b856f36","cmd":"set","ts":"2026-07-28T03:17:23Z","inv":{"old_status":"proposed","id":"Y-03","op":"set_status_plain"}}
{"v":1,"session":"desktop-5a9h5ko:b9ace3ea3b856f36","cmd":"field","ts":"2026-07-28T03:18:24Z","inv":{"id":"W-17","field":"evidence","op":"field_pop_last"}}
{"v":1,"session":"desktop-5a9h5ko:b9ace3ea3b856f36","cmd":"field","ts":"2026-07-28T03:18:31Z","inv":{"id":"W-17","field":"evidence","op":"field_pop_last"}}
{"v":1,"session":"desktop-5a9h5ko:b9ace3ea3b856f36","cmd":"field","ts":"2026-07-28T03:18:38Z","inv":{"id":"W-17","field":"evidence","op":"field_pop_last"}}
{"v":1,"session":"desktop-5a9h5ko:b9ace3ea3b856f36","cmd":"field","ts":"2026-07-28T03:18:46Z","inv":{"id":"W-17","field":"evidence","op":"field_pop_last"}}
{"v":1,"session":"desktop-5a9h5ko:b9ace3ea3b856f36","cmd":"field","ts":"2026-07-28T03:18:53Z","inv":{"id":"W-17","field":"evidence","op":"field_pop_last"}}
{"v":1,"session":"desktop-5a9h5ko:b9ace3ea3b856f36","cmd":"set","ts":"2026-07-28T03:19:01Z","inv":{"had_session_at_before":true,"old_w_status":"progress","had_session_before":true,"id":"W-17","op":"set_w_status_with_goals","goal_statuses":{"G-06":"partial"},"old_session_at":"2026-07-28T02:40:56Z","old_session":"desktop-5a9h5ko:b9ace3ea3b856f36"}}
{"v":1,"session":"desktop-5a9h5ko:b9ace3ea3b856f36","cmd":"field","ts":"2026-07-28T03:20:23Z","inv":{"id":"W-18","field":"ac","op":"field_pop_last"}}
{"v":1,"session":"desktop-5a9h5ko:b9ace3ea3b856f36","cmd":"field","ts":"2026-07-28T03:20:31Z","inv":{"id":"W-18","field":"ac","op":"field_pop_last"}}
{"v":1,"session":"desktop-5a9h5ko:b9ace3ea3b856f36","cmd":"field","ts":"2026-07-28T03:20:39Z","inv":{"id":"W-18","field":"ac","op":"field_pop_last"}}
{"v":1,"session":"desktop-5a9h5ko:b9ace3ea3b856f36","cmd":"field","ts":"2026-07-28T03:20:46Z","inv":{"id":"W-18","field":"ac","op":"field_pop_last"}}
{"v":1,"session":"desktop-5a9h5ko:b9ace3ea3b856f36","cmd":"field","ts":"2026-07-28T03:20:54Z","inv":{"id":"W-18","field":"ac","op":"field_pop_last"}}
{"v":1,"session":"desktop-5a9h5ko:b9ace3ea3b856f36","cmd":"field","ts":"2026-07-28T03:21:01Z","inv":{"id":"W-18","field":"ac","op":"field_pop_last"}}
{"v":1,"session":"desktop-5a9h5ko:b9ace3ea3b856f36","cmd":"field","ts":"2026-07-28T03:21:09Z","inv":{"id":"W-18","field":"hypothesis","op":"field_pop_last"}}
{"v":1,"session":"desktop-5a9h5ko:b9ace3ea3b856f36","cmd":"field","ts":"2026-07-28T03:21:16Z","inv":{"id":"W-18","field":"evidence_strategy","op":"field_pop_last"}}
{"v":1,"session":"desktop-5a9h5ko:b9ace3ea3b856f36","cmd":"field","ts":"2026-07-28T03:21:23Z","inv":{"id":"W-18","field":"evidence_strategy","op":"field_pop_last"}}
{"v":1,"session":"desktop-5a9h5ko:b9ace3ea3b856f36","cmd":"field","ts":"2026-07-28T03:21:30Z","inv":{"id":"W-18","field":"evidence_strategy","op":"field_pop_last"}}
{"v":1,"session":"desktop-5a9h5ko:b9ace3ea3b856f36","cmd":"field","ts":"2026-07-28T03:21:38Z","inv":{"id":"W-18","field":"evidence_strategy","op":"field_pop_last"}}
{"v":1,"session":"desktop-5a9h5ko:b9ace3ea3b856f36","cmd":"field","ts":"2026-07-28T03:21:45Z","inv":{"id":"W-18","field":"why","op":"field_pop_last"}}
{"v":1,"session":"desktop-5a9h5ko:b9ace3ea3b856f36","cmd":"set","ts":"2026-07-28T03:22:16Z","inv":{"had_session_at_before":false,"old_w_status":"proposed","had_session_before":false,"id":"W-18","op":"set_w_status_with_goals","goal_statuses":{"G-06":"partial"},"old_session_at":"","old_session":""}}
{"v":1,"session":"desktop-5a9h5ko:b9ace3ea3b856f36","cmd":"field","ts":"2026-07-28T04:11:33Z","inv":{"id":"W-18","field":"evidence","op":"field_pop_last"}}
{"v":1,"session":"desktop-5a9h5ko:b9ace3ea3b856f36","cmd":"field","ts":"2026-07-28T04:11:40Z","inv":{"id":"W-18","field":"evidence","op":"field_pop_last"}}
{"v":1,"session":"desktop-5a9h5ko:b9ace3ea3b856f36","cmd":"field","ts":"2026-07-28T04:11:48Z","inv":{"id":"W-18","field":"evidence","op":"field_pop_last"}}
{"v":1,"session":"desktop-5a9h5ko:b9ace3ea3b856f36","cmd":"field","ts":"2026-07-28T04:11:56Z","inv":{"id":"W-18","field":"evidence","op":"field_pop_last"}}
{"v":1,"session":"desktop-5a9h5ko:b9ace3ea3b856f36","cmd":"field","ts":"2026-07-28T04:12:04Z","inv":{"id":"W-18","field":"evidence","op":"field_pop_last"}}
{"v":1,"session":"desktop-5a9h5ko:b9ace3ea3b856f36","cmd":"field","ts":"2026-07-28T04:12:11Z","inv":{"id":"W-18","field":"evidence","op":"field_pop_last"}}
{"v":1,"session":"desktop-5a9h5ko:b9ace3ea3b856f36","cmd":"set","ts":"2026-07-28T04:12:20Z","inv":{"had_session_at_before":true,"old_w_status":"progress","had_session_before":true,"id":"W-18","op":"set_w_status_with_goals","goal_statuses":{"G-06":"partial"},"old_session_at":"2026-07-28T03:22:16Z","old_session":"desktop-5a9h5ko:b9ace3ea3b856f36"}}
{"v":1,"session":"desktop-5a9h5ko:b9ace3ea3b856f36","cmd":"field","ts":"2026-07-28T04:13:13Z","inv":{"id":"W-19","field":"ac","op":"field_pop_last"}}
{"v":1,"session":"desktop-5a9h5ko:b9ace3ea3b856f36","cmd":"field","ts":"2026-07-28T04:13:21Z","inv":{"id":"W-19","field":"ac","op":"field_pop_last"}}
{"v":1,"session":"desktop-5a9h5ko:b9ace3ea3b856f36","cmd":"field","ts":"2026-07-28T04:13:29Z","inv":{"id":"W-19","field":"ac","op":"field_pop_last"}}
{"v":1,"session":"desktop-5a9h5ko:b9ace3ea3b856f36","cmd":"field","ts":"2026-07-28T04:13:36Z","inv":{"id":"W-19","field":"ac","op":"field_pop_last"}}
{"v":1,"session":"desktop-5a9h5ko:b9ace3ea3b856f36","cmd":"field","ts":"2026-07-28T04:13:44Z","inv":{"id":"W-19","field":"ac","op":"field_pop_last"}}
{"v":1,"session":"desktop-5a9h5ko:b9ace3ea3b856f36","cmd":"field","ts":"2026-07-28T04:13:52Z","inv":{"id":"W-19","field":"ac","op":"field_pop_last"}}
{"v":1,"session":"desktop-5a9h5ko:b9ace3ea3b856f36","cmd":"field","ts":"2026-07-28T04:14:00Z","inv":{"id":"W-19","field":"hypothesis","op":"field_pop_last"}}
{"v":1,"session":"desktop-5a9h5ko:b9ace3ea3b856f36","cmd":"field","ts":"2026-07-28T04:14:07Z","inv":{"id":"W-19","field":"evidence_strategy","op":"field_pop_last"}}
{"v":1,"session":"desktop-5a9h5ko:b9ace3ea3b856f36","cmd":"field","ts":"2026-07-28T04:14:15Z","inv":{"id":"W-19","field":"evidence_strategy","op":"field_pop_last"}}
{"v":1,"session":"desktop-5a9h5ko:b9ace3ea3b856f36","cmd":"field","ts":"2026-07-28T04:14:23Z","inv":{"id":"W-19","field":"evidence_strategy","op":"field_pop_last"}}
{"v":1,"session":"desktop-5a9h5ko:b9ace3ea3b856f36","cmd":"field","ts":"2026-07-28T04:14:31Z","inv":{"id":"W-19","field":"evidence_strategy","op":"field_pop_last"}}
{"v":1,"session":"desktop-5a9h5ko:b9ace3ea3b856f36","cmd":"field","ts":"2026-07-28T04:14:39Z","inv":{"id":"W-19","field":"why","op":"field_pop_last"}}
{"v":1,"session":"desktop-5a9h5ko:b9ace3ea3b856f36","cmd":"set","ts":"2026-07-28T04:14:52Z","inv":{"had_session_at_before":false,"old_w_status":"proposed","had_session_before":false,"id":"W-19","op":"set_w_status_with_goals","goal_statuses":{"G-06":"partial"},"old_session_at":"","old_session":""}}
{"v":1,"session":"desktop-5a9h5ko:b9ace3ea3b856f36","cmd":"field","ts":"2026-07-28T04:50:13Z","inv":{"id":"W-19","field":"evidence","op":"field_pop_last"}}
{"v":1,"session":"desktop-5a9h5ko:b9ace3ea3b856f36","cmd":"field","ts":"2026-07-28T04:50:21Z","inv":{"id":"W-19","field":"evidence","op":"field_pop_last"}}
{"v":1,"session":"desktop-5a9h5ko:b9ace3ea3b856f36","cmd":"field","ts":"2026-07-28T04:50:29Z","inv":{"id":"W-19","field":"evidence","op":"field_pop_last"}}
{"v":1,"session":"desktop-5a9h5ko:b9ace3ea3b856f36","cmd":"field","ts":"2026-07-28T04:50:37Z","inv":{"id":"W-19","field":"evidence","op":"field_pop_last"}}
{"v":1,"session":"desktop-5a9h5ko:b9ace3ea3b856f36","cmd":"field","ts":"2026-07-28T04:50:44Z","inv":{"id":"W-19","field":"evidence","op":"field_pop_last"}}
{"v":1,"session":"desktop-5a9h5ko:b9ace3ea3b856f36","cmd":"field","ts":"2026-07-28T04:50:52Z","inv":{"id":"W-19","field":"evidence","op":"field_pop_last"}}
{"v":1,"session":"desktop-5a9h5ko:b9ace3ea3b856f36","cmd":"set","ts":"2026-07-28T04:51:01Z","inv":{"had_session_at_before":true,"old_w_status":"progress","had_session_before":true,"id":"W-19","op":"set_w_status_with_goals","goal_statuses":{"G-06":"partial"},"old_session_at":"2026-07-28T04:14:52Z","old_session":"desktop-5a9h5ko:b9ace3ea3b856f36"}}
{"v":1,"session":"desktop-5a9h5ko:b9ace3ea3b856f36","cmd":"field","ts":"2026-07-28T04:51:52Z","inv":{"id":"W-20","field":"ac","op":"field_pop_last"}}
{"v":1,"session":"desktop-5a9h5ko:b9ace3ea3b856f36","cmd":"field","ts":"2026-07-28T04:52:00Z","inv":{"id":"W-20","field":"ac","op":"field_pop_last"}}
{"v":1,"session":"desktop-5a9h5ko:b9ace3ea3b856f36","cmd":"field","ts":"2026-07-28T04:52:08Z","inv":{"id":"W-20","field":"ac","op":"field_pop_last"}}
{"v":1,"session":"desktop-5a9h5ko:b9ace3ea3b856f36","cmd":"field","ts":"2026-07-28T04:52:15Z","inv":{"id":"W-20","field":"ac","op":"field_pop_last"}}
{"v":1,"session":"desktop-5a9h5ko:b9ace3ea3b856f36","cmd":"field","ts":"2026-07-28T04:52:23Z","inv":{"id":"W-20","field":"ac","op":"field_pop_last"}}
{"v":1,"session":"desktop-5a9h5ko:b9ace3ea3b856f36","cmd":"field","ts":"2026-07-28T04:52:31Z","inv":{"id":"W-20","field":"ac","op":"field_pop_last"}}
{"v":1,"session":"desktop-5a9h5ko:b9ace3ea3b856f36","cmd":"field","ts":"2026-07-28T04:52:38Z","inv":{"id":"W-20","field":"hypothesis","op":"field_pop_last"}}
{"v":1,"session":"desktop-5a9h5ko:b9ace3ea3b856f36","cmd":"field","ts":"2026-07-28T04:52:46Z","inv":{"id":"W-20","field":"evidence_strategy","op":"field_pop_last"}}
{"v":1,"session":"desktop-5a9h5ko:b9ace3ea3b856f36","cmd":"field","ts":"2026-07-28T04:52:54Z","inv":{"id":"W-20","field":"evidence_strategy","op":"field_pop_last"}}
{"v":1,"session":"desktop-5a9h5ko:b9ace3ea3b856f36","cmd":"field","ts":"2026-07-28T04:53:02Z","inv":{"id":"W-20","field":"evidence_strategy","op":"field_pop_last"}}
{"v":1,"session":"desktop-5a9h5ko:b9ace3ea3b856f36","cmd":"field","ts":"2026-07-28T04:53:09Z","inv":{"id":"W-20","field":"evidence_strategy","op":"field_pop_last"}}
{"v":1,"session":"desktop-5a9h5ko:b9ace3ea3b856f36","cmd":"field","ts":"2026-07-28T04:53:17Z","inv":{"id":"W-20","field":"why","op":"field_pop_last"}}
{"v":1,"session":"desktop-5a9h5ko:b9ace3ea3b856f36","cmd":"set","ts":"2026-07-28T04:53:30Z","inv":{"had_session_at_before":false,"old_w_status":"proposed","had_session_before":false,"id":"W-20","op":"set_w_status_with_goals","goal_statuses":{"G-06":"partial"},"old_session_at":"","old_session":""}}
{"v":1,"session":"desktop-5a9h5ko:b9ace3ea3b856f36","cmd":"field","ts":"2026-07-28T05:21:58Z","inv":{"id":"W-20","field":"evidence","op":"field_pop_last"}}
{"v":1,"session":"desktop-5a9h5ko:b9ace3ea3b856f36","cmd":"field","ts":"2026-07-28T05:22:05Z","inv":{"id":"W-20","field":"evidence","op":"field_pop_last"}}
{"v":1,"session":"desktop-5a9h5ko:b9ace3ea3b856f36","cmd":"field","ts":"2026-07-28T05:22:13Z","inv":{"id":"W-20","field":"evidence","op":"field_pop_last"}}
{"v":1,"session":"desktop-5a9h5ko:b9ace3ea3b856f36","cmd":"field","ts":"2026-07-28T05:22:21Z","inv":{"id":"W-20","field":"evidence","op":"field_pop_last"}}
{"v":1,"session":"desktop-5a9h5ko:b9ace3ea3b856f36","cmd":"field","ts":"2026-07-28T05:22:29Z","inv":{"id":"W-20","field":"evidence","op":"field_pop_last"}}
{"v":1,"session":"desktop-5a9h5ko:b9ace3ea3b856f36","cmd":"field","ts":"2026-07-28T05:22:36Z","inv":{"id":"W-20","field":"evidence","op":"field_pop_last"}}
{"v":1,"session":"desktop-5a9h5ko:b9ace3ea3b856f36","cmd":"set","ts":"2026-07-28T05:22:45Z","inv":{"had_session_at_before":true,"old_w_status":"progress","had_session_before":true,"id":"W-20","op":"set_w_status_with_goals","goal_statuses":{"G-06":"partial"},"old_session_at":"2026-07-28T04:53:30Z","old_session":"desktop-5a9h5ko:b9ace3ea3b856f36"}}
{"v":1,"session":"desktop-5a9h5ko:b9ace3ea3b856f36","cmd":"add","ts":"2026-07-28T15:57:41Z","inv":{"id":"G-07","op":"rm_node"}}
{"v":1,"session":"desktop-5a9h5ko:b9ace3ea3b856f36","cmd":"add","ts":"2026-07-28T15:57:54Z","inv":{"id":"W-21","op":"rm_node"}}
{"v":1,"session":"desktop-5a9h5ko:b9ace3ea3b856f36","cmd":"add","ts":"2026-07-28T15:58:08Z","inv":{"id":"W-22","op":"rm_node"}}
{"v":1,"session":"desktop-5a9h5ko:b9ace3ea3b856f36","cmd":"add","ts":"2026-07-28T15:58:21Z","inv":{"id":"W-23","op":"rm_node"}}
{"v":1,"session":"desktop-5a9h5ko:b9ace3ea3b856f36","cmd":"fitness","ts":"2026-07-28T15:58:35Z","inv":{"had_key":false,"wid":"W-21","gid":"G-07","previous":null,"op":"restore_fitness_key"}}
{"v":1,"session":"desktop-5a9h5ko:b9ace3ea3b856f36","cmd":"fitness","ts":"2026-07-28T15:58:48Z","inv":{"had_key":false,"wid":"W-22","gid":"G-07","previous":null,"op":"restore_fitness_key"}}
{"v":1,"session":"desktop-5a9h5ko:b9ace3ea3b856f36","cmd":"fitness","ts":"2026-07-28T15:59:00Z","inv":{"had_key":false,"wid":"W-23","gid":"G-07","previous":null,"op":"restore_fitness_key"}}
{"v":1,"session":"desktop-5a9h5ko:b9ace3ea3b856f36","cmd":"field","ts":"2026-07-28T15:59:57Z","inv":{"id":"W-21","field":"ac","op":"field_pop_last"}}
{"v":1,"session":"desktop-5a9h5ko:b9ace3ea3b856f36","cmd":"field","ts":"2026-07-28T16:00:10Z","inv":{"id":"W-21","field":"ac","op":"field_pop_last"}}
{"v":1,"session":"desktop-5a9h5ko:b9ace3ea3b856f36","cmd":"field","ts":"2026-07-28T16:00:22Z","inv":{"id":"W-21","field":"ac","op":"field_pop_last"}}
{"v":1,"session":"desktop-5a9h5ko:b9ace3ea3b856f36","cmd":"field","ts":"2026-07-28T16:00:35Z","inv":{"id":"W-21","field":"ac","op":"field_pop_last"}}
{"v":1,"session":"desktop-5a9h5ko:b9ace3ea3b856f36","cmd":"field","ts":"2026-07-28T16:00:48Z","inv":{"id":"W-21","field":"ac","op":"field_pop_last"}}
{"v":1,"session":"desktop-5a9h5ko:b9ace3ea3b856f36","cmd":"field","ts":"2026-07-28T16:01:01Z","inv":{"id":"W-21","field":"hypothesis","op":"field_pop_last"}}
{"v":1,"session":"desktop-5a9h5ko:b9ace3ea3b856f36","cmd":"field","ts":"2026-07-28T16:01:12Z","inv":{"id":"W-21","field":"evidence_strategy","op":"field_pop_last"}}
{"v":1,"session":"desktop-5a9h5ko:b9ace3ea3b856f36","cmd":"field","ts":"2026-07-28T16:01:24Z","inv":{"id":"W-21","field":"evidence_strategy","op":"field_pop_last"}}
{"v":1,"session":"desktop-5a9h5ko:b9ace3ea3b856f36","cmd":"field","ts":"2026-07-28T16:01:36Z","inv":{"id":"W-21","field":"evidence_strategy","op":"field_pop_last"}}
{"v":1,"session":"desktop-5a9h5ko:b9ace3ea3b856f36","cmd":"field","ts":"2026-07-28T16:01:48Z","inv":{"id":"W-21","field":"evidence_strategy","op":"field_pop_last"}}
{"v":1,"session":"desktop-5a9h5ko:b9ace3ea3b856f36","cmd":"field","ts":"2026-07-28T16:02:01Z","inv":{"id":"W-21","field":"why","op":"field_pop_last"}}
{"v":1,"session":"desktop-5a9h5ko:b9ace3ea3b856f36","cmd":"set","ts":"2026-07-28T16:02:21Z","inv":{"had_session_at_before":false,"old_w_status":"proposed","had_session_before":false,"id":"W-21","op":"set_w_status_with_goals","goal_statuses":{"G-07":"unverified"},"old_session_at":"","old_session":""}}
{"v":1,"session":"desktop-5a9h5ko:b9ace3ea3b856f36","cmd":"field","ts":"2026-07-28T16:25:32Z","inv":{"id":"W-21","field":"evidence","op":"field_pop_last"}}
{"v":1,"session":"desktop-5a9h5ko:b9ace3ea3b856f36","cmd":"field","ts":"2026-07-28T16:25:43Z","inv":{"id":"W-21","field":"evidence","op":"field_pop_last"}}
{"v":1,"session":"desktop-5a9h5ko:b9ace3ea3b856f36","cmd":"field","ts":"2026-07-28T16:25:55Z","inv":{"id":"W-21","field":"evidence","op":"field_pop_last"}}
{"v":1,"session":"desktop-5a9h5ko:b9ace3ea3b856f36","cmd":"field","ts":"2026-07-28T16:26:07Z","inv":{"id":"W-21","field":"evidence","op":"field_pop_last"}}
{"v":1,"session":"desktop-5a9h5ko:b9ace3ea3b856f36","cmd":"field","ts":"2026-07-28T16:26:19Z","inv":{"id":"W-21","field":"evidence","op":"field_pop_last"}}
{"v":1,"session":"desktop-5a9h5ko:b9ace3ea3b856f36","cmd":"set","ts":"2026-07-28T16:26:32Z","inv":{"had_session_at_before":true,"old_w_status":"progress","had_session_before":true,"id":"W-21","op":"set_w_status_with_goals","goal_statuses":{"G-07":"unverified"},"old_session_at":"2026-07-28T16:02:21Z","old_session":"desktop-5a9h5ko:b9ace3ea3b856f36"}}
{"v":1,"session":"desktop-5a9h5ko:b9ace3ea3b856f36","cmd":"field","ts":"2026-07-28T16:29:27Z","inv":{"id":"W-22","field":"ac","op":"field_pop_last"}}
{"v":1,"session":"desktop-5a9h5ko:b9ace3ea3b856f36","cmd":"field","ts":"2026-07-28T16:29:39Z","inv":{"id":"W-22","field":"ac","op":"field_pop_last"}}
{"v":1,"session":"desktop-5a9h5ko:b9ace3ea3b856f36","cmd":"field","ts":"2026-07-28T16:29:50Z","inv":{"id":"W-22","field":"ac","op":"field_pop_last"}}
{"v":1,"session":"desktop-5a9h5ko:b9ace3ea3b856f36","cmd":"field","ts":"2026-07-28T16:30:02Z","inv":{"id":"W-22","field":"ac","op":"field_pop_last"}}
{"v":1,"session":"desktop-5a9h5ko:b9ace3ea3b856f36","cmd":"field","ts":"2026-07-28T16:30:14Z","inv":{"id":"W-22","field":"ac","op":"field_pop_last"}}
{"v":1,"session":"desktop-5a9h5ko:b9ace3ea3b856f36","cmd":"field","ts":"2026-07-28T16:30:25Z","inv":{"id":"W-22","field":"ac","op":"field_pop_last"}}
{"v":1,"session":"desktop-5a9h5ko:b9ace3ea3b856f36","cmd":"field","ts":"2026-07-28T16:30:37Z","inv":{"id":"W-22","field":"ac","op":"field_pop_last"}}
{"v":1,"session":"desktop-5a9h5ko:b9ace3ea3b856f36","cmd":"field","ts":"2026-07-28T16:30:48Z","inv":{"id":"W-22","field":"ac","op":"field_pop_last"}}
{"v":1,"session":"desktop-5a9h5ko:b9ace3ea3b856f36","cmd":"field","ts":"2026-07-28T16:31:00Z","inv":{"id":"W-22","field":"ac","op":"field_pop_last"}}
{"v":1,"session":"desktop-5a9h5ko:b9ace3ea3b856f36","cmd":"field","ts":"2026-07-28T16:31:23Z","inv":{"id":"W-22","field":"evidence_strategy","op":"field_pop_last"}}
{"v":1,"session":"desktop-5a9h5ko:b9ace3ea3b856f36","cmd":"field","ts":"2026-07-28T16:31:34Z","inv":{"id":"W-22","field":"evidence_strategy","op":"field_pop_last"}}
{"v":1,"session":"desktop-5a9h5ko:b9ace3ea3b856f36","cmd":"field","ts":"2026-07-28T16:31:46Z","inv":{"id":"W-22","field":"evidence_strategy","op":"field_pop_last"}}
{"v":1,"session":"desktop-5a9h5ko:b9ace3ea3b856f36","cmd":"field","ts":"2026-07-28T16:31:58Z","inv":{"id":"W-22","field":"evidence_strategy","op":"field_pop_last"}}
{"v":1,"session":"desktop-5a9h5ko:b9ace3ea3b856f36","cmd":"set","ts":"2026-07-28T16:32:28Z","inv":{"missing":["hypothesis ≠ ⊥"],"id":"W-22","op":"dor_reject"}}
{"v":1,"session":"desktop-5a9h5ko:b9ace3ea3b856f36","cmd":"field","ts":"2026-07-28T16:32:55Z","inv":{"id":"W-22","field":"hypothesis","op":"field_pop_last"}}
{"v":1,"session":"desktop-5a9h5ko:b9ace3ea3b856f36","cmd":"field","ts":"2026-07-28T16:33:07Z","inv":{"id":"W-22","field":"why","op":"field_pop_last"}}
{"v":1,"session":"desktop-5a9h5ko:b9ace3ea3b856f36","cmd":"set","ts":"2026-07-28T16:33:27Z","inv":{"had_session_at_before":false,"old_w_status":"proposed","had_session_before":false,"id":"W-22","op":"set_w_status_with_goals","goal_statuses":{"G-07":"partial"},"old_session_at":"","old_session":""}}
{"v":1,"session":"desktop-5a9h5ko:b9ace3ea3b856f36","cmd":"field","ts":"2026-07-28T17:14:53Z","inv":{"id":"W-22","field":"evidence","op":"field_pop_last"}}
{"v":1,"session":"desktop-5a9h5ko:b9ace3ea3b856f36","cmd":"field","ts":"2026-07-28T17:15:05Z","inv":{"id":"W-22","field":"evidence","op":"field_pop_last"}}
{"v":1,"session":"desktop-5a9h5ko:b9ace3ea3b856f36","cmd":"field","ts":"2026-07-28T17:15:16Z","inv":{"id":"W-22","field":"evidence","op":"field_pop_last"}}
{"v":1,"session":"desktop-5a9h5ko:b9ace3ea3b856f36","cmd":"field","ts":"2026-07-28T17:15:27Z","inv":{"id":"W-22","field":"evidence","op":"field_pop_last"}}
{"v":1,"session":"desktop-5a9h5ko:b9ace3ea3b856f36","cmd":"set","ts":"2026-07-28T17:15:41Z","inv":{"had_session_at_before":true,"old_w_status":"progress","had_session_before":true,"id":"W-22","op":"set_w_status_with_goals","goal_statuses":{"G-07":"partial"},"old_session_at":"2026-07-28T16:33:27Z","old_session":"desktop-5a9h5ko:b9ace3ea3b856f36"}}
{"v":1,"session":"desktop-5a9h5ko:b9ace3ea3b856f36","cmd":"field","ts":"2026-07-28T17:17:04Z","inv":{"id":"W-23","field":"ac","op":"field_pop_last"}}
{"v":1,"session":"desktop-5a9h5ko:b9ace3ea3b856f36","cmd":"field","ts":"2026-07-28T17:17:19Z","inv":{"id":"W-23","field":"ac","op":"field_pop_last"}}
{"v":1,"session":"desktop-5a9h5ko:b9ace3ea3b856f36","cmd":"field","ts":"2026-07-28T17:17:32Z","inv":{"id":"W-23","field":"ac","op":"field_pop_last"}}
{"v":1,"session":"desktop-5a9h5ko:b9ace3ea3b856f36","cmd":"field","ts":"2026-07-28T17:17:43Z","inv":{"id":"W-23","field":"ac","op":"field_pop_last"}}
{"v":1,"session":"desktop-5a9h5ko:b9ace3ea3b856f36","cmd":"field","ts":"2026-07-28T17:17:55Z","inv":{"id":"W-23","field":"ac","op":"field_pop_last"}}
{"v":1,"session":"desktop-5a9h5ko:b9ace3ea3b856f36","cmd":"field","ts":"2026-07-28T17:18:07Z","inv":{"id":"W-23","field":"ac","op":"field_pop_last"}}
{"v":1,"session":"desktop-5a9h5ko:b9ace3ea3b856f36","cmd":"field","ts":"2026-07-28T17:18:17Z","inv":{"id":"W-23","field":"ac","op":"field_pop_last"}}
{"v":1,"session":"desktop-5a9h5ko:b9ace3ea3b856f36","cmd":"field","ts":"2026-07-28T17:18:30Z","inv":{"id":"W-23","field":"hypothesis","op":"field_pop_last"}}
{"v":1,"session":"desktop-5a9h5ko:b9ace3ea3b856f36","cmd":"field","ts":"2026-07-28T17:18:43Z","inv":{"id":"W-23","field":"evidence_strategy","op":"field_pop_last"}}
{"v":1,"session":"desktop-5a9h5ko:b9ace3ea3b856f36","cmd":"field","ts":"2026-07-28T17:18:55Z","inv":{"id":"W-23","field":"evidence_strategy","op":"field_pop_last"}}
{"v":1,"session":"desktop-5a9h5ko:b9ace3ea3b856f36","cmd":"field","ts":"2026-07-28T17:19:07Z","inv":{"id":"W-23","field":"evidence_strategy","op":"field_pop_last"}}
{"v":1,"session":"desktop-5a9h5ko:b9ace3ea3b856f36","cmd":"field","ts":"2026-07-28T17:19:19Z","inv":{"id":"W-23","field":"evidence_strategy","op":"field_pop_last"}}
{"v":1,"session":"desktop-5a9h5ko:b9ace3ea3b856f36","cmd":"field","ts":"2026-07-28T17:19:30Z","inv":{"id":"W-23","field":"why","op":"field_pop_last"}}
{"v":1,"session":"desktop-5a9h5ko:b9ace3ea3b856f36","cmd":"set","ts":"2026-07-28T17:19:51Z","inv":{"had_session_at_before":false,"old_w_status":"proposed","had_session_before":false,"id":"W-23","op":"set_w_status_with_goals","goal_statuses":{"G-07":"partial"},"old_session_at":"","old_session":""}}
{"v":1,"session":"desktop-5a9h5ko:b9ace3ea3b856f36","cmd":"field","ts":"2026-07-28T17:39:22Z","inv":{"id":"W-23","field":"evidence","op":"field_pop_last"}}
{"v":1,"session":"desktop-5a9h5ko:b9ace3ea3b856f36","cmd":"field","ts":"2026-07-28T17:39:34Z","inv":{"id":"W-23","field":"evidence","op":"field_pop_last"}}
{"v":1,"session":"desktop-5a9h5ko:b9ace3ea3b856f36","cmd":"field","ts":"2026-07-28T17:39:46Z","inv":{"id":"W-23","field":"evidence","op":"field_pop_last"}}
{"v":1,"session":"desktop-5a9h5ko:b9ace3ea3b856f36","cmd":"field","ts":"2026-07-28T17:39:58Z","inv":{"id":"W-23","field":"evidence","op":"field_pop_last"}}
{"v":1,"session":"desktop-5a9h5ko:b9ace3ea3b856f36","cmd":"set","ts":"2026-07-28T17:40:14Z","inv":{"had_session_at_before":true,"old_w_status":"progress","had_session_before":true,"id":"W-23","op":"set_w_status_with_goals","goal_statuses":{"G-07":"partial"},"old_session_at":"2026-07-28T17:19:51Z","old_session":"desktop-5a9h5ko:b9ace3ea3b856f36"}}
{"v":1,"session":"desktop-5a9h5ko:b9ace3ea3b856f36","cmd":"add","ts":"2026-07-28T19:05:45Z","inv":{"id":"G-08","op":"rm_node"}}
{"v":1,"session":"desktop-5a9h5ko:b9ace3ea3b856f36","cmd":"add","ts":"2026-07-28T19:06:44Z","inv":{"id":"W-24","op":"rm_node"}}
{"v":1,"session":"desktop-5a9h5ko:b9ace3ea3b856f36","cmd":"fitness","ts":"2026-07-28T19:06:56Z","inv":{"had_key":false,"wid":"W-24","gid":"G-08","previous":null,"op":"restore_fitness_key"}}
{"v":1,"session":"desktop-5a9h5ko:b9ace3ea3b856f36","cmd":"add","ts":"2026-07-28T19:07:10Z","inv":{"id":"W-25","op":"rm_node"}}
{"v":1,"session":"desktop-5a9h5ko:b9ace3ea3b856f36","cmd":"fitness","ts":"2026-07-28T19:07:23Z","inv":{"had_key":false,"wid":"W-25","gid":"G-08","previous":null,"op":"restore_fitness_key"}}
{"v":1,"session":"desktop-5a9h5ko:b9ace3ea3b856f36","cmd":"add","ts":"2026-07-28T19:07:37Z","inv":{"id":"W-26","op":"rm_node"}}
{"v":1,"session":"desktop-5a9h5ko:b9ace3ea3b856f36","cmd":"fitness","ts":"2026-07-28T19:07:49Z","inv":{"had_key":false,"wid":"W-26","gid":"G-08","previous":null,"op":"restore_fitness_key"}}
{"v":1,"session":"desktop-5a9h5ko:b9ace3ea3b856f36","cmd":"add","ts":"2026-07-28T19:08:03Z","inv":{"id":"W-27","op":"rm_node"}}
{"v":1,"session":"desktop-5a9h5ko:b9ace3ea3b856f36","cmd":"fitness","ts":"2026-07-28T19:08:16Z","inv":{"had_key":false,"wid":"W-27","gid":"G-08","previous":null,"op":"restore_fitness_key"}}
{"v":1,"session":"desktop-5a9h5ko:b9ace3ea3b856f36","cmd":"add","ts":"2026-07-28T19:08:29Z","inv":{"id":"W-28","op":"rm_node"}}
{"v":1,"session":"desktop-5a9h5ko:b9ace3ea3b856f36","cmd":"fitness","ts":"2026-07-28T19:08:42Z","inv":{"had_key":false,"wid":"W-28","gid":"G-08","previous":null,"op":"restore_fitness_key"}}
{"v":1,"session":"desktop-5a9h5ko:b9ace3ea3b856f36","cmd":"add","ts":"2026-07-28T19:08:55Z","inv":{"id":"W-29","op":"rm_node"}}
{"v":1,"session":"desktop-5a9h5ko:b9ace3ea3b856f36","cmd":"fitness","ts":"2026-07-28T19:09:07Z","inv":{"had_key":false,"wid":"W-29","gid":"G-08","previous":null,"op":"restore_fitness_key"}}
{"v":1,"session":"desktop-5a9h5ko:b9ace3ea3b856f36","cmd":"field","ts":"2026-07-28T19:09:52Z","inv":{"id":"W-24","field":"ac","op":"field_pop_last"}}
{"v":1,"session":"desktop-5a9h5ko:b9ace3ea3b856f36","cmd":"field","ts":"2026-07-28T19:10:04Z","inv":{"id":"W-24","field":"ac","op":"field_pop_last"}}
{"v":1,"session":"desktop-5a9h5ko:b9ace3ea3b856f36","cmd":"field","ts":"2026-07-28T19:10:16Z","inv":{"id":"W-24","field":"ac","op":"field_pop_last"}}
{"v":1,"session":"desktop-5a9h5ko:b9ace3ea3b856f36","cmd":"field","ts":"2026-07-28T19:10:27Z","inv":{"id":"W-24","field":"ac","op":"field_pop_last"}}
{"v":1,"session":"desktop-5a9h5ko:b9ace3ea3b856f36","cmd":"field","ts":"2026-07-28T19:10:39Z","inv":{"id":"W-24","field":"ac","op":"field_pop_last"}}
{"v":1,"session":"desktop-5a9h5ko:b9ace3ea3b856f36","cmd":"field","ts":"2026-07-28T19:10:51Z","inv":{"id":"W-24","field":"hypothesis","op":"field_pop_last"}}
{"v":1,"session":"desktop-5a9h5ko:b9ace3ea3b856f36","cmd":"field","ts":"2026-07-28T19:11:03Z","inv":{"id":"W-24","field":"evidence_strategy","op":"field_pop_last"}}
{"v":1,"session":"desktop-5a9h5ko:b9ace3ea3b856f36","cmd":"field","ts":"2026-07-28T19:11:15Z","inv":{"id":"W-24","field":"evidence_strategy","op":"field_pop_last"}}
{"v":1,"session":"desktop-5a9h5ko:b9ace3ea3b856f36","cmd":"field","ts":"2026-07-28T19:11:27Z","inv":{"id":"W-24","field":"evidence_strategy","op":"field_pop_last"}}
{"v":1,"session":"desktop-5a9h5ko:b9ace3ea3b856f36","cmd":"field","ts":"2026-07-28T19:11:41Z","inv":{"id":"W-24","field":"evidence_strategy","op":"field_pop_last"}}
{"v":1,"session":"desktop-5a9h5ko:b9ace3ea3b856f36","cmd":"field","ts":"2026-07-28T19:11:53Z","inv":{"id":"W-24","field":"why","op":"field_pop_last"}}
{"v":1,"session":"desktop-5a9h5ko:b9ace3ea3b856f36","cmd":"set","ts":"2026-07-28T19:12:12Z","inv":{"had_session_at_before":false,"old_w_status":"proposed","had_session_before":false,"id":"W-24","op":"set_w_status_with_goals","goal_statuses":{"G-08":"unverified"},"old_session_at":"","old_session":""}}
{"v":1,"session":"desktop-5a9h5ko:b9ace3ea3b856f36","cmd":"field","ts":"2026-07-28T19:28:32Z","inv":{"id":"W-24","field":"evidence","op":"field_pop_last"}}
{"v":1,"session":"desktop-5a9h5ko:b9ace3ea3b856f36","cmd":"field","ts":"2026-07-28T19:28:44Z","inv":{"id":"W-24","field":"evidence","op":"field_pop_last"}}
{"v":1,"session":"desktop-5a9h5ko:b9ace3ea3b856f36","cmd":"field","ts":"2026-07-28T19:28:56Z","inv":{"id":"W-24","field":"evidence","op":"field_pop_last"}}
{"v":1,"session":"desktop-5a9h5ko:b9ace3ea3b856f36","cmd":"field","ts":"2026-07-28T19:29:10Z","inv":{"id":"W-24","field":"evidence","op":"field_pop_last"}}
{"v":1,"session":"desktop-5a9h5ko:b9ace3ea3b856f36","cmd":"set","ts":"2026-07-28T19:29:24Z","inv":{"had_session_at_before":true,"old_w_status":"progress","had_session_before":true,"id":"W-24","op":"set_w_status_with_goals","goal_statuses":{"G-08":"unverified"},"old_session_at":"2026-07-28T19:12:12Z","old_session":"desktop-5a9h5ko:b9ace3ea3b856f36"}}
{"v":1,"session":"desktop-5a9h5ko:b9ace3ea3b856f36","cmd":"field","ts":"2026-07-28T19:30:35Z","inv":{"id":"W-25","field":"ac","op":"field_pop_last"}}
{"v":1,"session":"desktop-5a9h5ko:b9ace3ea3b856f36","cmd":"field","ts":"2026-07-28T19:30:47Z","inv":{"id":"W-25","field":"ac","op":"field_pop_last"}}
{"v":1,"session":"desktop-5a9h5ko:b9ace3ea3b856f36","cmd":"field","ts":"2026-07-28T19:30:59Z","inv":{"id":"W-25","field":"ac","op":"field_pop_last"}}
{"v":1,"session":"desktop-5a9h5ko:b9ace3ea3b856f36","cmd":"field","ts":"2026-07-28T19:31:10Z","inv":{"id":"W-25","field":"ac","op":"field_pop_last"}}
{"v":1,"session":"desktop-5a9h5ko:b9ace3ea3b856f36","cmd":"field","ts":"2026-07-28T19:31:22Z","inv":{"id":"W-25","field":"ac","op":"field_pop_last"}}
{"v":1,"session":"desktop-5a9h5ko:b9ace3ea3b856f36","cmd":"field","ts":"2026-07-28T19:31:33Z","inv":{"id":"W-25","field":"ac","op":"field_pop_last"}}
{"v":1,"session":"desktop-5a9h5ko:b9ace3ea3b856f36","cmd":"field","ts":"2026-07-28T19:31:45Z","inv":{"id":"W-25","field":"hypothesis","op":"field_pop_last"}}
{"v":1,"session":"desktop-5a9h5ko:b9ace3ea3b856f36","cmd":"field","ts":"2026-07-28T19:31:57Z","inv":{"id":"W-25","field":"evidence_strategy","op":"field_pop_last"}}
{"v":1,"session":"desktop-5a9h5ko:b9ace3ea3b856f36","cmd":"field","ts":"2026-07-28T19:32:08Z","inv":{"id":"W-25","field":"evidence_strategy","op":"field_pop_last"}}
{"v":1,"session":"desktop-5a9h5ko:b9ace3ea3b856f36","cmd":"field","ts":"2026-07-28T19:32:20Z","inv":{"id":"W-25","field":"evidence_strategy","op":"field_pop_last"}}
{"v":1,"session":"desktop-5a9h5ko:b9ace3ea3b856f36","cmd":"field","ts":"2026-07-28T19:32:32Z","inv":{"id":"W-25","field":"evidence_strategy","op":"field_pop_last"}}
{"v":1,"session":"desktop-5a9h5ko:b9ace3ea3b856f36","cmd":"field","ts":"2026-07-28T19:32:43Z","inv":{"id":"W-25","field":"why","op":"field_pop_last"}}
{"v":1,"session":"desktop-5a9h5ko:b9ace3ea3b856f36","cmd":"set","ts":"2026-07-28T19:33:03Z","inv":{"had_session_at_before":false,"old_w_status":"proposed","had_session_before":false,"id":"W-25","op":"set_w_status_with_goals","goal_statuses":{"G-08":"partial"},"old_session_at":"","old_session":""}}
{"v":1,"session":"desktop-5a9h5ko:b9ace3ea3b856f36","cmd":"field","ts":"2026-07-28T19:55:54Z","inv":{"id":"W-25","field":"evidence","op":"field_pop_last"}}
{"v":1,"session":"desktop-5a9h5ko:b9ace3ea3b856f36","cmd":"field","ts":"2026-07-28T19:56:07Z","inv":{"id":"W-25","field":"evidence","op":"field_pop_last"}}
{"v":1,"session":"desktop-5a9h5ko:b9ace3ea3b856f36","cmd":"field","ts":"2026-07-28T19:56:22Z","inv":{"id":"W-25","field":"evidence","op":"field_pop_last"}}
{"v":1,"session":"desktop-5a9h5ko:b9ace3ea3b856f36","cmd":"field","ts":"2026-07-28T19:56:37Z","inv":{"id":"W-25","field":"evidence","op":"field_pop_last"}}
{"v":1,"session":"desktop-5a9h5ko:b9ace3ea3b856f36","cmd":"set","ts":"2026-07-28T19:56:51Z","inv":{"had_session_at_before":true,"old_w_status":"progress","had_session_before":true,"id":"W-25","op":"set_w_status_with_goals","goal_statuses":{"G-08":"partial"},"old_session_at":"2026-07-28T19:33:03Z","old_session":"desktop-5a9h5ko:b9ace3ea3b856f36"}}
{"v":1,"session":"desktop-5a9h5ko:b9ace3ea3b856f36","cmd":"field","ts":"2026-07-28T20:00:36Z","inv":{"id":"W-26","field":"ac","op":"field_pop_last"}}
{"v":1,"session":"desktop-5a9h5ko:b9ace3ea3b856f36","cmd":"field","ts":"2026-07-28T20:00:54Z","inv":{"id":"W-26","field":"ac","op":"field_pop_last"}}
{"v":1,"session":"desktop-5a9h5ko:b9ace3ea3b856f36","cmd":"field","ts":"2026-07-28T20:01:08Z","inv":{"id":"W-26","field":"ac","op":"field_pop_last"}}
{"v":1,"session":"desktop-5a9h5ko:b9ace3ea3b856f36","cmd":"field","ts":"2026-07-28T20:01:23Z","inv":{"id":"W-26","field":"ac","op":"field_pop_last"}}
{"v":1,"session":"desktop-5a9h5ko:b9ace3ea3b856f36","cmd":"field","ts":"2026-07-28T20:01:37Z","inv":{"id":"W-26","field":"ac","op":"field_pop_last"}}
{"v":1,"session":"desktop-5a9h5ko:b9ace3ea3b856f36","cmd":"field","ts":"2026-07-28T20:01:51Z","inv":{"id":"W-26","field":"ac","op":"field_pop_last"}}
{"v":1,"session":"desktop-5a9h5ko:b9ace3ea3b856f36","cmd":"field","ts":"2026-07-28T20:02:04Z","inv":{"id":"W-26","field":"hypothesis","op":"field_pop_last"}}
{"v":1,"session":"desktop-5a9h5ko:b9ace3ea3b856f36","cmd":"field","ts":"2026-07-28T20:02:16Z","inv":{"id":"W-26","field":"evidence_strategy","op":"field_pop_last"}}
{"v":1,"session":"desktop-5a9h5ko:b9ace3ea3b856f36","cmd":"field","ts":"2026-07-28T20:02:28Z","inv":{"id":"W-26","field":"evidence_strategy","op":"field_pop_last"}}
{"v":1,"session":"desktop-5a9h5ko:b9ace3ea3b856f36","cmd":"field","ts":"2026-07-28T20:02:41Z","inv":{"id":"W-26","field":"evidence_strategy","op":"field_pop_last"}}
{"v":1,"session":"desktop-5a9h5ko:b9ace3ea3b856f36","cmd":"field","ts":"2026-07-28T20:02:54Z","inv":{"id":"W-26","field":"evidence_strategy","op":"field_pop_last"}}
{"v":1,"session":"desktop-5a9h5ko:b9ace3ea3b856f36","cmd":"field","ts":"2026-07-28T20:03:06Z","inv":{"id":"W-26","field":"why","op":"field_pop_last"}}
{"v":1,"session":"desktop-5a9h5ko:b9ace3ea3b856f36","cmd":"set","ts":"2026-07-28T20:03:27Z","inv":{"had_session_at_before":false,"old_w_status":"proposed","had_session_before":false,"id":"W-26","op":"set_w_status_with_goals","goal_statuses":{"G-08":"partial"},"old_session_at":"","old_session":""}}
{"v":1,"session":"desktop-5a9h5ko:b9ace3ea3b856f36","cmd":"field","ts":"2026-07-28T20:04:04Z","inv":{"line":"thin adapter","id":"Y-03","field":"tags","op":"field_insert_line","index":2}}
{"v":1,"session":"desktop-5a9h5ko:b9ace3ea3b856f36","cmd":"field","ts":"2026-07-28T20:30:47Z","inv":{"id":"W-27","field":"ac","op":"field_pop_last"}}
{"v":1,"session":"desktop-5a9h5ko:b9ace3ea3b856f36","cmd":"field","ts":"2026-07-28T20:30:59Z","inv":{"id":"W-27","field":"ac","op":"field_pop_last"}}
{"v":1,"session":"desktop-5a9h5ko:b9ace3ea3b856f36","cmd":"field","ts":"2026-07-28T20:31:10Z","inv":{"id":"W-27","field":"ac","op":"field_pop_last"}}
{"v":1,"session":"desktop-5a9h5ko:b9ace3ea3b856f36","cmd":"field","ts":"2026-07-28T20:31:22Z","inv":{"id":"W-27","field":"ac","op":"field_pop_last"}}
{"v":1,"session":"desktop-5a9h5ko:b9ace3ea3b856f36","cmd":"field","ts":"2026-07-28T20:31:34Z","inv":{"id":"W-27","field":"ac","op":"field_pop_last"}}
{"v":1,"session":"desktop-5a9h5ko:b9ace3ea3b856f36","cmd":"field","ts":"2026-07-28T20:31:46Z","inv":{"id":"W-27","field":"ac","op":"field_pop_last"}}
{"v":1,"session":"desktop-5a9h5ko:b9ace3ea3b856f36","cmd":"field","ts":"2026-07-28T20:31:57Z","inv":{"id":"W-27","field":"hypothesis","op":"field_pop_last"}}
{"v":1,"session":"desktop-5a9h5ko:b9ace3ea3b856f36","cmd":"field","ts":"2026-07-28T20:32:09Z","inv":{"id":"W-27","field":"evidence_strategy","op":"field_pop_last"}}
{"v":1,"session":"desktop-5a9h5ko:b9ace3ea3b856f36","cmd":"field","ts":"2026-07-28T20:32:21Z","inv":{"id":"W-27","field":"evidence_strategy","op":"field_pop_last"}}
{"v":1,"session":"desktop-5a9h5ko:b9ace3ea3b856f36","cmd":"field","ts":"2026-07-28T20:32:32Z","inv":{"id":"W-27","field":"evidence_strategy","op":"field_pop_last"}}
{"v":1,"session":"desktop-5a9h5ko:b9ace3ea3b856f36","cmd":"field","ts":"2026-07-28T20:32:44Z","inv":{"id":"W-27","field":"evidence_strategy","op":"field_pop_last"}}
{"v":1,"session":"desktop-5a9h5ko:b9ace3ea3b856f36","cmd":"field","ts":"2026-07-28T20:32:55Z","inv":{"id":"W-27","field":"why","op":"field_pop_last"}}
{"v":1,"session":"desktop-5a9h5ko:b9ace3ea3b856f36","cmd":"field","ts":"2026-07-28T20:33:56Z","inv":{"id":"W-28","field":"ac","op":"field_pop_last"}}
{"v":1,"session":"desktop-5a9h5ko:b9ace3ea3b856f36","cmd":"field","ts":"2026-07-28T20:34:07Z","inv":{"id":"W-28","field":"ac","op":"field_pop_last"}}
{"v":1,"session":"desktop-5a9h5ko:b9ace3ea3b856f36","cmd":"field","ts":"2026-07-28T20:34:19Z","inv":{"id":"W-28","field":"ac","op":"field_pop_last"}}
{"v":1,"session":"desktop-5a9h5ko:b9ace3ea3b856f36","cmd":"field","ts":"2026-07-28T20:34:30Z","inv":{"id":"W-28","field":"ac","op":"field_pop_last"}}
{"v":1,"session":"desktop-5a9h5ko:b9ace3ea3b856f36","cmd":"field","ts":"2026-07-28T20:34:41Z","inv":{"id":"W-28","field":"ac","op":"field_pop_last"}}
{"v":1,"session":"desktop-5a9h5ko:b9ace3ea3b856f36","cmd":"field","ts":"2026-07-28T20:34:53Z","inv":{"id":"W-28","field":"ac","op":"field_pop_last"}}
{"v":1,"session":"desktop-5a9h5ko:b9ace3ea3b856f36","cmd":"field","ts":"2026-07-28T20:35:04Z","inv":{"id":"W-28","field":"hypothesis","op":"field_pop_last"}}
{"v":1,"session":"desktop-5a9h5ko:b9ace3ea3b856f36","cmd":"field","ts":"2026-07-28T20:35:16Z","inv":{"id":"W-28","field":"evidence_strategy","op":"field_pop_last"}}
{"v":1,"session":"desktop-5a9h5ko:b9ace3ea3b856f36","cmd":"field","ts":"2026-07-28T20:35:28Z","inv":{"id":"W-28","field":"evidence_strategy","op":"field_pop_last"}}
{"v":1,"session":"desktop-5a9h5ko:b9ace3ea3b856f36","cmd":"field","ts":"2026-07-28T20:35:39Z","inv":{"id":"W-28","field":"evidence_strategy","op":"field_pop_last"}}
{"v":1,"session":"desktop-5a9h5ko:b9ace3ea3b856f36","cmd":"field","ts":"2026-07-28T20:35:51Z","inv":{"id":"W-28","field":"evidence_strategy","op":"field_pop_last"}}
{"v":1,"session":"desktop-5a9h5ko:b9ace3ea3b856f36","cmd":"field","ts":"2026-07-28T20:36:02Z","inv":{"id":"W-28","field":"why","op":"field_pop_last"}}
{"v":1,"session":"desktop-5a9h5ko:b9ace3ea3b856f36","cmd":"field","ts":"2026-07-28T20:37:15Z","inv":{"id":"W-29","field":"ac","op":"field_pop_last"}}
{"v":1,"session":"desktop-5a9h5ko:b9ace3ea3b856f36","cmd":"field","ts":"2026-07-28T20:37:27Z","inv":{"id":"W-29","field":"ac","op":"field_pop_last"}}
{"v":1,"session":"desktop-5a9h5ko:b9ace3ea3b856f36","cmd":"field","ts":"2026-07-28T20:37:38Z","inv":{"id":"W-29","field":"ac","op":"field_pop_last"}}
{"v":1,"session":"desktop-5a9h5ko:b9ace3ea3b856f36","cmd":"field","ts":"2026-07-28T20:37:50Z","inv":{"id":"W-29","field":"ac","op":"field_pop_last"}}
{"v":1,"session":"desktop-5a9h5ko:b9ace3ea3b856f36","cmd":"field","ts":"2026-07-28T20:38:01Z","inv":{"id":"W-29","field":"ac","op":"field_pop_last"}}
{"v":1,"session":"desktop-5a9h5ko:b9ace3ea3b856f36","cmd":"field","ts":"2026-07-28T20:38:13Z","inv":{"id":"W-29","field":"ac","op":"field_pop_last"}}
{"v":1,"session":"desktop-5a9h5ko:b9ace3ea3b856f36","cmd":"field","ts":"2026-07-28T20:38:25Z","inv":{"id":"W-29","field":"hypothesis","op":"field_pop_last"}}
{"v":1,"session":"desktop-5a9h5ko:b9ace3ea3b856f36","cmd":"field","ts":"2026-07-28T20:38:36Z","inv":{"id":"W-29","field":"evidence_strategy","op":"field_pop_last"}}
{"v":1,"session":"desktop-5a9h5ko:b9ace3ea3b856f36","cmd":"field","ts":"2026-07-28T20:38:48Z","inv":{"id":"W-29","field":"evidence_strategy","op":"field_pop_last"}}
{"v":1,"session":"desktop-5a9h5ko:b9ace3ea3b856f36","cmd":"field","ts":"2026-07-28T20:39:00Z","inv":{"id":"W-29","field":"evidence_strategy","op":"field_pop_last"}}
{"v":1,"session":"desktop-5a9h5ko:b9ace3ea3b856f36","cmd":"field","ts":"2026-07-28T20:39:11Z","inv":{"id":"W-29","field":"evidence_strategy","op":"field_pop_last"}}
{"v":1,"session":"desktop-5a9h5ko:b9ace3ea3b856f36","cmd":"field","ts":"2026-07-28T20:39:23Z","inv":{"id":"W-29","field":"why","op":"field_pop_last"}}
{"v":1,"session":"desktop-5a9h5ko:b9ace3ea3b856f36","cmd":"field","ts":"2026-07-28T20:41:16Z","inv":{"id":"W-26","field":"evidence","op":"field_pop_last"}}
{"v":1,"session":"desktop-5a9h5ko:b9ace3ea3b856f36","cmd":"field","ts":"2026-07-28T20:41:28Z","inv":{"id":"W-26","field":"evidence","op":"field_pop_last"}}
{"v":1,"session":"desktop-5a9h5ko:b9ace3ea3b856f36","cmd":"field","ts":"2026-07-28T20:41:40Z","inv":{"id":"W-26","field":"evidence","op":"field_pop_last"}}
{"v":1,"session":"desktop-5a9h5ko:b9ace3ea3b856f36","cmd":"field","ts":"2026-07-28T20:41:51Z","inv":{"id":"W-26","field":"evidence","op":"field_pop_last"}}
{"v":1,"session":"desktop-5a9h5ko:b9ace3ea3b856f36","cmd":"field","ts":"2026-07-28T20:42:03Z","inv":{"id":"W-26","field":"evidence","op":"field_pop_last"}}
{"v":1,"session":"desktop-5a9h5ko:b9ace3ea3b856f36","cmd":"field","ts":"2026-07-28T20:42:15Z","inv":{"id":"W-26","field":"evidence","op":"field_pop_last"}}
{"v":1,"session":"desktop-5a9h5ko:b9ace3ea3b856f36","cmd":"set","ts":"2026-07-28T20:42:29Z","inv":{"had_session_at_before":true,"old_w_status":"progress","had_session_before":true,"id":"W-26","op":"set_w_status_with_goals","goal_statuses":{"G-08":"partial"},"old_session_at":"2026-07-28T20:03:27Z","old_session":"desktop-5a9h5ko:b9ace3ea3b856f36"}}
{"v":1,"session":"desktop-5a9h5ko:b9ace3ea3b856f36","cmd":"set","ts":"2026-07-28T20:42:42Z","inv":{"had_session_at_before":false,"old_w_status":"proposed","had_session_before":false,"id":"W-27","op":"set_w_status_with_goals","goal_statuses":{"G-08":"partial"},"old_session_at":"","old_session":""}}
{"v":1,"session":"desktop-5a9h5ko:b9ace3ea3b856f36","cmd":"field","ts":"2026-07-28T21:13:33Z","inv":{"id":"W-27","field":"evidence","op":"field_pop_last"}}
{"v":1,"session":"desktop-5a9h5ko:b9ace3ea3b856f36","cmd":"field","ts":"2026-07-28T21:13:45Z","inv":{"id":"W-27","field":"evidence","op":"field_pop_last"}}
{"v":1,"session":"desktop-5a9h5ko:b9ace3ea3b856f36","cmd":"field","ts":"2026-07-28T21:13:57Z","inv":{"id":"W-27","field":"evidence","op":"field_pop_last"}}
{"v":1,"session":"desktop-5a9h5ko:b9ace3ea3b856f36","cmd":"field","ts":"2026-07-28T21:14:10Z","inv":{"id":"W-27","field":"evidence","op":"field_pop_last"}}
{"v":1,"session":"desktop-5a9h5ko:b9ace3ea3b856f36","cmd":"set","ts":"2026-07-28T21:14:24Z","inv":{"had_session_at_before":true,"old_w_status":"progress","had_session_before":true,"id":"W-27","op":"set_w_status_with_goals","goal_statuses":{"G-08":"partial"},"old_session_at":"2026-07-28T20:42:42Z","old_session":"desktop-5a9h5ko:b9ace3ea3b856f36"}}
{"v":1,"session":"desktop-5a9h5ko:b9ace3ea3b856f36","cmd":"set","ts":"2026-07-28T21:14:38Z","inv":{"had_session_at_before":false,"old_w_status":"proposed","had_session_before":false,"id":"W-28","op":"set_w_status_with_goals","goal_statuses":{"G-08":"partial"},"old_session_at":"","old_session":""}}
{"v":1,"session":"desktop-5a9h5ko:b9ace3ea3b856f36","cmd":"field","ts":"2026-07-28T21:45:51Z","inv":{"id":"W-28","field":"evidence","op":"field_pop_last"}}
{"v":1,"session":"desktop-5a9h5ko:b9ace3ea3b856f36","cmd":"field","ts":"2026-07-28T21:46:00Z","inv":{"id":"W-28","field":"evidence","op":"field_pop_last"}}
{"v":1,"session":"desktop-5a9h5ko:b9ace3ea3b856f36","cmd":"field","ts":"2026-07-28T21:46:09Z","inv":{"id":"W-28","field":"evidence","op":"field_pop_last"}}
{"v":1,"session":"desktop-5a9h5ko:b9ace3ea3b856f36","cmd":"field","ts":"2026-07-28T21:46:20Z","inv":{"id":"W-28","field":"evidence","op":"field_pop_last"}}
{"v":1,"session":"desktop-5a9h5ko:b9ace3ea3b856f36","cmd":"set","ts":"2026-07-28T21:46:30Z","inv":{"had_session_at_before":true,"old_w_status":"progress","had_session_before":true,"id":"W-28","op":"set_w_status_with_goals","goal_statuses":{"G-08":"partial"},"old_session_at":"2026-07-28T21:14:38Z","old_session":"desktop-5a9h5ko:b9ace3ea3b856f36"}}
{"v":1,"session":"desktop-5a9h5ko:b9ace3ea3b856f36","cmd":"set","ts":"2026-07-28T21:46:41Z","inv":{"had_session_at_before":false,"old_w_status":"proposed","had_session_before":false,"id":"W-29","op":"set_w_status_with_goals","goal_statuses":{"G-08":"partial"},"old_session_at":"","old_session":""}}
{"v":1,"session":"desktop-5a9h5ko:b9ace3ea3b856f36","cmd":"field","ts":"2026-07-28T22:08:28Z","inv":{"id":"W-29","field":"evidence","op":"field_pop_last"}}
{"v":1,"session":"desktop-5a9h5ko:b9ace3ea3b856f36","cmd":"field","ts":"2026-07-28T22:08:46Z","inv":{"id":"W-29","field":"evidence","op":"field_pop_last"}}
{"v":1,"session":"desktop-5a9h5ko:b9ace3ea3b856f36","cmd":"field","ts":"2026-07-28T22:09:00Z","inv":{"id":"W-29","field":"evidence","op":"field_pop_last"}}
{"v":1,"session":"desktop-5a9h5ko:b9ace3ea3b856f36","cmd":"field","ts":"2026-07-28T22:09:18Z","inv":{"id":"W-29","field":"evidence","op":"field_pop_last"}}
{"v":1,"session":"desktop-5a9h5ko:b9ace3ea3b856f36","cmd":"field","ts":"2026-07-28T22:09:31Z","inv":{"id":"W-29","field":"evidence","op":"field_pop_last"}}
{"v":1,"session":"desktop-5a9h5ko:b9ace3ea3b856f36","cmd":"set","ts":"2026-07-28T22:09:47Z","inv":{"had_session_at_before":true,"old_w_status":"progress","had_session_before":true,"id":"W-29","op":"set_w_status_with_goals","goal_statuses":{"G-08":"partial"},"old_session_at":"2026-07-28T21:46:41Z","old_session":"desktop-5a9h5ko:b9ace3ea3b856f36"}}
{"v":1,"session":"desktop-5a9h5ko:b9ace3ea3b856f36","cmd":"distill","ts":"2026-07-29T00:01:39Z","inv":{"goal":"G-06","op":"distill","empty":true}}
{"v":1,"session":"desktop-5a9h5ko:b9ace3ea3b856f36","cmd":"archive","ts":"2026-07-29T00:01:54Z","inv":{"ids":["G-06","T-02","W-16","W-17","W-18","W-19","W-20"],"id":"G-06","op":"archive"}}
{"v":1,"session":"desktop-5a9h5ko:b9ace3ea3b856f36","cmd":"distill","ts":"2026-07-29T00:02:05Z","inv":{"goal":"G-07","op":"distill","empty":true}}
{"v":1,"session":"desktop-5a9h5ko:b9ace3ea3b856f36","cmd":"archive","ts":"2026-07-29T00:02:19Z","inv":{"ids":["G-07","W-21","W-22","W-23"],"id":"G-07","op":"archive"}}
{"v":1,"session":"desktop-5a9h5ko:b9ace3ea3b856f36","cmd":"add","ts":"2026-07-29T00:03:54Z","inv":{"id":"G-09","op":"rm_node"}}
{"v":1,"session":"desktop-5a9h5ko:b9ace3ea3b856f36","cmd":"add","ts":"2026-07-29T00:04:08Z","inv":{"id":"W-30","op":"rm_node"}}
{"v":1,"session":"desktop-5a9h5ko:b9ace3ea3b856f36","cmd":"fitness","ts":"2026-07-29T00:04:21Z","inv":{"had_key":false,"wid":"W-30","gid":"G-09","previous":null,"op":"restore_fitness_key"}}
{"v":1,"session":"desktop-5a9h5ko:b9ace3ea3b856f36","cmd":"add","ts":"2026-07-29T00:04:34Z","inv":{"id":"W-31","op":"rm_node"}}
{"v":1,"session":"desktop-5a9h5ko:b9ace3ea3b856f36","cmd":"fitness","ts":"2026-07-29T00:04:48Z","inv":{"had_key":false,"wid":"W-31","gid":"G-09","previous":null,"op":"restore_fitness_key"}}
{"v":1,"session":"desktop-5a9h5ko:b9ace3ea3b856f36","cmd":"add","ts":"2026-07-29T00:05:05Z","inv":{"id":"W-32","op":"rm_node"}}
{"v":1,"session":"desktop-5a9h5ko:b9ace3ea3b856f36","cmd":"fitness","ts":"2026-07-29T00:05:19Z","inv":{"had_key":false,"wid":"W-32","gid":"G-09","previous":null,"op":"restore_fitness_key"}}
{"v":1,"session":"desktop-5a9h5ko:b9ace3ea3b856f36","cmd":"add","ts":"2026-07-29T00:05:34Z","inv":{"id":"W-33","op":"rm_node"}}
{"v":1,"session":"desktop-5a9h5ko:b9ace3ea3b856f36","cmd":"fitness","ts":"2026-07-29T00:05:47Z","inv":{"had_key":false,"wid":"W-33","gid":"G-09","previous":null,"op":"restore_fitness_key"}}
{"v":1,"session":"desktop-5a9h5ko:b9ace3ea3b856f36","cmd":"add","ts":"2026-07-29T00:06:03Z","inv":{"id":"W-34","op":"rm_node"}}
{"v":1,"session":"desktop-5a9h5ko:b9ace3ea3b856f36","cmd":"fitness","ts":"2026-07-29T00:06:17Z","inv":{"had_key":false,"wid":"W-34","gid":"G-09","previous":null,"op":"restore_fitness_key"}}
{"v":1,"session":"desktop-5a9h5ko:b9ace3ea3b856f36","cmd":"add","ts":"2026-07-29T00:06:32Z","inv":{"id":"W-35","op":"rm_node"}}
{"v":1,"session":"desktop-5a9h5ko:b9ace3ea3b856f36","cmd":"fitness","ts":"2026-07-29T00:06:45Z","inv":{"had_key":false,"wid":"W-35","gid":"G-09","previous":null,"op":"restore_fitness_key"}}
{"v":1,"session":"desktop-5a9h5ko:b9ace3ea3b856f36","cmd":"field","ts":"2026-07-29T00:09:09Z","inv":{"id":"W-30","field":"ac","op":"field_pop_last"}}
{"v":1,"session":"desktop-5a9h5ko:b9ace3ea3b856f36","cmd":"field","ts":"2026-07-29T00:09:23Z","inv":{"id":"W-30","field":"ac","op":"field_pop_last"}}
{"v":1,"session":"desktop-5a9h5ko:b9ace3ea3b856f36","cmd":"field","ts":"2026-07-29T00:09:37Z","inv":{"id":"W-30","field":"ac","op":"field_pop_last"}}
{"v":1,"session":"desktop-5a9h5ko:b9ace3ea3b856f36","cmd":"field","ts":"2026-07-29T00:09:52Z","inv":{"id":"W-30","field":"ac","op":"field_pop_last"}}
{"v":1,"session":"desktop-5a9h5ko:b9ace3ea3b856f36","cmd":"field","ts":"2026-07-29T00:10:05Z","inv":{"id":"W-30","field":"hypothesis","op":"field_pop_last"}}
{"v":1,"session":"desktop-5a9h5ko:b9ace3ea3b856f36","cmd":"field","ts":"2026-07-29T00:10:18Z","inv":{"id":"W-30","field":"evidence_strategy","op":"field_pop_last"}}
{"v":1,"session":"desktop-5a9h5ko:b9ace3ea3b856f36","cmd":"field","ts":"2026-07-29T00:10:30Z","inv":{"id":"W-30","field":"evidence_strategy","op":"field_pop_last"}}
{"v":1,"session":"desktop-5a9h5ko:b9ace3ea3b856f36","cmd":"field","ts":"2026-07-29T00:10:43Z","inv":{"id":"W-30","field":"evidence_strategy","op":"field_pop_last"}}
{"v":1,"session":"desktop-5a9h5ko:b9ace3ea3b856f36","cmd":"field","ts":"2026-07-29T00:10:55Z","inv":{"id":"W-30","field":"why","op":"field_pop_last"}}
{"v":1,"session":"desktop-5a9h5ko:b9ace3ea3b856f36","cmd":"field","ts":"2026-07-29T00:11:14Z","inv":{"id":"W-31","field":"ac","op":"field_pop_last"}}
{"v":1,"session":"desktop-5a9h5ko:b9ace3ea3b856f36","cmd":"field","ts":"2026-07-29T00:11:27Z","inv":{"id":"W-31","field":"ac","op":"field_pop_last"}}
{"v":1,"session":"desktop-5a9h5ko:b9ace3ea3b856f36","cmd":"field","ts":"2026-07-29T00:11:36Z","inv":{"id":"W-31","field":"ac","op":"field_pop_last"}}
{"v":1,"session":"desktop-5a9h5ko:b9ace3ea3b856f36","cmd":"field","ts":"2026-07-29T00:11:50Z","inv":{"id":"W-31","field":"hypothesis","op":"field_pop_last"}}
{"v":1,"session":"desktop-5a9h5ko:b9ace3ea3b856f36","cmd":"field","ts":"2026-07-29T00:12:04Z","inv":{"id":"W-31","field":"evidence_strategy","op":"field_pop_last"}}
{"v":1,"session":"desktop-5a9h5ko:b9ace3ea3b856f36","cmd":"field","ts":"2026-07-29T00:12:16Z","inv":{"id":"W-31","field":"evidence_strategy","op":"field_pop_last"}}
{"v":1,"session":"desktop-5a9h5ko:b9ace3ea3b856f36","cmd":"field","ts":"2026-07-29T00:12:30Z","inv":{"id":"W-31","field":"evidence_strategy","op":"field_pop_last"}}
{"v":1,"session":"desktop-5a9h5ko:b9ace3ea3b856f36","cmd":"field","ts":"2026-07-29T00:12:45Z","inv":{"id":"W-31","field":"why","op":"field_pop_last"}}
{"v":1,"session":"desktop-5a9h5ko:b9ace3ea3b856f36","cmd":"field","ts":"2026-07-29T00:13:42Z","inv":{"id":"W-32","field":"ac","op":"field_pop_last"}}
{"v":1,"session":"desktop-5a9h5ko:b9ace3ea3b856f36","cmd":"field","ts":"2026-07-29T00:13:55Z","inv":{"id":"W-32","field":"ac","op":"field_pop_last"}}
{"v":1,"session":"desktop-5a9h5ko:b9ace3ea3b856f36","cmd":"field","ts":"2026-07-29T00:14:09Z","inv":{"id":"W-32","field":"ac","op":"field_pop_last"}}
{"v":1,"session":"desktop-5a9h5ko:b9ace3ea3b856f36","cmd":"field","ts":"2026-07-29T00:14:23Z","inv":{"id":"W-32","field":"ac","op":"field_pop_last"}}
{"v":1,"session":"desktop-5a9h5ko:b9ace3ea3b856f36","cmd":"field","ts":"2026-07-29T00:14:36Z","inv":{"id":"W-32","field":"ac","op":"field_pop_last"}}
{"v":1,"session":"desktop-5a9h5ko:b9ace3ea3b856f36","cmd":"field","ts":"2026-07-29T00:14:49Z","inv":{"id":"W-32","field":"hypothesis","op":"field_pop_last"}}
{"v":1,"session":"desktop-5a9h5ko:b9ace3ea3b856f36","cmd":"field","ts":"2026-07-29T00:15:02Z","inv":{"id":"W-32","field":"evidence_strategy","op":"field_pop_last"}}
{"v":1,"session":"desktop-5a9h5ko:b9ace3ea3b856f36","cmd":"field","ts":"2026-07-29T00:15:14Z","inv":{"id":"W-32","field":"evidence_strategy","op":"field_pop_last"}}
{"v":1,"session":"desktop-5a9h5ko:b9ace3ea3b856f36","cmd":"field","ts":"2026-07-29T00:15:26Z","inv":{"id":"W-32","field":"evidence_strategy","op":"field_pop_last"}}
{"v":1,"session":"desktop-5a9h5ko:b9ace3ea3b856f36","cmd":"field","ts":"2026-07-29T00:15:38Z","inv":{"id":"W-32","field":"why","op":"field_pop_last"}}
{"v":1,"session":"desktop-5a9h5ko:b9ace3ea3b856f36","cmd":"field","ts":"2026-07-29T00:15:56Z","inv":{"id":"W-33","field":"ac","op":"field_pop_last"}}
{"v":1,"session":"desktop-5a9h5ko:b9ace3ea3b856f36","cmd":"field","ts":"2026-07-29T00:16:07Z","inv":{"id":"W-33","field":"ac","op":"field_pop_last"}}
{"v":1,"session":"desktop-5a9h5ko:b9ace3ea3b856f36","cmd":"field","ts":"2026-07-29T00:16:19Z","inv":{"id":"W-33","field":"ac","op":"field_pop_last"}}
{"v":1,"session":"desktop-5a9h5ko:b9ace3ea3b856f36","cmd":"field","ts":"2026-07-29T00:16:31Z","inv":{"id":"W-33","field":"ac","op":"field_pop_last"}}
{"v":1,"session":"desktop-5a9h5ko:b9ace3ea3b856f36","cmd":"field","ts":"2026-07-29T00:16:43Z","inv":{"id":"W-33","field":"hypothesis","op":"field_pop_last"}}
{"v":1,"session":"desktop-5a9h5ko:b9ace3ea3b856f36","cmd":"field","ts":"2026-07-29T00:16:54Z","inv":{"id":"W-33","field":"evidence_strategy","op":"field_pop_last"}}
{"v":1,"session":"desktop-5a9h5ko:b9ace3ea3b856f36","cmd":"field","ts":"2026-07-29T00:17:06Z","inv":{"id":"W-33","field":"evidence_strategy","op":"field_pop_last"}}
{"v":1,"session":"desktop-5a9h5ko:b9ace3ea3b856f36","cmd":"field","ts":"2026-07-29T00:17:18Z","inv":{"id":"W-33","field":"evidence_strategy","op":"field_pop_last"}}
{"v":1,"session":"desktop-5a9h5ko:b9ace3ea3b856f36","cmd":"field","ts":"2026-07-29T00:17:30Z","inv":{"id":"W-33","field":"why","op":"field_pop_last"}}
{"v":1,"session":"desktop-5a9h5ko:b9ace3ea3b856f36","cmd":"field","ts":"2026-07-29T00:18:20Z","inv":{"id":"W-33","field":"repro","op":"field_pop_last"}}
{"v":1,"session":"desktop-5a9h5ko:b9ace3ea3b856f36","cmd":"field","ts":"2026-07-29T00:18:38Z","inv":{"id":"W-34","field":"ac","op":"field_pop_last"}}
{"v":1,"session":"desktop-5a9h5ko:b9ace3ea3b856f36","cmd":"field","ts":"2026-07-29T00:18:50Z","inv":{"id":"W-34","field":"ac","op":"field_pop_last"}}
{"v":1,"session":"desktop-5a9h5ko:b9ace3ea3b856f36","cmd":"field","ts":"2026-07-29T00:19:02Z","inv":{"id":"W-34","field":"ac","op":"field_pop_last"}}
{"v":1,"session":"desktop-5a9h5ko:b9ace3ea3b856f36","cmd":"field","ts":"2026-07-29T00:19:15Z","inv":{"id":"W-34","field":"ac","op":"field_pop_last"}}
{"v":1,"session":"desktop-5a9h5ko:b9ace3ea3b856f36","cmd":"field","ts":"2026-07-29T00:19:27Z","inv":{"id":"W-34","field":"hypothesis","op":"field_pop_last"}}
{"v":1,"session":"desktop-5a9h5ko:b9ace3ea3b856f36","cmd":"field","ts":"2026-07-29T00:19:39Z","inv":{"id":"W-34","field":"repro","op":"field_pop_last"}}
{"v":1,"session":"desktop-5a9h5ko:b9ace3ea3b856f36","cmd":"field","ts":"2026-07-29T00:19:52Z","inv":{"id":"W-34","field":"evidence_strategy","op":"field_pop_last"}}
{"v":1,"session":"desktop-5a9h5ko:b9ace3ea3b856f36","cmd":"field","ts":"2026-07-29T00:20:05Z","inv":{"id":"W-34","field":"evidence_strategy","op":"field_pop_last"}}
{"v":1,"session":"desktop-5a9h5ko:b9ace3ea3b856f36","cmd":"field","ts":"2026-07-29T00:20:16Z","inv":{"id":"W-34","field":"evidence_strategy","op":"field_pop_last"}}
{"v":1,"session":"desktop-5a9h5ko:b9ace3ea3b856f36","cmd":"field","ts":"2026-07-29T00:20:27Z","inv":{"id":"W-34","field":"why","op":"field_pop_last"}}
{"v":1,"session":"desktop-5a9h5ko:b9ace3ea3b856f36","cmd":"field","ts":"2026-07-29T00:21:36Z","inv":{"id":"W-35","field":"ac","op":"field_pop_last"}}
{"v":1,"session":"desktop-5a9h5ko:b9ace3ea3b856f36","cmd":"field","ts":"2026-07-29T00:21:48Z","inv":{"id":"W-35","field":"ac","op":"field_pop_last"}}
{"v":1,"session":"desktop-5a9h5ko:b9ace3ea3b856f36","cmd":"field","ts":"2026-07-29T00:22:02Z","inv":{"id":"W-35","field":"ac","op":"field_pop_last"}}
{"v":1,"session":"desktop-5a9h5ko:b9ace3ea3b856f36","cmd":"field","ts":"2026-07-29T00:22:16Z","inv":{"id":"W-35","field":"ac","op":"field_pop_last"}}
{"v":1,"session":"desktop-5a9h5ko:b9ace3ea3b856f36","cmd":"field","ts":"2026-07-29T00:22:34Z","inv":{"id":"W-35","field":"ac","op":"field_pop_last"}}
{"v":1,"session":"desktop-5a9h5ko:b9ace3ea3b856f36","cmd":"field","ts":"2026-07-29T00:22:50Z","inv":{"id":"W-35","field":"ac","op":"field_pop_last"}}
{"v":1,"session":"desktop-5a9h5ko:b9ace3ea3b856f36","cmd":"field","ts":"2026-07-29T00:23:02Z","inv":{"id":"W-35","field":"hypothesis","op":"field_pop_last"}}
{"v":1,"session":"desktop-5a9h5ko:b9ace3ea3b856f36","cmd":"field","ts":"2026-07-29T00:23:16Z","inv":{"id":"W-35","field":"evidence_strategy","op":"field_pop_last"}}
{"v":1,"session":"desktop-5a9h5ko:b9ace3ea3b856f36","cmd":"field","ts":"2026-07-29T00:23:29Z","inv":{"id":"W-35","field":"evidence_strategy","op":"field_pop_last"}}
{"v":1,"session":"desktop-5a9h5ko:b9ace3ea3b856f36","cmd":"field","ts":"2026-07-29T00:23:42Z","inv":{"id":"W-35","field":"evidence_strategy","op":"field_pop_last"}}
{"v":1,"session":"desktop-5a9h5ko:b9ace3ea3b856f36","cmd":"field","ts":"2026-07-29T00:23:55Z","inv":{"id":"W-35","field":"evidence_strategy","op":"field_pop_last"}}
{"v":1,"session":"desktop-5a9h5ko:b9ace3ea3b856f36","cmd":"field","ts":"2026-07-29T00:24:08Z","inv":{"id":"W-35","field":"why","op":"field_pop_last"}}
{"v":1,"session":"desktop-5a9h5ko:b9ace3ea3b856f36","cmd":"set","ts":"2026-07-29T00:24:30Z","inv":{"had_session_at_before":false,"old_w_status":"proposed","had_session_before":false,"id":"W-30","op":"set_w_status_with_goals","goal_statuses":{"G-09":"unverified"},"old_session_at":"","old_session":""}}
{"v":1,"session":"desktop-5a9h5ko:b9ace3ea3b856f36","cmd":"field","ts":"2026-07-29T00:46:55Z","inv":{"id":"W-30","field":"evidence","op":"field_pop_last"}}
{"v":1,"session":"desktop-5a9h5ko:b9ace3ea3b856f36","cmd":"field","ts":"2026-07-29T00:47:12Z","inv":{"id":"W-30","field":"evidence","op":"field_pop_last"}}
{"v":1,"session":"desktop-5a9h5ko:b9ace3ea3b856f36","cmd":"field","ts":"2026-07-29T00:47:31Z","inv":{"id":"W-30","field":"evidence","op":"field_pop_last"}}
{"v":1,"session":"desktop-5a9h5ko:b9ace3ea3b856f36","cmd":"field","ts":"2026-07-29T00:47:44Z","inv":{"id":"W-30","field":"evidence","op":"field_pop_last"}}
{"v":1,"session":"desktop-5a9h5ko:b9ace3ea3b856f36","cmd":"field","ts":"2026-07-29T00:47:58Z","inv":{"id":"W-30","field":"evidence","op":"field_pop_last"}}
{"v":1,"session":"desktop-5a9h5ko:b9ace3ea3b856f36","cmd":"set","ts":"2026-07-29T00:48:23Z","inv":{"had_session_at_before":true,"old_w_status":"progress","had_session_before":true,"id":"W-30","op":"set_w_status_with_goals","goal_statuses":{"G-09":"unverified"},"old_session_at":"2026-07-29T00:24:30Z","old_session":"desktop-5a9h5ko:b9ace3ea3b856f36"}}
{"v":1,"session":"desktop-5a9h5ko:b9ace3ea3b856f36","cmd":"set","ts":"2026-07-29T00:48:48Z","inv":{"had_session_at_before":false,"old_w_status":"proposed","had_session_before":false,"id":"W-31","op":"set_w_status_with_goals","goal_statuses":{"G-09":"partial"},"old_session_at":"","old_session":""}}
{"v":1,"session":"desktop-5a9h5ko:b9ace3ea3b856f36","cmd":"field","ts":"2026-07-29T00:50:53Z","inv":{"id":"W-30","field":"evidence","op":"field_pop_last"}}
{"v":1,"session":"desktop-5a9h5ko:b9ace3ea3b856f36","cmd":"field","ts":"2026-07-29T00:51:32Z","inv":{"id":"W-30","field":"evidence","op":"field_pop_last"}}
{"v":1,"session":"desktop-5a9h5ko:b9ace3ea3b856f36","cmd":"field","ts":"2026-07-29T00:51:58Z","inv":{"id":"W-30","field":"evidence","op":"field_pop_last"}}
{"v":1,"session":"desktop-5a9h5ko:b9ace3ea3b856f36","cmd":"field","ts":"2026-07-29T00:52:28Z","inv":{"id":"W-30","field":"evidence","op":"field_pop_last"}}
{"v":1,"session":"desktop-5a9h5ko:b9ace3ea3b856f36","cmd":"field","ts":"2026-07-29T00:53:03Z","inv":{"id":"W-30","field":"evidence","op":"field_pop_last"}}
{"v":1,"session":"desktop-5a9h5ko:b9ace3ea3b856f36","cmd":"set","ts":"2026-07-29T00:53:28Z","inv":{"had_session_at_before":false,"old_w_status":"done","had_session_before":false,"id":"W-30","op":"set_w_status_with_goals","goal_statuses":{"G-09":"partial"},"old_session_at":"","old_session":""}}
{"v":1,"session":"desktop-5a9h5ko:b9ace3ea3b856f36","cmd":"field","ts":"2026-07-29T01:00:18Z","inv":{"id":"W-31","field":"evidence","op":"field_pop_last"}}
{"v":1,"session":"desktop-5a9h5ko:b9ace3ea3b856f36","cmd":"field","ts":"2026-07-29T01:00:40Z","inv":{"id":"W-31","field":"evidence","op":"field_pop_last"}}
{"v":1,"session":"desktop-5a9h5ko:b9ace3ea3b856f36","cmd":"field","ts":"2026-07-29T01:01:02Z","inv":{"id":"W-31","field":"evidence","op":"field_pop_last"}}
{"v":1,"session":"desktop-5a9h5ko:b9ace3ea3b856f36","cmd":"field","ts":"2026-07-29T01:01:24Z","inv":{"id":"W-31","field":"evidence","op":"field_pop_last"}}
{"v":1,"session":"desktop-5a9h5ko:b9ace3ea3b856f36","cmd":"field","ts":"2026-07-29T01:01:45Z","inv":{"id":"W-31","field":"evidence","op":"field_pop_last"}}
{"v":1,"session":"desktop-5a9h5ko:b9ace3ea3b856f36","cmd":"set","ts":"2026-07-29T01:02:11Z","inv":{"had_session_at_before":true,"old_w_status":"progress","had_session_before":true,"id":"W-31","op":"set_w_status_with_goals","goal_statuses":{"G-09":"partial"},"old_session_at":"2026-07-29T00:48:48Z","old_session":"desktop-5a9h5ko:b9ace3ea3b856f36"}}
{"v":1,"session":"desktop-5a9h5ko:b9ace3ea3b856f36","cmd":"set","ts":"2026-07-29T01:02:38Z","inv":{"had_session_at_before":false,"old_w_status":"proposed","had_session_before":false,"id":"W-32","op":"set_w_status_with_goals","goal_statuses":{"G-09":"partial"},"old_session_at":"","old_session":""}}
{"v":1,"session":"desktop-5a9h5ko:b9ace3ea3b856f36","cmd":"field","ts":"2026-07-29T01:08:37Z","inv":{"id":"W-31","field":"evidence","op":"field_pop_last"}}
{"v":1,"session":"desktop-5a9h5ko:b9ace3ea3b856f36","cmd":"field","ts":"2026-07-29T01:08:58Z","inv":{"id":"W-31","field":"evidence","op":"field_pop_last"}}
{"v":1,"session":"desktop-5a9h5ko:b9ace3ea3b856f36","cmd":"field","ts":"2026-07-29T01:09:20Z","inv":{"id":"W-31","field":"evidence","op":"field_pop_last"}}
{"v":1,"session":"desktop-5a9h5ko:b9ace3ea3b856f36","cmd":"field","ts":"2026-07-29T01:09:42Z","inv":{"id":"W-31","field":"evidence","op":"field_pop_last"}}
{"v":1,"session":"desktop-5a9h5ko:b9ace3ea3b856f36","cmd":"field","ts":"2026-07-29T01:10:03Z","inv":{"id":"W-31","field":"evidence","op":"field_pop_last"}}
{"v":1,"session":"desktop-5a9h5ko:b9ace3ea3b856f36","cmd":"set","ts":"2026-07-29T01:10:28Z","inv":{"had_session_at_before":false,"old_w_status":"done","had_session_before":false,"id":"W-31","op":"set_w_status_with_goals","goal_statuses":{"G-09":"partial"},"old_session_at":"","old_session":""}}
{"v":1,"session":"desktop-5a9h5ko:b9ace3ea3b856f36","cmd":"field","ts":"2026-07-29T01:19:44Z","inv":{"id":"W-32","field":"evidence","op":"field_pop_last"}}
{"v":1,"session":"desktop-5a9h5ko:b9ace3ea3b856f36","cmd":"field","ts":"2026-07-29T01:20:06Z","inv":{"id":"W-32","field":"evidence","op":"field_pop_last"}}
{"v":1,"session":"desktop-5a9h5ko:b9ace3ea3b856f36","cmd":"field","ts":"2026-07-29T01:20:28Z","inv":{"id":"W-32","field":"evidence","op":"field_pop_last"}}
{"v":1,"session":"desktop-5a9h5ko:b9ace3ea3b856f36","cmd":"field","ts":"2026-07-29T01:20:53Z","inv":{"id":"W-32","field":"evidence","op":"field_pop_last"}}
{"v":1,"session":"desktop-5a9h5ko:b9ace3ea3b856f36","cmd":"set","ts":"2026-07-29T01:21:19Z","inv":{"had_session_at_before":true,"old_w_status":"progress","had_session_before":true,"id":"W-32","op":"set_w_status_with_goals","goal_statuses":{"G-09":"partial"},"old_session_at":"2026-07-29T01:02:38Z","old_session":"desktop-5a9h5ko:b9ace3ea3b856f36"}}
{"v":1,"session":"desktop-5a9h5ko:b9ace3ea3b856f36","cmd":"set","ts":"2026-07-29T01:21:46Z","inv":{"had_session_at_before":false,"old_w_status":"proposed","had_session_before":false,"id":"W-33","op":"set_w_status_with_goals","goal_statuses":{"G-09":"partial"},"old_session_at":"","old_session":""}}
{"v":1,"session":"desktop-5a9h5ko:b9ace3ea3b856f36","cmd":"field","ts":"2026-07-29T01:23:39Z","inv":{"id":"W-32","field":"evidence","op":"field_pop_last"}}
{"v":1,"session":"desktop-5a9h5ko:b9ace3ea3b856f36","cmd":"field","ts":"2026-07-29T01:24:01Z","inv":{"id":"W-32","field":"evidence","op":"field_pop_last"}}
{"v":1,"session":"desktop-5a9h5ko:b9ace3ea3b856f36","cmd":"field","ts":"2026-07-29T01:24:22Z","inv":{"id":"W-32","field":"evidence","op":"field_pop_last"}}
{"v":1,"session":"desktop-5a9h5ko:b9ace3ea3b856f36","cmd":"field","ts":"2026-07-29T01:24:44Z","inv":{"id":"W-32","field":"evidence","op":"field_pop_last"}}
{"v":1,"session":"desktop-5a9h5ko:b9ace3ea3b856f36","cmd":"field","ts":"2026-07-29T01:25:05Z","inv":{"id":"W-32","field":"evidence","op":"field_pop_last"}}
{"v":1,"session":"desktop-5a9h5ko:b9ace3ea3b856f36","cmd":"set","ts":"2026-07-29T01:25:30Z","inv":{"had_session_at_before":false,"old_w_status":"done","had_session_before":false,"id":"W-32","op":"set_w_status_with_goals","goal_statuses":{"G-09":"partial"},"old_session_at":"","old_session":""}}
{"v":1,"session":"desktop-5a9h5ko:b9ace3ea3b856f36","cmd":"field","ts":"2026-07-29T01:39:21Z","inv":{"id":"W-33","field":"evidence","op":"field_pop_last"}}
{"v":1,"session":"desktop-5a9h5ko:b9ace3ea3b856f36","cmd":"field","ts":"2026-07-29T01:39:44Z","inv":{"id":"W-33","field":"evidence","op":"field_pop_last"}}
{"v":1,"session":"desktop-5a9h5ko:b9ace3ea3b856f36","cmd":"field","ts":"2026-07-29T01:40:06Z","inv":{"id":"W-33","field":"evidence","op":"field_pop_last"}}
{"v":1,"session":"desktop-5a9h5ko:b9ace3ea3b856f36","cmd":"field","ts":"2026-07-29T01:40:29Z","inv":{"id":"W-33","field":"evidence","op":"field_pop_last"}}
{"v":1,"session":"desktop-5a9h5ko:b9ace3ea3b856f36","cmd":"field","ts":"2026-07-29T01:40:52Z","inv":{"id":"W-33","field":"evidence","op":"field_pop_last"}}
{"v":1,"session":"desktop-5a9h5ko:b9ace3ea3b856f36","cmd":"set","ts":"2026-07-29T01:41:18Z","inv":{"had_session_at_before":true,"old_w_status":"progress","had_session_before":true,"id":"W-33","op":"set_w_status_with_goals","goal_statuses":{"G-09":"partial"},"old_session_at":"2026-07-29T01:21:46Z","old_session":"desktop-5a9h5ko:b9ace3ea3b856f36"}}
{"v":1,"session":"desktop-5a9h5ko:b9ace3ea3b856f36","cmd":"set","ts":"2026-07-29T01:41:43Z","inv":{"had_session_at_before":false,"old_w_status":"proposed","had_session_before":false,"id":"W-34","op":"set_w_status_with_goals","goal_statuses":{"G-09":"partial"},"old_session_at":"","old_session":""}}
{"v":1,"session":"desktop-5a9h5ko:b9ace3ea3b856f36","cmd":"field","ts":"2026-07-29T02:12:10Z","inv":{"id":"W-34","field":"evidence","op":"field_pop_last"}}
{"v":1,"session":"desktop-5a9h5ko:b9ace3ea3b856f36","cmd":"field","ts":"2026-07-29T02:12:31Z","inv":{"id":"W-34","field":"evidence","op":"field_pop_last"}}
{"v":1,"session":"desktop-5a9h5ko:b9ace3ea3b856f36","cmd":"field","ts":"2026-07-29T02:12:52Z","inv":{"id":"W-34","field":"evidence","op":"field_pop_last"}}
{"v":1,"session":"desktop-5a9h5ko:b9ace3ea3b856f36","cmd":"field","ts":"2026-07-29T02:13:12Z","inv":{"id":"W-34","field":"evidence","op":"field_pop_last"}}
{"v":1,"session":"desktop-5a9h5ko:b9ace3ea3b856f36","cmd":"field","ts":"2026-07-29T02:13:33Z","inv":{"id":"W-34","field":"evidence","op":"field_pop_last"}}
{"v":1,"session":"desktop-5a9h5ko:b9ace3ea3b856f36","cmd":"set","ts":"2026-07-29T02:13:57Z","inv":{"had_session_at_before":true,"old_w_status":"progress","had_session_before":true,"id":"W-34","op":"set_w_status_with_goals","goal_statuses":{"G-09":"partial"},"old_session_at":"2026-07-29T01:41:43Z","old_session":"desktop-5a9h5ko:b9ace3ea3b856f36"}}
{"v":1,"session":"desktop-5a9h5ko:b9ace3ea3b856f36","cmd":"set","ts":"2026-07-29T02:14:22Z","inv":{"had_session_at_before":false,"old_w_status":"proposed","had_session_before":false,"id":"W-35","op":"set_w_status_with_goals","goal_statuses":{"G-09":"partial"},"old_session_at":"","old_session":""}}
{"v":1,"session":"desktop-5a9h5ko:b9ace3ea3b856f36","cmd":"field","ts":"2026-07-29T02:57:34Z","inv":{"id":"W-35","field":"evidence","op":"field_pop_last"}}
{"v":1,"session":"desktop-5a9h5ko:b9ace3ea3b856f36","cmd":"field","ts":"2026-07-29T02:57:55Z","inv":{"id":"W-35","field":"evidence","op":"field_pop_last"}}
{"v":1,"session":"desktop-5a9h5ko:b9ace3ea3b856f36","cmd":"field","ts":"2026-07-29T02:58:16Z","inv":{"id":"W-35","field":"evidence","op":"field_pop_last"}}
{"v":1,"session":"desktop-5a9h5ko:b9ace3ea3b856f36","cmd":"field","ts":"2026-07-29T02:58:37Z","inv":{"id":"W-35","field":"evidence","op":"field_pop_last"}}
{"v":1,"session":"desktop-5a9h5ko:b9ace3ea3b856f36","cmd":"field","ts":"2026-07-29T02:58:58Z","inv":{"id":"W-35","field":"evidence","op":"field_pop_last"}}
{"v":1,"session":"desktop-5a9h5ko:b9ace3ea3b856f36","cmd":"field","ts":"2026-07-29T02:59:19Z","inv":{"id":"W-35","field":"evidence","op":"field_pop_last"}}
{"v":1,"session":"desktop-5a9h5ko:b9ace3ea3b856f36","cmd":"set","ts":"2026-07-29T02:59:43Z","inv":{"had_session_at_before":true,"old_w_status":"progress","had_session_before":true,"id":"W-35","op":"set_w_status_with_goals","goal_statuses":{"G-09":"partial"},"old_session_at":"2026-07-29T02:14:22Z","old_session":"desktop-5a9h5ko:b9ace3ea3b856f36"}}
{"v":1,"session":"desktop-5a9h5ko:b9ace3ea3b856f36","cmd":"add","ts":"2026-07-30T22:55:29Z","inv":{"id":"G-10","op":"rm_node"}}
{"v":1,"session":"desktop-5a9h5ko:b9ace3ea3b856f36","cmd":"add","ts":"2026-07-30T22:55:37Z","inv":{"id":"W-36","op":"rm_node"}}
{"v":1,"session":"desktop-5a9h5ko:b9ace3ea3b856f36","cmd":"fitness","ts":"2026-07-30T22:55:46Z","inv":{"had_key":false,"wid":"W-36","gid":"G-10","previous":null,"op":"restore_fitness_key"}}
{"v":1,"session":"desktop-5a9h5ko:b9ace3ea3b856f36","cmd":"add","ts":"2026-07-30T22:55:55Z","inv":{"id":"W-37","op":"rm_node"}}
{"v":1,"session":"desktop-5a9h5ko:b9ace3ea3b856f36","cmd":"fitness","ts":"2026-07-30T22:56:04Z","inv":{"had_key":false,"wid":"W-37","gid":"G-10","previous":null,"op":"restore_fitness_key"}}
{"v":1,"session":"desktop-5a9h5ko:b9ace3ea3b856f36","cmd":"add","ts":"2026-07-30T22:56:13Z","inv":{"id":"W-38","op":"rm_node"}}
{"v":1,"session":"desktop-5a9h5ko:b9ace3ea3b856f36","cmd":"fitness","ts":"2026-07-30T22:56:21Z","inv":{"had_key":false,"wid":"W-38","gid":"G-10","previous":null,"op":"restore_fitness_key"}}
{"v":1,"session":"desktop-5a9h5ko:b9ace3ea3b856f36","cmd":"add","ts":"2026-07-30T22:56:30Z","inv":{"id":"W-39","op":"rm_node"}}
{"v":1,"session":"desktop-5a9h5ko:b9ace3ea3b856f36","cmd":"fitness","ts":"2026-07-30T22:56:38Z","inv":{"had_key":false,"wid":"W-39","gid":"G-10","previous":null,"op":"restore_fitness_key"}}
{"v":1,"session":"desktop-5a9h5ko:b9ace3ea3b856f36","cmd":"add","ts":"2026-07-30T22:56:47Z","inv":{"id":"W-40","op":"rm_node"}}
{"v":1,"session":"desktop-5a9h5ko:b9ace3ea3b856f36","cmd":"fitness","ts":"2026-07-30T22:56:55Z","inv":{"had_key":false,"wid":"W-40","gid":"G-10","previous":null,"op":"restore_fitness_key"}}
{"v":1,"session":"desktop-5a9h5ko:b9ace3ea3b856f36","cmd":"field","ts":"2026-07-30T22:57:38Z","inv":{"id":"W-36","field":"ac","op":"field_pop_last"}}
{"v":1,"session":"desktop-5a9h5ko:b9ace3ea3b856f36","cmd":"field","ts":"2026-07-30T22:57:47Z","inv":{"id":"W-36","field":"ac","op":"field_pop_last"}}
{"v":1,"session":"desktop-5a9h5ko:b9ace3ea3b856f36","cmd":"field","ts":"2026-07-30T22:57:55Z","inv":{"id":"W-36","field":"ac","op":"field_pop_last"}}
{"v":1,"session":"desktop-5a9h5ko:b9ace3ea3b856f36","cmd":"field","ts":"2026-07-30T22:58:03Z","inv":{"id":"W-36","field":"ac","op":"field_pop_last"}}
{"v":1,"session":"desktop-5a9h5ko:b9ace3ea3b856f36","cmd":"field","ts":"2026-07-30T22:58:12Z","inv":{"id":"W-36","field":"hypothesis","op":"field_pop_last"}}
{"v":1,"session":"desktop-5a9h5ko:b9ace3ea3b856f36","cmd":"field","ts":"2026-07-30T22:58:20Z","inv":{"id":"W-36","field":"repro","op":"field_pop_last"}}
{"v":1,"session":"desktop-5a9h5ko:b9ace3ea3b856f36","cmd":"field","ts":"2026-07-30T22:58:29Z","inv":{"id":"W-36","field":"evidence_strategy","op":"field_pop_last"}}
{"v":1,"session":"desktop-5a9h5ko:b9ace3ea3b856f36","cmd":"field","ts":"2026-07-30T22:58:37Z","inv":{"id":"W-36","field":"evidence_strategy","op":"field_pop_last"}}
{"v":1,"session":"desktop-5a9h5ko:b9ace3ea3b856f36","cmd":"field","ts":"2026-07-30T22:58:45Z","inv":{"id":"W-36","field":"evidence_strategy","op":"field_pop_last"}}
{"v":1,"session":"desktop-5a9h5ko:b9ace3ea3b856f36","cmd":"field","ts":"2026-07-30T22:58:54Z","inv":{"id":"W-36","field":"evidence_strategy","op":"field_pop_last"}}
{"v":1,"session":"desktop-5a9h5ko:b9ace3ea3b856f36","cmd":"field","ts":"2026-07-30T22:59:02Z","inv":{"id":"W-36","field":"why","op":"field_pop_last"}}
{"v":1,"session":"desktop-5a9h5ko:b9ace3ea3b856f36","cmd":"set","ts":"2026-07-30T22:59:16Z","inv":{"had_session_at_before":false,"old_w_status":"proposed","had_session_before":false,"id":"W-36","op":"set_w_status_with_goals","goal_statuses":{"G-10":"unverified"},"old_session_at":"","old_session":""}}
{"v":1,"session":"desktop-5a9h5ko:b9ace3ea3b856f36","cmd":"field","ts":"2026-07-30T23:18:39Z","inv":{"id":"W-36","field":"evidence","op":"field_pop_last"}}
{"v":1,"session":"desktop-5a9h5ko:b9ace3ea3b856f36","cmd":"field","ts":"2026-07-30T23:18:52Z","inv":{"id":"W-36","field":"evidence","op":"field_pop_last"}}
{"v":1,"session":"desktop-5a9h5ko:b9ace3ea3b856f36","cmd":"field","ts":"2026-07-30T23:19:05Z","inv":{"id":"W-36","field":"evidence","op":"field_pop_last"}}
{"v":1,"session":"desktop-5a9h5ko:b9ace3ea3b856f36","cmd":"field","ts":"2026-07-30T23:19:17Z","inv":{"id":"W-36","field":"evidence","op":"field_pop_last"}}
{"v":1,"session":"desktop-5a9h5ko:b9ace3ea3b856f36","cmd":"set","ts":"2026-07-30T23:19:32Z","inv":{"had_session_at_before":true,"old_w_status":"progress","had_session_before":true,"id":"W-36","op":"set_w_status_with_goals","goal_statuses":{"G-10":"unverified"},"old_session_at":"2026-07-30T22:59:16Z","old_session":"desktop-5a9h5ko:b9ace3ea3b856f36"}}
{"v":1,"session":"desktop-5a9h5ko:b9ace3ea3b856f36","cmd":"field","ts":"2026-07-30T23:19:47Z","inv":{"id":"W-37","field":"ac","op":"field_pop_last"}}
{"v":1,"session":"desktop-5a9h5ko:b9ace3ea3b856f36","cmd":"field","ts":"2026-07-30T23:20:00Z","inv":{"id":"W-37","field":"ac","op":"field_pop_last"}}
{"v":1,"session":"desktop-5a9h5ko:b9ace3ea3b856f36","cmd":"field","ts":"2026-07-30T23:20:15Z","inv":{"id":"W-37","field":"ac","op":"field_pop_last"}}
{"v":1,"session":"desktop-5a9h5ko:b9ace3ea3b856f36","cmd":"field","ts":"2026-07-30T23:20:29Z","inv":{"id":"W-37","field":"ac","op":"field_pop_last"}}
{"v":1,"session":"desktop-5a9h5ko:b9ace3ea3b856f36","cmd":"field","ts":"2026-07-30T23:20:43Z","inv":{"id":"W-37","field":"ac","op":"field_pop_last"}}
{"v":1,"session":"desktop-5a9h5ko:b9ace3ea3b856f36","cmd":"field","ts":"2026-07-30T23:20:55Z","inv":{"id":"W-37","field":"hypothesis","op":"field_pop_last"}}
{"v":1,"session":"desktop-5a9h5ko:b9ace3ea3b856f36","cmd":"field","ts":"2026-07-30T23:21:08Z","inv":{"id":"W-37","field":"evidence_strategy","op":"field_pop_last"}}
{"v":1,"session":"desktop-5a9h5ko:b9ace3ea3b856f36","cmd":"field","ts":"2026-07-30T23:21:21Z","inv":{"id":"W-37","field":"evidence_strategy","op":"field_pop_last"}}
{"v":1,"session":"desktop-5a9h5ko:b9ace3ea3b856f36","cmd":"field","ts":"2026-07-30T23:21:34Z","inv":{"id":"W-37","field":"evidence_strategy","op":"field_pop_last"}}
{"v":1,"session":"desktop-5a9h5ko:b9ace3ea3b856f36","cmd":"field","ts":"2026-07-30T23:21:47Z","inv":{"id":"W-37","field":"evidence_strategy","op":"field_pop_last"}}
{"v":1,"session":"desktop-5a9h5ko:b9ace3ea3b856f36","cmd":"field","ts":"2026-07-30T23:22:00Z","inv":{"id":"W-37","field":"why","op":"field_pop_last"}}
{"v":1,"session":"desktop-5a9h5ko:b9ace3ea3b856f36","cmd":"set","ts":"2026-07-30T23:22:22Z","inv":{"had_session_at_before":false,"old_w_status":"proposed","had_session_before":false,"id":"W-37","op":"set_w_status_with_goals","goal_statuses":{"G-10":"partial"},"old_session_at":"","old_session":""}}
{"v":1,"session":"desktop-5a9h5ko:b9ace3ea3b856f36","cmd":"field","ts":"2026-07-30T23:44:53Z","inv":{"id":"W-37","field":"evidence","op":"field_pop_last"}}
{"v":1,"session":"desktop-5a9h5ko:b9ace3ea3b856f36","cmd":"field","ts":"2026-07-30T23:45:06Z","inv":{"id":"W-37","field":"evidence","op":"field_pop_last"}}
{"v":1,"session":"desktop-5a9h5ko:b9ace3ea3b856f36","cmd":"field","ts":"2026-07-30T23:45:21Z","inv":{"id":"W-37","field":"evidence","op":"field_pop_last"}}
{"v":1,"session":"desktop-5a9h5ko:b9ace3ea3b856f36","cmd":"field","ts":"2026-07-30T23:45:37Z","inv":{"id":"W-37","field":"evidence","op":"field_pop_last"}}
{"v":1,"session":"desktop-5a9h5ko:b9ace3ea3b856f36","cmd":"field","ts":"2026-07-30T23:45:50Z","inv":{"id":"W-37","field":"evidence","op":"field_pop_last"}}
{"v":1,"session":"desktop-5a9h5ko:b9ace3ea3b856f36","cmd":"set","ts":"2026-07-30T23:46:05Z","inv":{"had_session_at_before":true,"old_w_status":"progress","had_session_before":true,"id":"W-37","op":"set_w_status_with_goals","goal_statuses":{"G-10":"partial"},"old_session_at":"2026-07-30T23:22:22Z","old_session":"desktop-5a9h5ko:b9ace3ea3b856f36"}}
{"v":1,"session":"desktop-5a9h5ko:b9ace3ea3b856f36","cmd":"field","ts":"2026-07-30T23:46:18Z","inv":{"id":"W-38","field":"ac","op":"field_pop_last"}}
{"v":1,"session":"desktop-5a9h5ko:b9ace3ea3b856f36","cmd":"field","ts":"2026-07-30T23:46:32Z","inv":{"id":"W-38","field":"ac","op":"field_pop_last"}}
{"v":1,"session":"desktop-5a9h5ko:b9ace3ea3b856f36","cmd":"field","ts":"2026-07-30T23:46:45Z","inv":{"id":"W-38","field":"ac","op":"field_pop_last"}}
{"v":1,"session":"desktop-5a9h5ko:b9ace3ea3b856f36","cmd":"field","ts":"2026-07-30T23:46:58Z","inv":{"id":"W-38","field":"ac","op":"field_pop_last"}}
{"v":1,"session":"desktop-5a9h5ko:b9ace3ea3b856f36","cmd":"field","ts":"2026-07-30T23:47:11Z","inv":{"id":"W-38","field":"hypothesis","op":"field_pop_last"}}
{"v":1,"session":"desktop-5a9h5ko:b9ace3ea3b856f36","cmd":"field","ts":"2026-07-30T23:47:24Z","inv":{"id":"W-38","field":"evidence_strategy","op":"field_pop_last"}}
{"v":1,"session":"desktop-5a9h5ko:b9ace3ea3b856f36","cmd":"field","ts":"2026-07-30T23:47:37Z","inv":{"id":"W-38","field":"evidence_strategy","op":"field_pop_last"}}
{"v":1,"session":"desktop-5a9h5ko:b9ace3ea3b856f36","cmd":"field","ts":"2026-07-30T23:47:51Z","inv":{"id":"W-38","field":"evidence_strategy","op":"field_pop_last"}}
{"v":1,"session":"desktop-5a9h5ko:b9ace3ea3b856f36","cmd":"field","ts":"2026-07-30T23:48:01Z","inv":{"id":"W-38","field":"why","op":"field_pop_last"}}
{"v":1,"session":"desktop-5a9h5ko:b9ace3ea3b856f36","cmd":"set","ts":"2026-07-30T23:48:15Z","inv":{"had_session_at_before":false,"old_w_status":"proposed","had_session_before":false,"id":"W-38","op":"set_w_status_with_goals","goal_statuses":{"G-10":"partial"},"old_session_at":"","old_session":""}}
{"v":1,"session":"desktop-5a9h5ko:b9ace3ea3b856f36","cmd":"field","ts":"2026-07-31T00:06:55Z","inv":{"id":"W-39","field":"ac","op":"field_pop_last"}}
{"v":1,"session":"desktop-5a9h5ko:b9ace3ea3b856f36","cmd":"field","ts":"2026-07-31T00:07:40Z","inv":{"id":"W-39","field":"ac","op":"field_pop_last"}}
{"v":1,"session":"desktop-5a9h5ko:b9ace3ea3b856f36","cmd":"field","ts":"2026-07-31T00:08:15Z","inv":{"id":"W-39","field":"ac","op":"field_pop_last"}}
{"v":1,"session":"desktop-5a9h5ko:b9ace3ea3b856f36","cmd":"field","ts":"2026-07-31T00:08:32Z","inv":{"id":"W-39","field":"ac","op":"field_pop_last"}}
{"v":1,"session":"desktop-5a9h5ko:b9ace3ea3b856f36","cmd":"field","ts":"2026-07-31T00:08:51Z","inv":{"id":"W-39","field":"ac","op":"field_pop_last"}}
{"v":1,"session":"desktop-5a9h5ko:b9ace3ea3b856f36","cmd":"field","ts":"2026-07-31T00:09:08Z","inv":{"id":"W-39","field":"hypothesis","op":"field_pop_last"}}
{"v":1,"session":"desktop-5a9h5ko:b9ace3ea3b856f36","cmd":"field","ts":"2026-07-31T00:09:23Z","inv":{"id":"W-39","field":"evidence_strategy","op":"field_pop_last"}}
{"v":1,"session":"desktop-5a9h5ko:b9ace3ea3b856f36","cmd":"field","ts":"2026-07-31T00:09:39Z","inv":{"id":"W-39","field":"evidence_strategy","op":"field_pop_last"}}
{"v":1,"session":"desktop-5a9h5ko:b9ace3ea3b856f36","cmd":"field","ts":"2026-07-31T00:09:59Z","inv":{"id":"W-39","field":"evidence_strategy","op":"field_pop_last"}}
{"v":1,"session":"desktop-5a9h5ko:b9ace3ea3b856f36","cmd":"field","ts":"2026-07-31T00:10:13Z","inv":{"id":"W-39","field":"evidence_strategy","op":"field_pop_last"}}
{"v":1,"session":"desktop-5a9h5ko:b9ace3ea3b856f36","cmd":"field","ts":"2026-07-31T00:10:26Z","inv":{"id":"W-39","field":"why","op":"field_pop_last"}}
{"v":1,"session":"desktop-5a9h5ko:b9ace3ea3b856f36","cmd":"field","ts":"2026-07-31T00:12:58Z","inv":{"id":"W-38","field":"evidence","op":"field_pop_last"}}
{"v":1,"session":"desktop-5a9h5ko:b9ace3ea3b856f36","cmd":"field","ts":"2026-07-31T00:13:11Z","inv":{"id":"W-38","field":"evidence","op":"field_pop_last"}}
{"v":1,"session":"desktop-5a9h5ko:b9ace3ea3b856f36","cmd":"field","ts":"2026-07-31T00:13:24Z","inv":{"id":"W-38","field":"evidence","op":"field_pop_last"}}
{"v":1,"session":"desktop-5a9h5ko:b9ace3ea3b856f36","cmd":"field","ts":"2026-07-31T00:13:37Z","inv":{"id":"W-38","field":"evidence","op":"field_pop_last"}}
{"v":1,"session":"desktop-5a9h5ko:b9ace3ea3b856f36","cmd":"set","ts":"2026-07-31T00:13:45Z","inv":{"had_session_at_before":true,"old_w_status":"progress","had_session_before":true,"id":"W-38","op":"set_w_status_with_goals","goal_statuses":{"G-10":"partial"},"old_session_at":"2026-07-30T23:48:15Z","old_session":"desktop-5a9h5ko:b9ace3ea3b856f36"}}
{"v":1,"session":"desktop-5a9h5ko:b9ace3ea3b856f36","cmd":"set","ts":"2026-07-31T00:14:01Z","inv":{"had_session_at_before":false,"old_w_status":"proposed","had_session_before":false,"id":"W-39","op":"set_w_status_with_goals","goal_statuses":{"G-10":"partial"},"old_session_at":"","old_session":""}}
{"v":1,"session":"desktop-5a9h5ko:b9ace3ea3b856f36","cmd":"field","ts":"2026-07-31T00:29:13Z","inv":{"id":"W-39","field":"evidence","op":"field_pop_last"}}
{"v":1,"session":"desktop-5a9h5ko:b9ace3ea3b856f36","cmd":"field","ts":"2026-07-31T00:29:22Z","inv":{"id":"W-39","field":"evidence","op":"field_pop_last"}}
{"v":1,"session":"desktop-5a9h5ko:b9ace3ea3b856f36","cmd":"field","ts":"2026-07-31T00:29:31Z","inv":{"id":"W-39","field":"evidence","op":"field_pop_last"}}
{"v":1,"session":"desktop-5a9h5ko:b9ace3ea3b856f36","cmd":"field","ts":"2026-07-31T00:29:40Z","inv":{"id":"W-39","field":"evidence","op":"field_pop_last"}}
{"v":1,"session":"desktop-5a9h5ko:b9ace3ea3b856f36","cmd":"set","ts":"2026-07-31T00:29:51Z","inv":{"had_session_at_before":true,"old_w_status":"progress","had_session_before":true,"id":"W-39","op":"set_w_status_with_goals","goal_statuses":{"G-10":"partial"},"old_session_at":"2026-07-31T00:14:01Z","old_session":"desktop-5a9h5ko:b9ace3ea3b856f36"}}
{"v":1,"session":"desktop-5a9h5ko:b9ace3ea3b856f36","cmd":"field","ts":"2026-07-31T00:30:00Z","inv":{"id":"W-40","field":"ac","op":"field_pop_last"}}
{"v":1,"session":"desktop-5a9h5ko:b9ace3ea3b856f36","cmd":"field","ts":"2026-07-31T00:30:09Z","inv":{"id":"W-40","field":"ac","op":"field_pop_last"}}
{"v":1,"session":"desktop-5a9h5ko:b9ace3ea3b856f36","cmd":"field","ts":"2026-07-31T00:30:18Z","inv":{"id":"W-40","field":"ac","op":"field_pop_last"}}
{"v":1,"session":"desktop-5a9h5ko:b9ace3ea3b856f36","cmd":"field","ts":"2026-07-31T00:30:27Z","inv":{"id":"W-40","field":"ac","op":"field_pop_last"}}
{"v":1,"session":"desktop-5a9h5ko:b9ace3ea3b856f36","cmd":"field","ts":"2026-07-31T00:30:36Z","inv":{"id":"W-40","field":"ac","op":"field_pop_last"}}
{"v":1,"session":"desktop-5a9h5ko:b9ace3ea3b856f36","cmd":"field","ts":"2026-07-31T00:30:46Z","inv":{"id":"W-40","field":"hypothesis","op":"field_pop_last"}}
{"v":1,"session":"desktop-5a9h5ko:b9ace3ea3b856f36","cmd":"field","ts":"2026-07-31T00:30:55Z","inv":{"id":"W-40","field":"evidence_strategy","op":"field_pop_last"}}
{"v":1,"session":"desktop-5a9h5ko:b9ace3ea3b856f36","cmd":"field","ts":"2026-07-31T00:31:04Z","inv":{"id":"W-40","field":"evidence_strategy","op":"field_pop_last"}}
{"v":1,"session":"desktop-5a9h5ko:b9ace3ea3b856f36","cmd":"field","ts":"2026-07-31T00:31:13Z","inv":{"id":"W-40","field":"evidence_strategy","op":"field_pop_last"}}
{"v":1,"session":"desktop-5a9h5ko:b9ace3ea3b856f36","cmd":"field","ts":"2026-07-31T00:31:21Z","inv":{"id":"W-40","field":"evidence_strategy","op":"field_pop_last"}}
{"v":1,"session":"desktop-5a9h5ko:b9ace3ea3b856f36","cmd":"field","ts":"2026-07-31T00:31:31Z","inv":{"id":"W-40","field":"why","op":"field_pop_last"}}
{"v":1,"session":"desktop-5a9h5ko:b9ace3ea3b856f36","cmd":"set","ts":"2026-07-31T00:31:46Z","inv":{"had_session_at_before":false,"old_w_status":"proposed","had_session_before":false,"id":"W-40","op":"set_w_status_with_goals","goal_statuses":{"G-10":"partial"},"old_session_at":"","old_session":""}}
{"v":1,"session":"desktop-5a9h5ko:b9ace3ea3b856f36","cmd":"field","ts":"2026-07-31T01:14:36Z","inv":{"id":"W-40","field":"evidence","op":"field_pop_last"}}
{"v":1,"session":"desktop-5a9h5ko:b9ace3ea3b856f36","cmd":"field","ts":"2026-07-31T01:14:44Z","inv":{"id":"W-40","field":"evidence","op":"field_pop_last"}}
{"v":1,"session":"desktop-5a9h5ko:b9ace3ea3b856f36","cmd":"field","ts":"2026-07-31T01:14:52Z","inv":{"id":"W-40","field":"evidence","op":"field_pop_last"}}
{"v":1,"session":"desktop-5a9h5ko:b9ace3ea3b856f36","cmd":"field","ts":"2026-07-31T01:15:01Z","inv":{"id":"W-40","field":"evidence","op":"field_pop_last"}}
{"v":1,"session":"desktop-5a9h5ko:b9ace3ea3b856f36","cmd":"field","ts":"2026-07-31T01:15:10Z","inv":{"id":"W-40","field":"evidence","op":"field_pop_last"}}
{"v":1,"session":"desktop-5a9h5ko:b9ace3ea3b856f36","cmd":"field","ts":"2026-07-31T01:15:19Z","inv":{"id":"W-40","field":"evidence","op":"field_pop_last"}}
{"v":1,"session":"desktop-5a9h5ko:b9ace3ea3b856f36","cmd":"set","ts":"2026-07-31T01:15:29Z","inv":{"had_session_at_before":true,"old_w_status":"progress","had_session_before":true,"id":"W-40","op":"set_w_status_with_goals","goal_statuses":{"G-10":"partial"},"old_session_at":"2026-07-31T00:31:46Z","old_session":"desktop-5a9h5ko:b9ace3ea3b856f36"}}
{"v":1,"session":"desktop-5a9h5ko:b9ace3ea3b856f36","cmd":"distill","ts":"2026-07-31T01:46:12Z","inv":{"goal":"G-08","op":"distill","empty":true}}
{"v":1,"session":"desktop-5a9h5ko:b9ace3ea3b856f36","cmd":"archive","ts":"2026-07-31T01:46:20Z","inv":{"ids":["G-08","W-24","W-25","W-26","W-27","W-28","W-29"],"id":"G-08","op":"archive"}}
{"v":1,"session":"desktop-5a9h5ko:b9ace3ea3b856f36","cmd":"distill","ts":"2026-07-31T01:46:27Z","inv":{"goal":"G-09","op":"distill","empty":true}}
{"v":1,"session":"desktop-5a9h5ko:b9ace3ea3b856f36","cmd":"archive","ts":"2026-07-31T01:46:35Z","inv":{"ids":["G-09","W-30","W-31","W-32","W-33","W-34","W-35"],"id":"G-09","op":"archive"}}
{"v":1,"session":"desktop-5a9h5ko:b9ace3ea3b856f36","cmd":"distill","ts":"2026-07-31T01:46:41Z","inv":{"goal":"G-10","op":"distill","empty":true}}
{"v":1,"session":"desktop-5a9h5ko:b9ace3ea3b856f36","cmd":"archive","ts":"2026-07-31T01:46:49Z","inv":{"ids":["G-10","W-36","W-37","W-38","W-39","W-40"],"id":"G-10","op":"archive"}}
{"v":1,"session":"desktop-5a9h5ko:b9ace3ea3b856f36","cmd":"add","ts":"2026-07-31T01:47:34Z","inv":{"id":"G-11","op":"rm_node"}}
{"v":1,"session":"desktop-5a9h5ko:b9ace3ea3b856f36","cmd":"add","ts":"2026-07-31T01:47:43Z","inv":{"id":"W-41","op":"rm_node"}}
{"v":1,"session":"desktop-5a9h5ko:b9ace3ea3b856f36","cmd":"fitness","ts":"2026-07-31T01:47:51Z","inv":{"had_key":false,"wid":"W-41","gid":"G-11","previous":null,"op":"restore_fitness_key"}}
{"v":1,"session":"desktop-5a9h5ko:b9ace3ea3b856f36","cmd":"add","ts":"2026-07-31T01:48:00Z","inv":{"id":"W-42","op":"rm_node"}}
{"v":1,"session":"desktop-5a9h5ko:b9ace3ea3b856f36","cmd":"fitness","ts":"2026-07-31T01:48:08Z","inv":{"had_key":false,"wid":"W-42","gid":"G-11","previous":null,"op":"restore_fitness_key"}}
{"v":1,"session":"desktop-5a9h5ko:b9ace3ea3b856f36","cmd":"add","ts":"2026-07-31T01:48:17Z","inv":{"id":"W-43","op":"rm_node"}}
{"v":1,"session":"desktop-5a9h5ko:b9ace3ea3b856f36","cmd":"fitness","ts":"2026-07-31T01:48:25Z","inv":{"had_key":false,"wid":"W-43","gid":"G-11","previous":null,"op":"restore_fitness_key"}}
{"v":1,"session":"desktop-5a9h5ko:b9ace3ea3b856f36","cmd":"add","ts":"2026-07-31T01:48:34Z","inv":{"id":"W-44","op":"rm_node"}}
{"v":1,"session":"desktop-5a9h5ko:b9ace3ea3b856f36","cmd":"fitness","ts":"2026-07-31T01:48:42Z","inv":{"had_key":false,"wid":"W-44","gid":"G-11","previous":null,"op":"restore_fitness_key"}}
{"v":1,"session":"desktop-5a9h5ko:b9ace3ea3b856f36","cmd":"field","ts":"2026-07-31T01:49:35Z","inv":{"id":"W-41","field":"ac","op":"field_pop_last"}}
{"v":1,"session":"desktop-5a9h5ko:b9ace3ea3b856f36","cmd":"field","ts":"2026-07-31T01:49:43Z","inv":{"id":"W-41","field":"ac","op":"field_pop_last"}}
{"v":1,"session":"desktop-5a9h5ko:b9ace3ea3b856f36","cmd":"field","ts":"2026-07-31T01:49:52Z","inv":{"id":"W-41","field":"ac","op":"field_pop_last"}}
{"v":1,"session":"desktop-5a9h5ko:b9ace3ea3b856f36","cmd":"field","ts":"2026-07-31T01:50:00Z","inv":{"id":"W-41","field":"ac","op":"field_pop_last"}}
{"v":1,"session":"desktop-5a9h5ko:b9ace3ea3b856f36","cmd":"field","ts":"2026-07-31T01:50:09Z","inv":{"id":"W-41","field":"ac","op":"field_pop_last"}}
{"v":1,"session":"desktop-5a9h5ko:b9ace3ea3b856f36","cmd":"field","ts":"2026-07-31T01:50:17Z","inv":{"id":"W-41","field":"hypothesis","op":"field_pop_last"}}
{"v":1,"session":"desktop-5a9h5ko:b9ace3ea3b856f36","cmd":"field","ts":"2026-07-31T01:50:26Z","inv":{"id":"W-41","field":"evidence_strategy","op":"field_pop_last"}}
{"v":1,"session":"desktop-5a9h5ko:b9ace3ea3b856f36","cmd":"field","ts":"2026-07-31T01:50:34Z","inv":{"id":"W-41","field":"evidence_strategy","op":"field_pop_last"}}
{"v":1,"session":"desktop-5a9h5ko:b9ace3ea3b856f36","cmd":"field","ts":"2026-07-31T01:50:42Z","inv":{"id":"W-41","field":"evidence_strategy","op":"field_pop_last"}}
{"v":1,"session":"desktop-5a9h5ko:b9ace3ea3b856f36","cmd":"field","ts":"2026-07-31T01:50:51Z","inv":{"id":"W-41","field":"evidence_strategy","op":"field_pop_last"}}
{"v":1,"session":"desktop-5a9h5ko:b9ace3ea3b856f36","cmd":"field","ts":"2026-07-31T01:50:59Z","inv":{"id":"W-41","field":"why","op":"field_pop_last"}}
{"v":1,"session":"desktop-5a9h5ko:b9ace3ea3b856f36","cmd":"set","ts":"2026-07-31T01:51:13Z","inv":{"had_session_at_before":false,"old_w_status":"proposed","had_session_before":false,"id":"W-41","op":"set_w_status_with_goals","goal_statuses":{"G-11":"unverified"},"old_session_at":"","old_session":""}}
{"v":1,"session":"desktop-5a9h5ko:b9ace3ea3b856f36","cmd":"field","ts":"2026-07-31T02:17:15Z","inv":{"id":"W-41","field":"evidence","op":"field_pop_last"}}
{"v":1,"session":"desktop-5a9h5ko:b9ace3ea3b856f36","cmd":"field","ts":"2026-07-31T02:17:23Z","inv":{"id":"W-41","field":"evidence","op":"field_pop_last"}}
{"v":1,"session":"desktop-5a9h5ko:b9ace3ea3b856f36","cmd":"field","ts":"2026-07-31T02:17:32Z","inv":{"id":"W-41","field":"evidence","op":"field_pop_last"}}
{"v":1,"session":"desktop-5a9h5ko:b9ace3ea3b856f36","cmd":"field","ts":"2026-07-31T02:17:40Z","inv":{"id":"W-41","field":"evidence","op":"field_pop_last"}}
{"v":1,"session":"desktop-5a9h5ko:b9ace3ea3b856f36","cmd":"set","ts":"2026-07-31T02:17:50Z","inv":{"had_session_at_before":true,"old_w_status":"progress","had_session_before":true,"id":"W-41","op":"set_w_status_with_goals","goal_statuses":{"G-11":"unverified"},"old_session_at":"2026-07-31T01:51:13Z","old_session":"desktop-5a9h5ko:b9ace3ea3b856f36"}}
{"v":1,"session":"desktop-5a9h5ko:b9ace3ea3b856f36","cmd":"field","ts":"2026-07-31T02:17:58Z","inv":{"id":"W-42","field":"ac","op":"field_pop_last"}}
{"v":1,"session":"desktop-5a9h5ko:b9ace3ea3b856f36","cmd":"field","ts":"2026-07-31T02:18:06Z","inv":{"id":"W-42","field":"ac","op":"field_pop_last"}}
{"v":1,"session":"desktop-5a9h5ko:b9ace3ea3b856f36","cmd":"field","ts":"2026-07-31T02:18:15Z","inv":{"id":"W-42","field":"ac","op":"field_pop_last"}}
{"v":1,"session":"desktop-5a9h5ko:b9ace3ea3b856f36","cmd":"field","ts":"2026-07-31T02:18:23Z","inv":{"id":"W-42","field":"ac","op":"field_pop_last"}}
{"v":1,"session":"desktop-5a9h5ko:b9ace3ea3b856f36","cmd":"field","ts":"2026-07-31T02:18:31Z","inv":{"id":"W-42","field":"ac","op":"field_pop_last"}}
{"v":1,"session":"desktop-5a9h5ko:b9ace3ea3b856f36","cmd":"field","ts":"2026-07-31T02:18:40Z","inv":{"id":"W-42","field":"ac","op":"field_pop_last"}}
{"v":1,"session":"desktop-5a9h5ko:b9ace3ea3b856f36","cmd":"field","ts":"2026-07-31T02:18:48Z","inv":{"id":"W-42","field":"hypothesis","op":"field_pop_last"}}
{"v":1,"session":"desktop-5a9h5ko:b9ace3ea3b856f36","cmd":"field","ts":"2026-07-31T02:18:56Z","inv":{"id":"W-42","field":"evidence_strategy","op":"field_pop_last"}}
{"v":1,"session":"desktop-5a9h5ko:b9ace3ea3b856f36","cmd":"field","ts":"2026-07-31T02:19:05Z","inv":{"id":"W-42","field":"evidence_strategy","op":"field_pop_last"}}
{"v":1,"session":"desktop-5a9h5ko:b9ace3ea3b856f36","cmd":"field","ts":"2026-07-31T02:19:13Z","inv":{"id":"W-42","field":"evidence_strategy","op":"field_pop_last"}}
{"v":1,"session":"desktop-5a9h5ko:b9ace3ea3b856f36","cmd":"field","ts":"2026-07-31T02:19:21Z","inv":{"id":"W-42","field":"evidence_strategy","op":"field_pop_last"}}
{"v":1,"session":"desktop-5a9h5ko:b9ace3ea3b856f36","cmd":"field","ts":"2026-07-31T02:19:30Z","inv":{"id":"W-42","field":"why","op":"field_pop_last"}}
{"v":1,"session":"desktop-5a9h5ko:b9ace3ea3b856f36","cmd":"set","ts":"2026-07-31T02:19:43Z","inv":{"had_session_at_before":false,"old_w_status":"proposed","had_session_before":false,"id":"W-42","op":"set_w_status_with_goals","goal_statuses":{"G-11":"partial"},"old_session_at":"","old_session":""}}
{"v":1,"session":"desktop-5a9h5ko:b9ace3ea3b856f36","cmd":"field","ts":"2026-07-31T02:54:25Z","inv":{"id":"W-42","field":"evidence","op":"field_pop_last"}}
{"v":1,"session":"desktop-5a9h5ko:b9ace3ea3b856f36","cmd":"field","ts":"2026-07-31T02:54:33Z","inv":{"id":"W-42","field":"evidence","op":"field_pop_last"}}
{"v":1,"session":"desktop-5a9h5ko:b9ace3ea3b856f36","cmd":"field","ts":"2026-07-31T02:54:42Z","inv":{"id":"W-42","field":"evidence","op":"field_pop_last"}}
{"v":1,"session":"desktop-5a9h5ko:b9ace3ea3b856f36","cmd":"field","ts":"2026-07-31T02:54:50Z","inv":{"id":"W-42","field":"evidence","op":"field_pop_last"}}
{"v":1,"session":"desktop-5a9h5ko:b9ace3ea3b856f36","cmd":"field","ts":"2026-07-31T02:54:58Z","inv":{"id":"W-42","field":"evidence","op":"field_pop_last"}}
{"v":1,"session":"desktop-5a9h5ko:b9ace3ea3b856f36","cmd":"set","ts":"2026-07-31T02:55:08Z","inv":{"had_session_at_before":true,"old_w_status":"progress","had_session_before":true,"id":"W-42","op":"set_w_status_with_goals","goal_statuses":{"G-11":"partial"},"old_session_at":"2026-07-31T02:19:43Z","old_session":"desktop-5a9h5ko:b9ace3ea3b856f36"}}
{"v":1,"session":"desktop-5a9h5ko:b9ace3ea3b856f36","cmd":"field","ts":"2026-07-31T02:55:16Z","inv":{"id":"W-43","field":"ac","op":"field_pop_last"}}
{"v":1,"session":"desktop-5a9h5ko:b9ace3ea3b856f36","cmd":"field","ts":"2026-07-31T02:55:24Z","inv":{"id":"W-43","field":"ac","op":"field_pop_last"}}
{"v":1,"session":"desktop-5a9h5ko:b9ace3ea3b856f36","cmd":"field","ts":"2026-07-31T02:55:33Z","inv":{"id":"W-43","field":"ac","op":"field_pop_last"}}
{"v":1,"session":"desktop-5a9h5ko:b9ace3ea3b856f36","cmd":"field","ts":"2026-07-31T02:55:41Z","inv":{"id":"W-43","field":"ac","op":"field_pop_last"}}
{"v":1,"session":"desktop-5a9h5ko:b9ace3ea3b856f36","cmd":"field","ts":"2026-07-31T02:55:49Z","inv":{"id":"W-43","field":"hypothesis","op":"field_pop_last"}}
{"v":1,"session":"desktop-5a9h5ko:b9ace3ea3b856f36","cmd":"field","ts":"2026-07-31T02:55:58Z","inv":{"id":"W-43","field":"evidence_strategy","op":"field_pop_last"}}
{"v":1,"session":"desktop-5a9h5ko:b9ace3ea3b856f36","cmd":"field","ts":"2026-07-31T02:56:06Z","inv":{"id":"W-43","field":"evidence_strategy","op":"field_pop_last"}}
{"v":1,"session":"desktop-5a9h5ko:b9ace3ea3b856f36","cmd":"field","ts":"2026-07-31T02:56:14Z","inv":{"id":"W-43","field":"evidence_strategy","op":"field_pop_last"}}
{"v":1,"session":"desktop-5a9h5ko:b9ace3ea3b856f36","cmd":"field","ts":"2026-07-31T02:56:23Z","inv":{"id":"W-43","field":"evidence_strategy","op":"field_pop_last"}}
{"v":1,"session":"desktop-5a9h5ko:b9ace3ea3b856f36","cmd":"field","ts":"2026-07-31T02:56:31Z","inv":{"id":"W-43","field":"why","op":"field_pop_last"}}
{"v":1,"session":"desktop-5a9h5ko:b9ace3ea3b856f36","cmd":"set","ts":"2026-07-31T02:56:45Z","inv":{"had_session_at_before":false,"old_w_status":"proposed","had_session_before":false,"id":"W-43","op":"set_w_status_with_goals","goal_statuses":{"G-11":"partial"},"old_session_at":"","old_session":""}}
{"v":1,"session":"desktop-5a9h5ko:b9ace3ea3b856f36","cmd":"field","ts":"2026-07-31T03:18:09Z","inv":{"id":"W-43","field":"evidence","op":"field_pop_last"}}
{"v":1,"session":"desktop-5a9h5ko:b9ace3ea3b856f36","cmd":"field","ts":"2026-07-31T03:18:18Z","inv":{"id":"W-43","field":"evidence","op":"field_pop_last"}}
{"v":1,"session":"desktop-5a9h5ko:b9ace3ea3b856f36","cmd":"field","ts":"2026-07-31T03:18:26Z","inv":{"id":"W-43","field":"evidence","op":"field_pop_last"}}
{"v":1,"session":"desktop-5a9h5ko:b9ace3ea3b856f36","cmd":"field","ts":"2026-07-31T03:18:34Z","inv":{"id":"W-43","field":"evidence","op":"field_pop_last"}}
{"v":1,"session":"desktop-5a9h5ko:b9ace3ea3b856f36","cmd":"set","ts":"2026-07-31T03:18:44Z","inv":{"had_session_at_before":true,"old_w_status":"progress","had_session_before":true,"id":"W-43","op":"set_w_status_with_goals","goal_statuses":{"G-11":"partial"},"old_session_at":"2026-07-31T02:56:45Z","old_session":"desktop-5a9h5ko:b9ace3ea3b856f36"}}
{"v":1,"session":"desktop-5a9h5ko:b9ace3ea3b856f36","cmd":"field","ts":"2026-07-31T03:18:53Z","inv":{"id":"W-44","field":"ac","op":"field_pop_last"}}
{"v":1,"session":"desktop-5a9h5ko:b9ace3ea3b856f36","cmd":"field","ts":"2026-07-31T03:19:03Z","inv":{"id":"W-44","field":"ac","op":"field_pop_last"}}
{"v":1,"session":"desktop-5a9h5ko:b9ace3ea3b856f36","cmd":"field","ts":"2026-07-31T03:19:12Z","inv":{"id":"W-44","field":"ac","op":"field_pop_last"}}
{"v":1,"session":"desktop-5a9h5ko:b9ace3ea3b856f36","cmd":"field","ts":"2026-07-31T03:19:20Z","inv":{"id":"W-44","field":"ac","op":"field_pop_last"}}
{"v":1,"session":"desktop-5a9h5ko:b9ace3ea3b856f36","cmd":"field","ts":"2026-07-31T03:19:28Z","inv":{"id":"W-44","field":"ac","op":"field_pop_last"}}
{"v":1,"session":"desktop-5a9h5ko:b9ace3ea3b856f36","cmd":"field","ts":"2026-07-31T03:19:37Z","inv":{"id":"W-44","field":"ac","op":"field_pop_last"}}
{"v":1,"session":"desktop-5a9h5ko:b9ace3ea3b856f36","cmd":"field","ts":"2026-07-31T03:19:45Z","inv":{"id":"W-44","field":"hypothesis","op":"field_pop_last"}}
{"v":1,"session":"desktop-5a9h5ko:b9ace3ea3b856f36","cmd":"field","ts":"2026-07-31T03:19:54Z","inv":{"id":"W-44","field":"evidence_strategy","op":"field_pop_last"}}
{"v":1,"session":"desktop-5a9h5ko:b9ace3ea3b856f36","cmd":"field","ts":"2026-07-31T03:20:02Z","inv":{"id":"W-44","field":"evidence_strategy","op":"field_pop_last"}}
{"v":1,"session":"desktop-5a9h5ko:b9ace3ea3b856f36","cmd":"field","ts":"2026-07-31T03:20:11Z","inv":{"id":"W-44","field":"evidence_strategy","op":"field_pop_last"}}
{"v":1,"session":"desktop-5a9h5ko:b9ace3ea3b856f36","cmd":"field","ts":"2026-07-31T03:20:19Z","inv":{"id":"W-44","field":"evidence_strategy","op":"field_pop_last"}}
{"v":1,"session":"desktop-5a9h5ko:b9ace3ea3b856f36","cmd":"field","ts":"2026-07-31T03:20:28Z","inv":{"id":"W-44","field":"why","op":"field_pop_last"}}
{"v":1,"session":"desktop-5a9h5ko:b9ace3ea3b856f36","cmd":"set","ts":"2026-07-31T03:20:42Z","inv":{"had_session_at_before":false,"old_w_status":"proposed","had_session_before":false,"id":"W-44","op":"set_w_status_with_goals","goal_statuses":{"G-11":"partial"},"old_session_at":"","old_session":""}}
{"v":1,"session":"desktop-5a9h5ko:b9ace3ea3b856f36","cmd":"field","ts":"2026-07-31T04:05:18Z","inv":{"id":"W-44","field":"evidence","op":"field_pop_last"}}
{"v":1,"session":"desktop-5a9h5ko:b9ace3ea3b856f36","cmd":"field","ts":"2026-07-31T04:05:26Z","inv":{"id":"W-44","field":"evidence","op":"field_pop_last"}}
{"v":1,"session":"desktop-5a9h5ko:b9ace3ea3b856f36","cmd":"field","ts":"2026-07-31T04:05:35Z","inv":{"id":"W-44","field":"evidence","op":"field_pop_last"}}
{"v":1,"session":"desktop-5a9h5ko:b9ace3ea3b856f36","cmd":"field","ts":"2026-07-31T04:05:43Z","inv":{"id":"W-44","field":"evidence","op":"field_pop_last"}}
{"v":1,"session":"desktop-5a9h5ko:b9ace3ea3b856f36","cmd":"field","ts":"2026-07-31T04:05:51Z","inv":{"id":"W-44","field":"evidence","op":"field_pop_last"}}
{"v":1,"session":"desktop-5a9h5ko:b9ace3ea3b856f36","cmd":"field","ts":"2026-07-31T04:06:00Z","inv":{"id":"W-44","field":"evidence","op":"field_pop_last"}}
{"v":1,"session":"desktop-5a9h5ko:b9ace3ea3b856f36","cmd":"set","ts":"2026-07-31T04:06:09Z","inv":{"had_session_at_before":true,"old_w_status":"progress","had_session_before":true,"id":"W-44","op":"set_w_status_with_goals","goal_statuses":{"G-11":"partial"},"old_session_at":"2026-07-31T03:20:42Z","old_session":"desktop-5a9h5ko:b9ace3ea3b856f36"}}
{"v":1,"session":"desktop-5a9h5ko:b9ace3ea3b856f36","cmd":"distill","ts":"2026-07-31T12:02:29Z","inv":{"goal":"G-11","op":"distill","empty":true}}
{"v":1,"session":"desktop-5a9h5ko:b9ace3ea3b856f36","cmd":"archive","ts":"2026-07-31T12:02:39Z","inv":{"ids":["G-11","W-41","W-42","W-43","W-44"],"id":"G-11","op":"archive"}}
{"v":1,"session":"desktop-5a9h5ko:b9ace3ea3b856f36","cmd":"add","ts":"2026-07-31T12:16:37Z","inv":{"id":"G-12","op":"rm_node"}}
{"v":1,"session":"desktop-5a9h5ko:b9ace3ea3b856f36","cmd":"add","ts":"2026-07-31T12:16:46Z","inv":{"id":"W-45","op":"rm_node"}}
{"v":1,"session":"desktop-5a9h5ko:b9ace3ea3b856f36","cmd":"fitness","ts":"2026-07-31T12:16:55Z","inv":{"had_key":false,"wid":"W-45","gid":"G-12","previous":null,"op":"restore_fitness_key"}}
{"v":1,"session":"desktop-5a9h5ko:b9ace3ea3b856f36","cmd":"add","ts":"2026-07-31T12:17:05Z","inv":{"id":"W-46","op":"rm_node"}}
{"v":1,"session":"desktop-5a9h5ko:b9ace3ea3b856f36","cmd":"fitness","ts":"2026-07-31T12:17:13Z","inv":{"had_key":false,"wid":"W-46","gid":"G-12","previous":null,"op":"restore_fitness_key"}}
{"v":1,"session":"desktop-5a9h5ko:b9ace3ea3b856f36","cmd":"field","ts":"2026-07-31T12:18:16Z","inv":{"id":"W-45","field":"ac","op":"field_pop_last"}}
{"v":1,"session":"desktop-5a9h5ko:b9ace3ea3b856f36","cmd":"field","ts":"2026-07-31T12:18:23Z","inv":{"id":"W-45","field":"ac","op":"field_pop_last"}}
{"v":1,"session":"desktop-5a9h5ko:b9ace3ea3b856f36","cmd":"field","ts":"2026-07-31T12:18:30Z","inv":{"id":"W-45","field":"ac","op":"field_pop_last"}}
{"v":1,"session":"desktop-5a9h5ko:b9ace3ea3b856f36","cmd":"field","ts":"2026-07-31T12:18:37Z","inv":{"id":"W-45","field":"hypothesis","op":"field_pop_last"}}
{"v":1,"session":"desktop-5a9h5ko:b9ace3ea3b856f36","cmd":"field","ts":"2026-07-31T12:18:44Z","inv":{"id":"W-45","field":"evidence_strategy","op":"field_pop_last"}}
{"v":1,"session":"desktop-5a9h5ko:b9ace3ea3b856f36","cmd":"field","ts":"2026-07-31T12:18:51Z","inv":{"id":"W-45","field":"evidence_strategy","op":"field_pop_last"}}
{"v":1,"session":"desktop-5a9h5ko:b9ace3ea3b856f36","cmd":"field","ts":"2026-07-31T12:18:58Z","inv":{"id":"W-45","field":"evidence_strategy","op":"field_pop_last"}}
{"v":1,"session":"desktop-5a9h5ko:b9ace3ea3b856f36","cmd":"field","ts":"2026-07-31T12:19:05Z","inv":{"id":"W-45","field":"why","op":"field_pop_last"}}
{"v":1,"session":"desktop-5a9h5ko:b9ace3ea3b856f36","cmd":"set","ts":"2026-07-31T12:19:16Z","inv":{"had_session_at_before":false,"old_w_status":"proposed","had_session_before":false,"id":"W-45","op":"set_w_status_with_goals","goal_statuses":{"G-12":"unverified"},"old_session_at":"","old_session":""}}
{"v":1,"session":"desktop-5a9h5ko:b9ace3ea3b856f36","cmd":"field","ts":"2026-07-31T12:19:23Z","inv":{"id":"W-46","field":"ac","op":"field_pop_last"}}
{"v":1,"session":"desktop-5a9h5ko:b9ace3ea3b856f36","cmd":"field","ts":"2026-07-31T12:19:30Z","inv":{"id":"W-46","field":"ac","op":"field_pop_last"}}
{"v":1,"session":"desktop-5a9h5ko:b9ace3ea3b856f36","cmd":"field","ts":"2026-07-31T12:19:37Z","inv":{"id":"W-46","field":"ac","op":"field_pop_last"}}
{"v":1,"session":"desktop-5a9h5ko:b9ace3ea3b856f36","cmd":"field","ts":"2026-07-31T12:19:44Z","inv":{"id":"W-46","field":"ac","op":"field_pop_last"}}
{"v":1,"session":"desktop-5a9h5ko:b9ace3ea3b856f36","cmd":"field","ts":"2026-07-31T12:19:51Z","inv":{"id":"W-46","field":"hypothesis","op":"field_pop_last"}}
{"v":1,"session":"desktop-5a9h5ko:b9ace3ea3b856f36","cmd":"field","ts":"2026-07-31T12:19:58Z","inv":{"id":"W-46","field":"evidence_strategy","op":"field_pop_last"}}
{"v":1,"session":"desktop-5a9h5ko:b9ace3ea3b856f36","cmd":"field","ts":"2026-07-31T12:20:05Z","inv":{"id":"W-46","field":"evidence_strategy","op":"field_pop_last"}}
{"v":1,"session":"desktop-5a9h5ko:b9ace3ea3b856f36","cmd":"field","ts":"2026-07-31T12:20:12Z","inv":{"id":"W-46","field":"evidence_strategy","op":"field_pop_last"}}
{"v":1,"session":"desktop-5a9h5ko:b9ace3ea3b856f36","cmd":"field","ts":"2026-07-31T12:20:19Z","inv":{"id":"W-46","field":"evidence_strategy","op":"field_pop_last"}}
{"v":1,"session":"desktop-5a9h5ko:b9ace3ea3b856f36","cmd":"field","ts":"2026-07-31T12:20:25Z","inv":{"id":"W-46","field":"why","op":"field_pop_last"}}
{"v":1,"session":"desktop-5a9h5ko:b9ace3ea3b856f36","cmd":"field","ts":"2026-07-31T12:28:18Z","inv":{"id":"W-45","field":"evidence","op":"field_pop_last"}}
{"v":1,"session":"desktop-5a9h5ko:b9ace3ea3b856f36","cmd":"field","ts":"2026-07-31T12:28:24Z","inv":{"id":"W-45","field":"evidence","op":"field_pop_last"}}
{"v":1,"session":"desktop-5a9h5ko:b9ace3ea3b856f36","cmd":"field","ts":"2026-07-31T12:28:31Z","inv":{"id":"W-45","field":"evidence","op":"field_pop_last"}}
{"v":1,"session":"desktop-5a9h5ko:b9ace3ea3b856f36","cmd":"field","ts":"2026-07-31T12:28:38Z","inv":{"id":"W-45","field":"evidence","op":"field_pop_last"}}
{"v":1,"session":"desktop-5a9h5ko:b9ace3ea3b856f36","cmd":"set","ts":"2026-07-31T12:28:46Z","inv":{"had_session_at_before":true,"old_w_status":"progress","had_session_before":true,"id":"W-45","op":"set_w_status_with_goals","goal_statuses":{"G-12":"unverified"},"old_session_at":"2026-07-31T12:19:16Z","old_session":"desktop-5a9h5ko:b9ace3ea3b856f36"}}
{"v":1,"session":"desktop-5a9h5ko:b9ace3ea3b856f36","cmd":"set","ts":"2026-07-31T12:28:54Z","inv":{"had_session_at_before":false,"old_w_status":"proposed","had_session_before":false,"id":"W-46","op":"set_w_status_with_goals","goal_statuses":{"G-12":"partial"},"old_session_at":"","old_session":""}}
{"v":1,"session":"desktop-5a9h5ko:b9ace3ea3b856f36","cmd":"field","ts":"2026-07-31T12:40:33Z","inv":{"id":"W-46","field":"evidence","op":"field_pop_last"}}
{"v":1,"session":"desktop-5a9h5ko:b9ace3ea3b856f36","cmd":"field","ts":"2026-07-31T12:40:40Z","inv":{"id":"W-46","field":"evidence","op":"field_pop_last"}}
{"v":1,"session":"desktop-5a9h5ko:b9ace3ea3b856f36","cmd":"field","ts":"2026-07-31T12:40:47Z","inv":{"id":"W-46","field":"evidence","op":"field_pop_last"}}
{"v":1,"session":"desktop-5a9h5ko:b9ace3ea3b856f36","cmd":"field","ts":"2026-07-31T12:40:54Z","inv":{"id":"W-46","field":"evidence","op":"field_pop_last"}}
{"v":1,"session":"desktop-5a9h5ko:b9ace3ea3b856f36","cmd":"field","ts":"2026-07-31T12:41:01Z","inv":{"id":"W-46","field":"evidence","op":"field_pop_last"}}
{"v":1,"session":"desktop-5a9h5ko:b9ace3ea3b856f36","cmd":"set","ts":"2026-07-31T12:41:09Z","inv":{"had_session_at_before":true,"old_w_status":"progress","had_session_before":true,"id":"W-46","op":"set_w_status_with_goals","goal_statuses":{"G-12":"partial"},"old_session_at":"2026-07-31T12:28:54Z","old_session":"desktop-5a9h5ko:b9ace3ea3b856f36"}}
{"v":1,"session":"desktop-5a9h5ko:b9ace3ea3b856f36","cmd":"distill","ts":"2026-08-02T17:05:37Z","inv":{"goal":"G-12","op":"distill","empty":true}}
{"v":1,"session":"desktop-5a9h5ko:b9ace3ea3b856f36","cmd":"archive","ts":"2026-08-02T17:05:46Z","inv":{"ids":["G-12","W-45","W-46"],"id":"G-12","op":"archive"}}
{"v":1,"session":"desktop-5a9h5ko:b9ace3ea3b856f36","cmd":"add","ts":"2026-08-02T17:09:21Z","inv":{"id":"G-13","op":"rm_node"}}
{"v":1,"session":"desktop-5a9h5ko:b9ace3ea3b856f36","cmd":"add","ts":"2026-08-02T17:09:28Z","inv":{"id":"W-47","op":"rm_node"}}
{"v":1,"session":"desktop-5a9h5ko:b9ace3ea3b856f36","cmd":"fitness","ts":"2026-08-02T17:09:35Z","inv":{"had_key":false,"wid":"W-47","gid":"G-13","previous":null,"op":"restore_fitness_key"}}
{"v":1,"session":"desktop-5a9h5ko:b9ace3ea3b856f36","cmd":"add","ts":"2026-08-02T17:09:43Z","inv":{"id":"W-48","op":"rm_node"}}
{"v":1,"session":"desktop-5a9h5ko:b9ace3ea3b856f36","cmd":"fitness","ts":"2026-08-02T17:09:50Z","inv":{"had_key":false,"wid":"W-48","gid":"G-13","previous":null,"op":"restore_fitness_key"}}
{"v":1,"session":"desktop-5a9h5ko:b9ace3ea3b856f36","cmd":"add","ts":"2026-08-02T17:09:58Z","inv":{"id":"W-49","op":"rm_node"}}
{"v":1,"session":"desktop-5a9h5ko:b9ace3ea3b856f36","cmd":"fitness","ts":"2026-08-02T17:10:08Z","inv":{"had_key":false,"wid":"W-49","gid":"G-13","previous":null,"op":"restore_fitness_key"}}
{"v":1,"session":"desktop-5a9h5ko:b9ace3ea3b856f36","cmd":"add","ts":"2026-08-02T17:10:20Z","inv":{"id":"W-50","op":"rm_node"}}
{"v":1,"session":"desktop-5a9h5ko:b9ace3ea3b856f36","cmd":"fitness","ts":"2026-08-02T17:10:28Z","inv":{"had_key":false,"wid":"W-50","gid":"G-13","previous":null,"op":"restore_fitness_key"}}
{"v":1,"session":"desktop-5a9h5ko:b9ace3ea3b856f36","cmd":"add","ts":"2026-08-02T17:10:38Z","inv":{"id":"W-51","op":"rm_node"}}
{"v":1,"session":"desktop-5a9h5ko:b9ace3ea3b856f36","cmd":"fitness","ts":"2026-08-02T17:10:46Z","inv":{"had_key":false,"wid":"W-51","gid":"G-13","previous":null,"op":"restore_fitness_key"}}
{"v":1,"session":"desktop-5a9h5ko:b9ace3ea3b856f36","cmd":"field","ts":"2026-08-02T17:11:40Z","inv":{"id":"W-47","field":"ac","op":"field_pop_last"}}
{"v":1,"session":"desktop-5a9h5ko:b9ace3ea3b856f36","cmd":"field","ts":"2026-08-02T17:11:48Z","inv":{"id":"W-47","field":"ac","op":"field_pop_last"}}
{"v":1,"session":"desktop-5a9h5ko:b9ace3ea3b856f36","cmd":"field","ts":"2026-08-02T17:11:55Z","inv":{"id":"W-47","field":"ac","op":"field_pop_last"}}
{"v":1,"session":"desktop-5a9h5ko:b9ace3ea3b856f36","cmd":"field","ts":"2026-08-02T17:12:03Z","inv":{"id":"W-47","field":"ac","op":"field_pop_last"}}
{"v":1,"session":"desktop-5a9h5ko:b9ace3ea3b856f36","cmd":"field","ts":"2026-08-02T17:12:12Z","inv":{"id":"W-47","field":"ac","op":"field_pop_last"}}
{"v":1,"session":"desktop-5a9h5ko:b9ace3ea3b856f36","cmd":"field","ts":"2026-08-02T17:12:20Z","inv":{"id":"W-47","field":"hypothesis","op":"field_pop_last"}}
{"v":1,"session":"desktop-5a9h5ko:b9ace3ea3b856f36","cmd":"field","ts":"2026-08-02T17:12:27Z","inv":{"id":"W-47","field":"evidence_strategy","op":"field_pop_last"}}
{"v":1,"session":"desktop-5a9h5ko:b9ace3ea3b856f36","cmd":"field","ts":"2026-08-02T17:12:35Z","inv":{"id":"W-47","field":"evidence_strategy","op":"field_pop_last"}}
{"v":1,"session":"desktop-5a9h5ko:b9ace3ea3b856f36","cmd":"field","ts":"2026-08-02T17:12:43Z","inv":{"id":"W-47","field":"evidence_strategy","op":"field_pop_last"}}
{"v":1,"session":"desktop-5a9h5ko:b9ace3ea3b856f36","cmd":"field","ts":"2026-08-02T17:12:54Z","inv":{"id":"W-47","field":"evidence_strategy","op":"field_pop_last"}}
{"v":1,"session":"desktop-5a9h5ko:b9ace3ea3b856f36","cmd":"field","ts":"2026-08-02T17:13:03Z","inv":{"id":"W-47","field":"why","op":"field_pop_last"}}
{"v":1,"session":"desktop-5a9h5ko:b9ace3ea3b856f36","cmd":"set","ts":"2026-08-02T17:13:19Z","inv":{"had_session_at_before":false,"old_w_status":"proposed","had_session_before":false,"id":"W-47","op":"set_w_status_with_goals","goal_statuses":{"G-13":"unverified"},"old_session_at":"","old_session":""}}
{"v":1,"session":"desktop-5a9h5ko:b9ace3ea3b856f36","cmd":"field","ts":"2026-08-02T17:37:30Z","inv":{"id":"W-47","field":"evidence","op":"field_pop_last"}}
{"v":1,"session":"desktop-5a9h5ko:b9ace3ea3b856f36","cmd":"field","ts":"2026-08-02T17:37:39Z","inv":{"id":"W-47","field":"evidence","op":"field_pop_last"}}
{"v":1,"session":"desktop-5a9h5ko:b9ace3ea3b856f36","cmd":"field","ts":"2026-08-02T17:37:49Z","inv":{"id":"W-47","field":"evidence","op":"field_pop_last"}}
{"v":1,"session":"desktop-5a9h5ko:b9ace3ea3b856f36","cmd":"field","ts":"2026-08-02T17:37:57Z","inv":{"id":"W-47","field":"evidence","op":"field_pop_last"}}
{"v":1,"session":"desktop-5a9h5ko:b9ace3ea3b856f36","cmd":"field","ts":"2026-08-02T17:38:05Z","inv":{"id":"W-47","field":"evidence","op":"field_pop_last"}}
{"v":1,"session":"desktop-5a9h5ko:b9ace3ea3b856f36","cmd":"set","ts":"2026-08-02T17:38:15Z","inv":{"had_session_at_before":true,"old_w_status":"progress","had_session_before":true,"id":"W-47","op":"set_w_status_with_goals","goal_statuses":{"G-13":"unverified"},"old_session_at":"2026-08-02T17:13:19Z","old_session":"desktop-5a9h5ko:b9ace3ea3b856f36"}}
{"v":1,"session":"desktop-5a9h5ko:b9ace3ea3b856f36","cmd":"field","ts":"2026-08-02T17:38:24Z","inv":{"id":"G-13","field":"fitness_target","value":"5","op":"field_restore_single"}}
{"v":1,"session":"desktop-5a9h5ko:b9ace3ea3b856f36","cmd":"add","ts":"2026-08-02T17:38:33Z","inv":{"id":"W-52","op":"rm_node"}}
{"v":1,"session":"desktop-5a9h5ko:b9ace3ea3b856f36","cmd":"fitness","ts":"2026-08-02T17:38:41Z","inv":{"had_key":false,"wid":"W-52","gid":"G-13","previous":null,"op":"restore_fitness_key"}}
{"v":1,"session":"desktop-5a9h5ko:b9ace3ea3b856f36","cmd":"field","ts":"2026-08-02T17:39:21Z","inv":{"id":"W-52","field":"ac","op":"field_pop_last"}}
{"v":1,"session":"desktop-5a9h5ko:b9ace3ea3b856f36","cmd":"field","ts":"2026-08-02T17:39:30Z","inv":{"id":"W-52","field":"ac","op":"field_pop_last"}}
{"v":1,"session":"desktop-5a9h5ko:b9ace3ea3b856f36","cmd":"field","ts":"2026-08-02T17:39:39Z","inv":{"id":"W-52","field":"ac","op":"field_pop_last"}}
{"v":1,"session":"desktop-5a9h5ko:b9ace3ea3b856f36","cmd":"field","ts":"2026-08-02T17:39:48Z","inv":{"id":"W-52","field":"hypothesis","op":"field_pop_last"}}
{"v":1,"session":"desktop-5a9h5ko:b9ace3ea3b856f36","cmd":"field","ts":"2026-08-02T17:39:57Z","inv":{"id":"W-52","field":"repro","op":"field_pop_last"}}
{"v":1,"session":"desktop-5a9h5ko:b9ace3ea3b856f36","cmd":"field","ts":"2026-08-02T17:40:07Z","inv":{"id":"W-52","field":"evidence_strategy","op":"field_pop_last"}}
{"v":1,"session":"desktop-5a9h5ko:b9ace3ea3b856f36","cmd":"field","ts":"2026-08-02T17:40:16Z","inv":{"id":"W-52","field":"evidence_strategy","op":"field_pop_last"}}
{"v":1,"session":"desktop-5a9h5ko:b9ace3ea3b856f36","cmd":"field","ts":"2026-08-02T17:40:25Z","inv":{"id":"W-52","field":"evidence_strategy","op":"field_pop_last"}}
{"v":1,"session":"desktop-5a9h5ko:b9ace3ea3b856f36","cmd":"field","ts":"2026-08-02T17:40:34Z","inv":{"id":"W-52","field":"evidence_strategy","op":"field_pop_last"}}
{"v":1,"session":"desktop-5a9h5ko:b9ace3ea3b856f36","cmd":"field","ts":"2026-08-02T17:40:42Z","inv":{"id":"W-52","field":"why","op":"field_pop_last"}}
{"v":1,"session":"desktop-5a9h5ko:b9ace3ea3b856f36","cmd":"set","ts":"2026-08-02T17:40:56Z","inv":{"had_session_at_before":false,"old_w_status":"proposed","had_session_before":false,"id":"W-52","op":"set_w_status_with_goals","goal_statuses":{"G-13":"partial"},"old_session_at":"","old_session":""}}
{"v":1,"session":"desktop-5a9h5ko:b9ace3ea3b856f36","cmd":"field","ts":"2026-08-02T17:53:26Z","inv":{"id":"W-52","field":"evidence","op":"field_pop_last"}}
{"v":1,"session":"desktop-5a9h5ko:b9ace3ea3b856f36","cmd":"field","ts":"2026-08-02T17:53:34Z","inv":{"id":"W-52","field":"evidence","op":"field_pop_last"}}
{"v":1,"session":"desktop-5a9h5ko:b9ace3ea3b856f36","cmd":"field","ts":"2026-08-02T17:53:42Z","inv":{"id":"W-52","field":"evidence","op":"field_pop_last"}}
{"v":1,"session":"desktop-5a9h5ko:b9ace3ea3b856f36","cmd":"field","ts":"2026-08-02T17:53:50Z","inv":{"id":"W-52","field":"evidence","op":"field_pop_last"}}
{"v":1,"session":"desktop-5a9h5ko:b9ace3ea3b856f36","cmd":"set","ts":"2026-08-02T17:53:59Z","inv":{"had_session_at_before":true,"old_w_status":"progress","had_session_before":true,"id":"W-52","op":"set_w_status_with_goals","goal_statuses":{"G-13":"partial"},"old_session_at":"2026-08-02T17:40:56Z","old_session":"desktop-5a9h5ko:b9ace3ea3b856f36"}}
{"v":1,"session":"desktop-5a9h5ko:b9ace3ea3b856f36","cmd":"field","ts":"2026-08-02T17:54:07Z","inv":{"id":"W-48","field":"ac","op":"field_pop_last"}}
{"v":1,"session":"desktop-5a9h5ko:b9ace3ea3b856f36","cmd":"field","ts":"2026-08-02T17:54:15Z","inv":{"id":"W-48","field":"ac","op":"field_pop_last"}}
{"v":1,"session":"desktop-5a9h5ko:b9ace3ea3b856f36","cmd":"field","ts":"2026-08-02T17:54:23Z","inv":{"id":"W-48","field":"ac","op":"field_pop_last"}}
{"v":1,"session":"desktop-5a9h5ko:b9ace3ea3b856f36","cmd":"field","ts":"2026-08-02T17:54:33Z","inv":{"id":"W-48","field":"ac","op":"field_pop_last"}}
{"v":1,"session":"desktop-5a9h5ko:b9ace3ea3b856f36","cmd":"field","ts":"2026-08-02T17:54:42Z","inv":{"id":"W-48","field":"ac","op":"field_pop_last"}}
{"v":1,"session":"desktop-5a9h5ko:b9ace3ea3b856f36","cmd":"field","ts":"2026-08-02T17:54:50Z","inv":{"id":"W-48","field":"ac","op":"field_pop_last"}}
{"v":1,"session":"desktop-5a9h5ko:b9ace3ea3b856f36","cmd":"field","ts":"2026-08-02T17:54:59Z","inv":{"id":"W-48","field":"hypothesis","op":"field_pop_last"}}
{"v":1,"session":"desktop-5a9h5ko:b9ace3ea3b856f36","cmd":"field","ts":"2026-08-02T17:55:08Z","inv":{"id":"W-48","field":"evidence_strategy","op":"field_pop_last"}}
{"v":1,"session":"desktop-5a9h5ko:b9ace3ea3b856f36","cmd":"field","ts":"2026-08-02T17:55:17Z","inv":{"id":"W-48","field":"evidence_strategy","op":"field_pop_last"}}
{"v":1,"session":"desktop-5a9h5ko:b9ace3ea3b856f36","cmd":"field","ts":"2026-08-02T17:55:24Z","inv":{"id":"W-48","field":"evidence_strategy","op":"field_pop_last"}}
{"v":1,"session":"desktop-5a9h5ko:b9ace3ea3b856f36","cmd":"field","ts":"2026-08-02T17:55:33Z","inv":{"id":"W-48","field":"evidence_strategy","op":"field_pop_last"}}
{"v":1,"session":"desktop-5a9h5ko:b9ace3ea3b856f36","cmd":"field","ts":"2026-08-02T17:55:41Z","inv":{"id":"W-48","field":"why","op":"field_pop_last"}}
{"v":1,"session":"desktop-5a9h5ko:b9ace3ea3b856f36","cmd":"set","ts":"2026-08-02T17:55:55Z","inv":{"had_session_at_before":false,"old_w_status":"proposed","had_session_before":false,"id":"W-48","op":"set_w_status_with_goals","goal_statuses":{"G-13":"partial"},"old_session_at":"","old_session":""}}
{"v":1,"session":"desktop-5a9h5ko:b9ace3ea3b856f36","cmd":"field","ts":"2026-08-02T18:20:57Z","inv":{"id":"W-48","field":"evidence","op":"field_pop_last"}}
{"v":1,"session":"desktop-5a9h5ko:b9ace3ea3b856f36","cmd":"field","ts":"2026-08-02T18:21:06Z","inv":{"id":"W-48","field":"evidence","op":"field_pop_last"}}
{"v":1,"session":"desktop-5a9h5ko:b9ace3ea3b856f36","cmd":"field","ts":"2026-08-02T18:21:15Z","inv":{"id":"W-48","field":"evidence","op":"field_pop_last"}}
{"v":1,"session":"desktop-5a9h5ko:b9ace3ea3b856f36","cmd":"field","ts":"2026-08-02T18:21:24Z","inv":{"id":"W-48","field":"evidence","op":"field_pop_last"}}
{"v":1,"session":"desktop-5a9h5ko:b9ace3ea3b856f36","cmd":"field","ts":"2026-08-02T18:21:33Z","inv":{"id":"W-48","field":"evidence","op":"field_pop_last"}}
{"v":1,"session":"desktop-5a9h5ko:b9ace3ea3b856f36","cmd":"set","ts":"2026-08-02T18:21:43Z","inv":{"had_session_at_before":true,"old_w_status":"progress","had_session_before":true,"id":"W-48","op":"set_w_status_with_goals","goal_statuses":{"G-13":"partial"},"old_session_at":"2026-08-02T17:55:55Z","old_session":"desktop-5a9h5ko:b9ace3ea3b856f36"}}
{"v":1,"session":"desktop-5a9h5ko:b9ace3ea3b856f36","cmd":"field","ts":"2026-08-02T18:21:52Z","inv":{"id":"W-49","field":"ac","op":"field_pop_last"}}
{"v":1,"session":"desktop-5a9h5ko:b9ace3ea3b856f36","cmd":"field","ts":"2026-08-02T18:22:01Z","inv":{"id":"W-49","field":"ac","op":"field_pop_last"}}
{"v":1,"session":"desktop-5a9h5ko:b9ace3ea3b856f36","cmd":"field","ts":"2026-08-02T18:22:10Z","inv":{"id":"W-49","field":"ac","op":"field_pop_last"}}
{"v":1,"session":"desktop-5a9h5ko:b9ace3ea3b856f36","cmd":"field","ts":"2026-08-02T18:22:18Z","inv":{"id":"W-49","field":"ac","op":"field_pop_last"}}
{"v":1,"session":"desktop-5a9h5ko:b9ace3ea3b856f36","cmd":"field","ts":"2026-08-02T18:22:27Z","inv":{"id":"W-49","field":"ac","op":"field_pop_last"}}
{"v":1,"session":"desktop-5a9h5ko:b9ace3ea3b856f36","cmd":"field","ts":"2026-08-02T18:22:36Z","inv":{"id":"W-49","field":"ac","op":"field_pop_last"}}
{"v":1,"session":"desktop-5a9h5ko:b9ace3ea3b856f36","cmd":"field","ts":"2026-08-02T18:22:45Z","inv":{"id":"W-49","field":"hypothesis","op":"field_pop_last"}}
{"v":1,"session":"desktop-5a9h5ko:b9ace3ea3b856f36","cmd":"field","ts":"2026-08-02T18:22:54Z","inv":{"id":"W-49","field":"evidence_strategy","op":"field_pop_last"}}
{"v":1,"session":"desktop-5a9h5ko:b9ace3ea3b856f36","cmd":"field","ts":"2026-08-02T18:23:02Z","inv":{"id":"W-49","field":"evidence_strategy","op":"field_pop_last"}}
{"v":1,"session":"desktop-5a9h5ko:b9ace3ea3b856f36","cmd":"field","ts":"2026-08-02T18:23:12Z","inv":{"id":"W-49","field":"evidence_strategy","op":"field_pop_last"}}
{"v":1,"session":"desktop-5a9h5ko:b9ace3ea3b856f36","cmd":"field","ts":"2026-08-02T18:23:21Z","inv":{"id":"W-49","field":"evidence_strategy","op":"field_pop_last"}}
{"v":1,"session":"desktop-5a9h5ko:b9ace3ea3b856f36","cmd":"field","ts":"2026-08-02T18:23:30Z","inv":{"id":"W-49","field":"why","op":"field_pop_last"}}
{"v":1,"session":"desktop-5a9h5ko:b9ace3ea3b856f36","cmd":"set","ts":"2026-08-02T18:23:45Z","inv":{"had_session_at_before":false,"old_w_status":"proposed","had_session_before":false,"id":"W-49","op":"set_w_status_with_goals","goal_statuses":{"G-13":"partial"},"old_session_at":"","old_session":""}}
{"v":1,"session":"desktop-5a9h5ko:b9ace3ea3b856f36","cmd":"field","ts":"2026-08-02T19:03:15Z","inv":{"id":"W-49","field":"evidence","op":"field_pop_last"}}
{"v":1,"session":"desktop-5a9h5ko:b9ace3ea3b856f36","cmd":"field","ts":"2026-08-02T19:03:26Z","inv":{"id":"W-49","field":"evidence","op":"field_pop_last"}}
{"v":1,"session":"desktop-5a9h5ko:b9ace3ea3b856f36","cmd":"field","ts":"2026-08-02T19:03:35Z","inv":{"id":"W-49","field":"evidence","op":"field_pop_last"}}
{"v":1,"session":"desktop-5a9h5ko:b9ace3ea3b856f36","cmd":"field","ts":"2026-08-02T19:03:45Z","inv":{"id":"W-49","field":"evidence","op":"field_pop_last"}}
{"v":1,"session":"desktop-5a9h5ko:b9ace3ea3b856f36","cmd":"field","ts":"2026-08-02T19:03:54Z","inv":{"id":"W-49","field":"evidence","op":"field_pop_last"}}
{"v":1,"session":"desktop-5a9h5ko:b9ace3ea3b856f36","cmd":"set","ts":"2026-08-02T19:04:05Z","inv":{"had_session_at_before":true,"old_w_status":"progress","had_session_before":true,"id":"W-49","op":"set_w_status_with_goals","goal_statuses":{"G-13":"partial"},"old_session_at":"2026-08-02T18:23:45Z","old_session":"desktop-5a9h5ko:b9ace3ea3b856f36"}}
{"v":1,"session":"desktop-5a9h5ko:b9ace3ea3b856f36","cmd":"field","ts":"2026-08-02T19:04:15Z","inv":{"id":"W-50","field":"ac","op":"field_pop_last"}}
{"v":1,"session":"desktop-5a9h5ko:b9ace3ea3b856f36","cmd":"field","ts":"2026-08-02T19:04:25Z","inv":{"id":"W-50","field":"ac","op":"field_pop_last"}}
{"v":1,"session":"desktop-5a9h5ko:b9ace3ea3b856f36","cmd":"field","ts":"2026-08-02T19:04:34Z","inv":{"id":"W-50","field":"ac","op":"field_pop_last"}}
{"v":1,"session":"desktop-5a9h5ko:b9ace3ea3b856f36","cmd":"field","ts":"2026-08-02T19:04:44Z","inv":{"id":"W-50","field":"ac","op":"field_pop_last"}}
{"v":1,"session":"desktop-5a9h5ko:b9ace3ea3b856f36","cmd":"field","ts":"2026-08-02T19:04:54Z","inv":{"id":"W-50","field":"ac","op":"field_pop_last"}}
{"v":1,"session":"desktop-5a9h5ko:b9ace3ea3b856f36","cmd":"field","ts":"2026-08-02T19:05:03Z","inv":{"id":"W-50","field":"ac","op":"field_pop_last"}}
{"v":1,"session":"desktop-5a9h5ko:b9ace3ea3b856f36","cmd":"field","ts":"2026-08-02T19:05:12Z","inv":{"id":"W-50","field":"hypothesis","op":"field_pop_last"}}
{"v":1,"session":"desktop-5a9h5ko:b9ace3ea3b856f36","cmd":"field","ts":"2026-08-02T19:05:23Z","inv":{"id":"W-50","field":"evidence_strategy","op":"field_pop_last"}}
{"v":1,"session":"desktop-5a9h5ko:b9ace3ea3b856f36","cmd":"field","ts":"2026-08-02T19:05:31Z","inv":{"id":"W-50","field":"evidence_strategy","op":"field_pop_last"}}
{"v":1,"session":"desktop-5a9h5ko:b9ace3ea3b856f36","cmd":"field","ts":"2026-08-02T19:05:40Z","inv":{"id":"W-50","field":"evidence_strategy","op":"field_pop_last"}}
{"v":1,"session":"desktop-5a9h5ko:b9ace3ea3b856f36","cmd":"field","ts":"2026-08-02T19:05:50Z","inv":{"id":"W-50","field":"evidence_strategy","op":"field_pop_last"}}
{"v":1,"session":"desktop-5a9h5ko:b9ace3ea3b856f36","cmd":"field","ts":"2026-08-02T19:05:59Z","inv":{"id":"W-50","field":"why","op":"field_pop_last"}}
{"v":1,"session":"desktop-5a9h5ko:b9ace3ea3b856f36","cmd":"set","ts":"2026-08-02T19:06:13Z","inv":{"had_session_at_before":false,"old_w_status":"proposed","had_session_before":false,"id":"W-50","op":"set_w_status_with_goals","goal_statuses":{"G-13":"partial"},"old_session_at":"","old_session":""}}
{"v":1,"session":"desktop-5a9h5ko:b9ace3ea3b856f36","cmd":"field","ts":"2026-08-02T19:43:25Z","inv":{"id":"W-50","field":"evidence","op":"field_pop_last"}}
{"v":1,"session":"desktop-5a9h5ko:b9ace3ea3b856f36","cmd":"field","ts":"2026-08-02T19:43:33Z","inv":{"id":"W-50","field":"evidence","op":"field_pop_last"}}
{"v":1,"session":"desktop-5a9h5ko:b9ace3ea3b856f36","cmd":"field","ts":"2026-08-02T19:43:41Z","inv":{"id":"W-50","field":"evidence","op":"field_pop_last"}}
{"v":1,"session":"desktop-5a9h5ko:b9ace3ea3b856f36","cmd":"field","ts":"2026-08-02T19:43:50Z","inv":{"id":"W-50","field":"evidence","op":"field_pop_last"}}
{"v":1,"session":"desktop-5a9h5ko:b9ace3ea3b856f36","cmd":"field","ts":"2026-08-02T19:43:58Z","inv":{"id":"W-50","field":"evidence","op":"field_pop_last"}}
{"v":1,"session":"desktop-5a9h5ko:b9ace3ea3b856f36","cmd":"set","ts":"2026-08-02T19:44:07Z","inv":{"had_session_at_before":true,"old_w_status":"progress","had_session_before":true,"id":"W-50","op":"set_w_status_with_goals","goal_statuses":{"G-13":"partial"},"old_session_at":"2026-08-02T19:06:13Z","old_session":"desktop-5a9h5ko:b9ace3ea3b856f36"}}
{"v":1,"session":"desktop-5a9h5ko:b9ace3ea3b856f36","cmd":"field","ts":"2026-08-02T19:44:16Z","inv":{"id":"W-51","field":"ac","op":"field_pop_last"}}
{"v":1,"session":"desktop-5a9h5ko:b9ace3ea3b856f36","cmd":"field","ts":"2026-08-02T19:44:24Z","inv":{"id":"W-51","field":"ac","op":"field_pop_last"}}
{"v":1,"session":"desktop-5a9h5ko:b9ace3ea3b856f36","cmd":"field","ts":"2026-08-02T19:44:33Z","inv":{"id":"W-51","field":"ac","op":"field_pop_last"}}
{"v":1,"session":"desktop-5a9h5ko:b9ace3ea3b856f36","cmd":"field","ts":"2026-08-02T19:44:41Z","inv":{"id":"W-51","field":"ac","op":"field_pop_last"}}
{"v":1,"session":"desktop-5a9h5ko:b9ace3ea3b856f36","cmd":"field","ts":"2026-08-02T19:44:49Z","inv":{"id":"W-51","field":"ac","op":"field_pop_last"}}
{"v":1,"session":"desktop-5a9h5ko:b9ace3ea3b856f36","cmd":"field","ts":"2026-08-02T19:44:58Z","inv":{"id":"W-51","field":"hypothesis","op":"field_pop_last"}}
{"v":1,"session":"desktop-5a9h5ko:b9ace3ea3b856f36","cmd":"field","ts":"2026-08-02T19:45:06Z","inv":{"id":"W-51","field":"evidence_strategy","op":"field_pop_last"}}
{"v":1,"session":"desktop-5a9h5ko:b9ace3ea3b856f36","cmd":"field","ts":"2026-08-02T19:45:14Z","inv":{"id":"W-51","field":"evidence_strategy","op":"field_pop_last"}}
{"v":1,"session":"desktop-5a9h5ko:b9ace3ea3b856f36","cmd":"field","ts":"2026-08-02T19:45:22Z","inv":{"id":"W-51","field":"evidence_strategy","op":"field_pop_last"}}
{"v":1,"session":"desktop-5a9h5ko:b9ace3ea3b856f36","cmd":"field","ts":"2026-08-02T19:45:31Z","inv":{"id":"W-51","field":"evidence_strategy","op":"field_pop_last"}}
{"v":1,"session":"desktop-5a9h5ko:b9ace3ea3b856f36","cmd":"field","ts":"2026-08-02T19:45:39Z","inv":{"id":"W-51","field":"why","op":"field_pop_last"}}
{"v":1,"session":"desktop-5a9h5ko:b9ace3ea3b856f36","cmd":"set","ts":"2026-08-02T19:45:53Z","inv":{"had_session_at_before":false,"old_w_status":"proposed","had_session_before":false,"id":"W-51","op":"set_w_status_with_goals","goal_statuses":{"G-13":"partial"},"old_session_at":"","old_session":""}}
{"v":1,"session":"desktop-5a9h5ko:b9ace3ea3b856f36","cmd":"field","ts":"2026-08-02T20:12:29Z","inv":{"id":"W-51","field":"evidence","op":"field_pop_last"}}
{"v":1,"session":"desktop-5a9h5ko:b9ace3ea3b856f36","cmd":"field","ts":"2026-08-02T20:12:37Z","inv":{"id":"W-51","field":"evidence","op":"field_pop_last"}}
{"v":1,"session":"desktop-5a9h5ko:b9ace3ea3b856f36","cmd":"field","ts":"2026-08-02T20:12:44Z","inv":{"id":"W-51","field":"evidence","op":"field_pop_last"}}
{"v":1,"session":"desktop-5a9h5ko:b9ace3ea3b856f36","cmd":"field","ts":"2026-08-02T20:12:54Z","inv":{"id":"W-51","field":"evidence","op":"field_pop_last"}}
{"v":1,"session":"desktop-5a9h5ko:b9ace3ea3b856f36","cmd":"field","ts":"2026-08-02T20:13:03Z","inv":{"id":"W-51","field":"evidence","op":"field_pop_last"}}
{"v":1,"session":"desktop-5a9h5ko:b9ace3ea3b856f36","cmd":"field","ts":"2026-08-02T20:13:11Z","inv":{"id":"W-51","field":"evidence","op":"field_pop_last"}}
{"v":1,"session":"desktop-5a9h5ko:b9ace3ea3b856f36","cmd":"set","ts":"2026-08-02T20:13:20Z","inv":{"had_session_at_before":true,"old_w_status":"progress","had_session_before":true,"id":"W-51","op":"set_w_status_with_goals","goal_statuses":{"G-13":"partial"},"old_session_at":"2026-08-02T19:45:53Z","old_session":"desktop-5a9h5ko:b9ace3ea3b856f36"}}
{"v":1,"session":"desktop-5a9h5ko:b9ace3ea3b856f36","cmd":"set","ts":"2026-08-02T20:42:03Z","inv":{"had_session_at_before":false,"old_w_status":"done","had_session_before":false,"id":"W-48","op":"set_w_status_with_goals","goal_statuses":{"G-13":"verified"},"old_session_at":"","old_session":""}}
{"v":1,"session":"desktop-5a9h5ko:b9ace3ea3b856f36","cmd":"field","ts":"2026-08-02T20:43:28Z","inv":{"id":"W-48","field":"ac","op":"field_pop_last"}}
{"v":1,"session":"desktop-5a9h5ko:b9ace3ea3b856f36","cmd":"field","ts":"2026-08-02T20:43:36Z","inv":{"id":"W-48","field":"ac","op":"field_pop_last"}}
{"v":1,"session":"desktop-5a9h5ko:b9ace3ea3b856f36","cmd":"field","ts":"2026-08-02T20:43:45Z","inv":{"id":"W-48","field":"ac","op":"field_pop_last"}}
{"v":1,"session":"desktop-5a9h5ko:b9ace3ea3b856f36","cmd":"field","ts":"2026-08-02T20:43:54Z","inv":{"id":"W-48","field":"ac","op":"field_pop_last"}}
{"v":1,"session":"desktop-5a9h5ko:b9ace3ea3b856f36","cmd":"field","ts":"2026-08-02T20:44:03Z","inv":{"id":"W-48","field":"ac","op":"field_pop_last"}}
{"v":1,"session":"desktop-5a9h5ko:b9ace3ea3b856f36","cmd":"field","ts":"2026-08-02T20:44:12Z","inv":{"id":"W-48","field":"ac","op":"field_pop_last"}}
{"v":1,"session":"desktop-5a9h5ko:b9ace3ea3b856f36","cmd":"field","ts":"2026-08-02T20:44:21Z","inv":{"id":"W-48","field":"evidence_strategy","op":"field_pop_last"}}
{"v":1,"session":"desktop-5a9h5ko:b9ace3ea3b856f36","cmd":"field","ts":"2026-08-02T20:54:57Z","inv":{"id":"W-48","field":"evidence","op":"field_pop_last"}}
{"v":1,"session":"desktop-5a9h5ko:b9ace3ea3b856f36","cmd":"field","ts":"2026-08-02T20:55:08Z","inv":{"id":"W-48","field":"evidence","op":"field_pop_last"}}
{"v":1,"session":"desktop-5a9h5ko:b9ace3ea3b856f36","cmd":"field","ts":"2026-08-02T20:55:17Z","inv":{"id":"W-48","field":"evidence","op":"field_pop_last"}}
{"v":1,"session":"desktop-5a9h5ko:b9ace3ea3b856f36","cmd":"set","ts":"2026-08-02T20:55:27Z","inv":{"had_session_at_before":true,"old_w_status":"progress","had_session_before":true,"id":"W-48","op":"set_w_status_with_goals","goal_statuses":{"G-13":"verified"},"old_session_at":"2026-08-02T20:42:03Z","old_session":"desktop-5a9h5ko:b9ace3ea3b856f36"}}
{"v":1,"session":"desktop-5a9h5ko:b9ace3ea3b856f36","cmd":"set","ts":"2026-08-02T20:55:37Z","inv":{"had_session_at_before":false,"old_w_status":"done","had_session_before":false,"id":"W-49","op":"set_w_status_with_goals","goal_statuses":{"G-13":"verified"},"old_session_at":"","old_session":""}}
{"v":1,"session":"desktop-5a9h5ko:b9ace3ea3b856f36","cmd":"field","ts":"2026-08-02T20:56:11Z","inv":{"id":"W-49","field":"ac","op":"field_pop_last"}}
{"v":1,"session":"desktop-5a9h5ko:b9ace3ea3b856f36","cmd":"field","ts":"2026-08-02T20:56:20Z","inv":{"id":"W-49","field":"ac","op":"field_pop_last"}}
{"v":1,"session":"desktop-5a9h5ko:b9ace3ea3b856f36","cmd":"field","ts":"2026-08-02T20:56:28Z","inv":{"id":"W-49","field":"ac","op":"field_pop_last"}}
{"v":1,"session":"desktop-5a9h5ko:b9ace3ea3b856f36","cmd":"field","ts":"2026-08-02T20:56:38Z","inv":{"id":"W-49","field":"ac","op":"field_pop_last"}}
{"v":1,"session":"desktop-5a9h5ko:b9ace3ea3b856f36","cmd":"field","ts":"2026-08-02T20:56:49Z","inv":{"id":"W-49","field":"ac","op":"field_pop_last"}}
{"v":1,"session":"desktop-5a9h5ko:b9ace3ea3b856f36","cmd":"field","ts":"2026-08-02T20:56:58Z","inv":{"id":"W-49","field":"ac","op":"field_pop_last"}}
{"v":1,"session":"desktop-5a9h5ko:b9ace3ea3b856f36","cmd":"field","ts":"2026-08-02T20:57:09Z","inv":{"id":"W-49","field":"evidence_strategy","op":"field_pop_last"}}
{"v":1,"session":"desktop-5a9h5ko:b9ace3ea3b856f36","cmd":"field","ts":"2026-08-02T21:38:41Z","inv":{"id":"W-49","field":"evidence","op":"field_pop_last"}}
{"v":1,"session":"desktop-5a9h5ko:b9ace3ea3b856f36","cmd":"field","ts":"2026-08-02T21:38:50Z","inv":{"id":"W-49","field":"evidence","op":"field_pop_last"}}
{"v":1,"session":"desktop-5a9h5ko:b9ace3ea3b856f36","cmd":"field","ts":"2026-08-02T21:38:58Z","inv":{"id":"W-49","field":"evidence","op":"field_pop_last"}}
{"v":1,"session":"desktop-5a9h5ko:b9ace3ea3b856f36","cmd":"field","ts":"2026-08-02T21:39:07Z","inv":{"id":"W-49","field":"evidence","op":"field_pop_last"}}
{"v":1,"session":"desktop-5a9h5ko:b9ace3ea3b856f36","cmd":"field","ts":"2026-08-02T21:39:16Z","inv":{"id":"W-49","field":"evidence","op":"field_pop_last"}}
{"v":1,"session":"desktop-5a9h5ko:b9ace3ea3b856f36","cmd":"set","ts":"2026-08-02T21:39:26Z","inv":{"had_session_at_before":true,"old_w_status":"progress","had_session_before":true,"id":"W-49","op":"set_w_status_with_goals","goal_statuses":{"G-13":"verified"},"old_session_at":"2026-08-02T20:55:37Z","old_session":"desktop-5a9h5ko:b9ace3ea3b856f36"}}
{"v":1,"session":"desktop-5a9h5ko:b9ace3ea3b856f36","cmd":"set","ts":"2026-08-02T21:39:37Z","inv":{"had_session_at_before":false,"old_w_status":"done","had_session_before":false,"id":"W-50","op":"set_w_status_with_goals","goal_statuses":{"G-13":"verified"},"old_session_at":"","old_session":""}}
{"v":1,"session":"desktop-5a9h5ko:b9ace3ea3b856f36","cmd":"field","ts":"2026-08-02T21:39:46Z","inv":{"id":"W-50","field":"ac","op":"field_pop_last"}}
{"v":1,"session":"desktop-5a9h5ko:b9ace3ea3b856f36","cmd":"field","ts":"2026-08-02T21:39:54Z","inv":{"id":"W-50","field":"ac","op":"field_pop_last"}}
{"v":1,"session":"desktop-5a9h5ko:b9ace3ea3b856f36","cmd":"field","ts":"2026-08-02T21:40:03Z","inv":{"id":"W-50","field":"ac","op":"field_pop_last"}}
{"v":1,"session":"desktop-5a9h5ko:b9ace3ea3b856f36","cmd":"field","ts":"2026-08-02T21:40:12Z","inv":{"id":"W-50","field":"ac","op":"field_pop_last"}}
{"v":1,"session":"desktop-5a9h5ko:b9ace3ea3b856f36","cmd":"field","ts":"2026-08-02T21:40:20Z","inv":{"id":"W-50","field":"evidence_strategy","op":"field_pop_last"}}
{"v":1,"session":"desktop-5a9h5ko:b9ace3ea3b856f36","cmd":"field","ts":"2026-08-02T22:20:20Z","inv":{"id":"W-50","field":"evidence","op":"field_pop_last"}}
{"v":1,"session":"desktop-5a9h5ko:b9ace3ea3b856f36","cmd":"field","ts":"2026-08-02T22:20:29Z","inv":{"id":"W-50","field":"evidence","op":"field_pop_last"}}
{"v":1,"session":"desktop-5a9h5ko:b9ace3ea3b856f36","cmd":"field","ts":"2026-08-02T22:20:39Z","inv":{"id":"W-50","field":"evidence","op":"field_pop_last"}}
{"v":1,"session":"desktop-5a9h5ko:b9ace3ea3b856f36","cmd":"field","ts":"2026-08-02T22:20:49Z","inv":{"id":"W-50","field":"evidence","op":"field_pop_last"}}
{"v":1,"session":"desktop-5a9h5ko:b9ace3ea3b856f36","cmd":"field","ts":"2026-08-02T22:20:58Z","inv":{"id":"W-50","field":"evidence","op":"field_pop_last"}}
{"v":1,"session":"desktop-5a9h5ko:b9ace3ea3b856f36","cmd":"set","ts":"2026-08-02T22:21:09Z","inv":{"had_session_at_before":true,"old_w_status":"progress","had_session_before":true,"id":"W-50","op":"set_w_status_with_goals","goal_statuses":{"G-13":"verified"},"old_session_at":"2026-08-02T21:39:37Z","old_session":"desktop-5a9h5ko:b9ace3ea3b856f36"}}
{"v":1,"session":"desktop-5a9h5ko:b9ace3ea3b856f36","cmd":"set","ts":"2026-08-02T22:21:20Z","inv":{"had_session_at_before":false,"old_w_status":"done","had_session_before":false,"id":"W-51","op":"set_w_status_with_goals","goal_statuses":{"G-13":"verified"},"old_session_at":"","old_session":""}}
{"v":1,"session":"desktop-5a9h5ko:b9ace3ea3b856f36","cmd":"field","ts":"2026-08-02T22:21:30Z","inv":{"id":"W-51","field":"ac","op":"field_pop_last"}}
{"v":1,"session":"desktop-5a9h5ko:b9ace3ea3b856f36","cmd":"field","ts":"2026-08-02T22:21:40Z","inv":{"id":"W-51","field":"ac","op":"field_pop_last"}}
{"v":1,"session":"desktop-5a9h5ko:b9ace3ea3b856f36","cmd":"field","ts":"2026-08-02T22:21:50Z","inv":{"id":"W-51","field":"ac","op":"field_pop_last"}}
{"v":1,"session":"desktop-5a9h5ko:b9ace3ea3b856f36","cmd":"field","ts":"2026-08-02T22:22:00Z","inv":{"id":"W-51","field":"evidence_strategy","op":"field_pop_last"}}
{"v":1,"session":"desktop-5a9h5ko:b9ace3ea3b856f36","cmd":"field","ts":"2026-08-02T22:28:08Z","inv":{"line":"rework: Ctrl+Shift+P opens the unified menu (project picker with all its sections); in production the shortcut is inert and the Development actions section never renders (neither via the shortcut nor via the rail button)","id":"W-51","field":"ac","op":"field_insert_line","index":7}}
{"v":1,"session":"desktop-5a9h5ko:b9ace3ea3b856f36","cmd":"field","ts":"2026-08-02T22:28:17Z","inv":{"id":"W-51","field":"ac","op":"field_pop_last"}}
{"v":1,"session":"desktop-5a9h5ko:b9ace3ea3b856f36","cmd":"field","ts":"2026-08-02T22:34:40Z","inv":{"id":"W-51","field":"evidence","op":"field_pop_last"}}
{"v":1,"session":"desktop-5a9h5ko:b9ace3ea3b856f36","cmd":"field","ts":"2026-08-02T22:34:49Z","inv":{"id":"W-51","field":"evidence","op":"field_pop_last"}}
{"v":1,"session":"desktop-5a9h5ko:b9ace3ea3b856f36","cmd":"field","ts":"2026-08-02T22:34:59Z","inv":{"id":"W-51","field":"evidence","op":"field_pop_last"}}
{"v":1,"session":"desktop-5a9h5ko:b9ace3ea3b856f36","cmd":"set","ts":"2026-08-02T22:35:10Z","inv":{"had_session_at_before":true,"old_w_status":"progress","had_session_before":true,"id":"W-51","op":"set_w_status_with_goals","goal_statuses":{"G-13":"verified"},"old_session_at":"2026-08-02T22:21:20Z","old_session":"desktop-5a9h5ko:b9ace3ea3b856f36"}}
{"v":1,"session":"desktop-5a9h5ko:b9ace3ea3b856f36","cmd":"field","ts":"2026-08-02T22:41:59Z","inv":{"id":"G-13","field":"fitness_target","value":"6","op":"field_restore_single"}}
{"v":1,"session":"desktop-5a9h5ko:b9ace3ea3b856f36","cmd":"add","ts":"2026-08-02T22:42:08Z","inv":{"id":"W-53","op":"rm_node"}}
{"v":1,"session":"desktop-5a9h5ko:b9ace3ea3b856f36","cmd":"fitness","ts":"2026-08-02T22:42:17Z","inv":{"had_key":false,"wid":"W-53","gid":"G-13","previous":null,"op":"restore_fitness_key"}}
{"v":1,"session":"desktop-5a9h5ko:b9ace3ea3b856f36","cmd":"add","ts":"2026-08-02T22:42:26Z","inv":{"id":"W-54","op":"rm_node"}}
{"v":1,"session":"desktop-5a9h5ko:b9ace3ea3b856f36","cmd":"fitness","ts":"2026-08-02T22:42:39Z","inv":{"had_key":false,"wid":"W-54","gid":"G-13","previous":null,"op":"restore_fitness_key"}}
{"v":1,"session":"desktop-5a9h5ko:b9ace3ea3b856f36","cmd":"add","ts":"2026-08-02T22:42:48Z","inv":{"id":"W-55","op":"rm_node"}}
{"v":1,"session":"desktop-5a9h5ko:b9ace3ea3b856f36","cmd":"fitness","ts":"2026-08-02T22:42:56Z","inv":{"had_key":false,"wid":"W-55","gid":"G-13","previous":null,"op":"restore_fitness_key"}}
{"v":1,"session":"desktop-5a9h5ko:b9ace3ea3b856f36","cmd":"field","ts":"2026-08-02T22:43:38Z","inv":{"id":"W-53","field":"ac","op":"field_pop_last"}}
{"v":1,"session":"desktop-5a9h5ko:b9ace3ea3b856f36","cmd":"field","ts":"2026-08-02T22:43:47Z","inv":{"id":"W-53","field":"ac","op":"field_pop_last"}}
{"v":1,"session":"desktop-5a9h5ko:b9ace3ea3b856f36","cmd":"field","ts":"2026-08-02T22:43:55Z","inv":{"id":"W-53","field":"ac","op":"field_pop_last"}}
{"v":1,"session":"desktop-5a9h5ko:b9ace3ea3b856f36","cmd":"field","ts":"2026-08-02T22:44:04Z","inv":{"id":"W-53","field":"ac","op":"field_pop_last"}}
{"v":1,"session":"desktop-5a9h5ko:b9ace3ea3b856f36","cmd":"field","ts":"2026-08-02T22:44:13Z","inv":{"id":"W-53","field":"ac","op":"field_pop_last"}}
{"v":1,"session":"desktop-5a9h5ko:b9ace3ea3b856f36","cmd":"field","ts":"2026-08-02T22:44:21Z","inv":{"id":"W-53","field":"hypothesis","op":"field_pop_last"}}
{"v":1,"session":"desktop-5a9h5ko:b9ace3ea3b856f36","cmd":"field","ts":"2026-08-02T22:44:30Z","inv":{"id":"W-53","field":"repro","op":"field_pop_last"}}
{"v":1,"session":"desktop-5a9h5ko:b9ace3ea3b856f36","cmd":"field","ts":"2026-08-02T22:44:38Z","inv":{"id":"W-53","field":"evidence_strategy","op":"field_pop_last"}}
{"v":1,"session":"desktop-5a9h5ko:b9ace3ea3b856f36","cmd":"field","ts":"2026-08-02T22:44:48Z","inv":{"id":"W-53","field":"evidence_strategy","op":"field_pop_last"}}
{"v":1,"session":"desktop-5a9h5ko:b9ace3ea3b856f36","cmd":"field","ts":"2026-08-02T22:44:56Z","inv":{"id":"W-53","field":"evidence_strategy","op":"field_pop_last"}}
{"v":1,"session":"desktop-5a9h5ko:b9ace3ea3b856f36","cmd":"field","ts":"2026-08-02T22:45:05Z","inv":{"id":"W-53","field":"why","op":"field_pop_last"}}
{"v":1,"session":"desktop-5a9h5ko:b9ace3ea3b856f36","cmd":"set","ts":"2026-08-02T22:45:21Z","inv":{"had_session_at_before":false,"old_w_status":"proposed","had_session_before":false,"id":"W-53","op":"set_w_status_with_goals","goal_statuses":{"G-13":"partial"},"old_session_at":"","old_session":""}}
{"v":1,"session":"desktop-5a9h5ko:b9ace3ea3b856f36","cmd":"field","ts":"2026-08-02T22:54:06Z","inv":{"id":"W-53","field":"evidence","op":"field_pop_last"}}
{"v":1,"session":"desktop-5a9h5ko:b9ace3ea3b856f36","cmd":"field","ts":"2026-08-02T22:54:15Z","inv":{"id":"W-53","field":"evidence","op":"field_pop_last"}}
{"v":1,"session":"desktop-5a9h5ko:b9ace3ea3b856f36","cmd":"field","ts":"2026-08-02T22:54:25Z","inv":{"id":"W-53","field":"evidence","op":"field_pop_last"}}
{"v":1,"session":"desktop-5a9h5ko:b9ace3ea3b856f36","cmd":"field","ts":"2026-08-02T22:54:34Z","inv":{"id":"W-53","field":"evidence","op":"field_pop_last"}}
{"v":1,"session":"desktop-5a9h5ko:b9ace3ea3b856f36","cmd":"set","ts":"2026-08-02T22:54:44Z","inv":{"had_session_at_before":true,"old_w_status":"progress","had_session_before":true,"id":"W-53","op":"set_w_status_with_goals","goal_statuses":{"G-13":"partial"},"old_session_at":"2026-08-02T22:45:21Z","old_session":"desktop-5a9h5ko:b9ace3ea3b856f36"}}
{"v":1,"session":"desktop-5a9h5ko:b9ace3ea3b856f36","cmd":"set","ts":"2026-08-02T22:54:55Z","inv":{"missing":["AC(w) ≠ ∅","evidence_strategy ≠ ∅","hypothesis ≠ ⊥"],"id":"W-54","op":"dor_reject"}}
{"v":1,"session":"desktop-5a9h5ko:b9ace3ea3b856f36","cmd":"field","ts":"2026-08-02T22:55:04Z","inv":{"id":"W-54","field":"ac","op":"field_pop_last"}}
{"v":1,"session":"desktop-5a9h5ko:b9ace3ea3b856f36","cmd":"field","ts":"2026-08-02T22:55:14Z","inv":{"id":"W-54","field":"ac","op":"field_pop_last"}}
{"v":1,"session":"desktop-5a9h5ko:b9ace3ea3b856f36","cmd":"field","ts":"2026-08-02T22:55:23Z","inv":{"id":"W-54","field":"ac","op":"field_pop_last"}}
{"v":1,"session":"desktop-5a9h5ko:b9ace3ea3b856f36","cmd":"field","ts":"2026-08-02T22:55:31Z","inv":{"id":"W-54","field":"ac","op":"field_pop_last"}}
{"v":1,"session":"desktop-5a9h5ko:b9ace3ea3b856f36","cmd":"field","ts":"2026-08-02T22:55:40Z","inv":{"id":"W-54","field":"ac","op":"field_pop_last"}}
{"v":1,"session":"desktop-5a9h5ko:b9ace3ea3b856f36","cmd":"field","ts":"2026-08-02T22:55:48Z","inv":{"id":"W-54","field":"evidence_strategy","op":"field_pop_last"}}
{"v":1,"session":"desktop-5a9h5ko:b9ace3ea3b856f36","cmd":"field","ts":"2026-08-02T22:55:56Z","inv":{"id":"W-54","field":"evidence_strategy","op":"field_pop_last"}}
{"v":1,"session":"desktop-5a9h5ko:b9ace3ea3b856f36","cmd":"field","ts":"2026-08-02T22:56:05Z","inv":{"id":"W-54","field":"evidence_strategy","op":"field_pop_last"}}
{"v":1,"session":"desktop-5a9h5ko:b9ace3ea3b856f36","cmd":"field","ts":"2026-08-02T22:56:14Z","inv":{"id":"W-54","field":"evidence_strategy","op":"field_pop_last"}}
{"v":1,"session":"desktop-5a9h5ko:b9ace3ea3b856f36","cmd":"field","ts":"2026-08-02T22:56:23Z","inv":{"id":"W-54","field":"why","op":"field_pop_last"}}
{"v":1,"session":"desktop-5a9h5ko:b9ace3ea3b856f36","cmd":"field","ts":"2026-08-02T22:57:29Z","inv":{"id":"W-54","field":"hypothesis","op":"field_pop_last"}}
{"v":1,"session":"desktop-5a9h5ko:b9ace3ea3b856f36","cmd":"field","ts":"2026-08-02T23:25:50Z","inv":{"id":"W-54","field":"evidence","op":"field_pop_last"}}
{"v":1,"session":"desktop-5a9h5ko:b9ace3ea3b856f36","cmd":"field","ts":"2026-08-02T23:25:59Z","inv":{"id":"W-54","field":"evidence","op":"field_pop_last"}}
{"v":1,"session":"desktop-5a9h5ko:b9ace3ea3b856f36","cmd":"field","ts":"2026-08-02T23:26:08Z","inv":{"id":"W-54","field":"evidence","op":"field_pop_last"}}
{"v":1,"session":"desktop-5a9h5ko:b9ace3ea3b856f36","cmd":"field","ts":"2026-08-02T23:26:18Z","inv":{"id":"W-54","field":"evidence","op":"field_pop_last"}}
{"v":1,"session":"desktop-5a9h5ko:b9ace3ea3b856f36","cmd":"field","ts":"2026-08-02T23:26:27Z","inv":{"id":"W-54","field":"evidence","op":"field_pop_last"}}
{"v":1,"session":"desktop-5a9h5ko:b9ace3ea3b856f36","cmd":"set","ts":"2026-08-02T23:26:37Z","inv":{"had_session_at_before":false,"old_w_status":"proposed","had_session_before":false,"id":"W-54","op":"set_w_status_with_goals","goal_statuses":{"G-13":"partial"},"old_session_at":"","old_session":""}}
{"v":1,"session":"desktop-5a9h5ko:b9ace3ea3b856f36","cmd":"field","ts":"2026-08-02T23:26:46Z","inv":{"id":"W-55","field":"ac","op":"field_pop_last"}}
{"v":1,"session":"desktop-5a9h5ko:b9ace3ea3b856f36","cmd":"field","ts":"2026-08-02T23:26:55Z","inv":{"id":"W-55","field":"ac","op":"field_pop_last"}}
{"v":1,"session":"desktop-5a9h5ko:b9ace3ea3b856f36","cmd":"field","ts":"2026-08-02T23:27:04Z","inv":{"id":"W-55","field":"ac","op":"field_pop_last"}}
{"v":1,"session":"desktop-5a9h5ko:b9ace3ea3b856f36","cmd":"field","ts":"2026-08-02T23:27:13Z","inv":{"id":"W-55","field":"hypothesis","op":"field_pop_last"}}
{"v":1,"session":"desktop-5a9h5ko:b9ace3ea3b856f36","cmd":"field","ts":"2026-08-02T23:27:23Z","inv":{"id":"W-55","field":"evidence_strategy","op":"field_pop_last"}}
{"v":1,"session":"desktop-5a9h5ko:b9ace3ea3b856f36","cmd":"field","ts":"2026-08-02T23:27:33Z","inv":{"id":"W-55","field":"evidence_strategy","op":"field_pop_last"}}
{"v":1,"session":"desktop-5a9h5ko:b9ace3ea3b856f36","cmd":"field","ts":"2026-08-02T23:27:45Z","inv":{"id":"W-55","field":"evidence_strategy","op":"field_pop_last"}}
{"v":1,"session":"desktop-5a9h5ko:b9ace3ea3b856f36","cmd":"field","ts":"2026-08-02T23:27:54Z","inv":{"id":"W-55","field":"why","op":"field_pop_last"}}
{"v":1,"session":"desktop-5a9h5ko:b9ace3ea3b856f36","cmd":"set","ts":"2026-08-02T23:28:12Z","inv":{"had_session_at_before":false,"old_w_status":"proposed","had_session_before":false,"id":"W-55","op":"set_w_status_with_goals","goal_statuses":{"G-13":"partial"},"old_session_at":"","old_session":""}}
{"v":1,"session":"desktop-5a9h5ko:b9ace3ea3b856f36","cmd":"field","ts":"2026-08-02T23:33:19Z","inv":{"id":"W-55","field":"evidence","op":"field_pop_last"}}
{"v":1,"session":"desktop-5a9h5ko:b9ace3ea3b856f36","cmd":"field","ts":"2026-08-02T23:33:27Z","inv":{"id":"W-55","field":"evidence","op":"field_pop_last"}}
{"v":1,"session":"desktop-5a9h5ko:b9ace3ea3b856f36","cmd":"set","ts":"2026-08-02T23:33:37Z","inv":{"had_session_at_before":true,"old_w_status":"progress","had_session_before":true,"id":"W-55","op":"set_w_status_with_goals","goal_statuses":{"G-13":"partial"},"old_session_at":"2026-08-02T23:28:12Z","old_session":"desktop-5a9h5ko:b9ace3ea3b856f36"}}
{"v":1,"session":"desktop-5a9h5ko:b9ace3ea3b856f36","cmd":"field","ts":"2026-08-03T01:19:00Z","inv":{"id":"G-13","field":"fitness_target","value":"9","op":"field_restore_single"}}
{"v":1,"session":"desktop-5a9h5ko:b9ace3ea3b856f36","cmd":"add","ts":"2026-08-03T01:19:14Z","inv":{"id":"W-56","op":"rm_node"}}
{"v":1,"session":"desktop-5a9h5ko:b9ace3ea3b856f36","cmd":"fitness","ts":"2026-08-03T01:19:26Z","inv":{"had_key":false,"wid":"W-56","gid":"G-13","previous":null,"op":"restore_fitness_key"}}
{"v":1,"session":"desktop-5a9h5ko:b9ace3ea3b856f36","cmd":"field","ts":"2026-08-03T01:19:40Z","inv":{"id":"W-56","field":"ac","op":"field_pop_last"}}
{"v":1,"session":"desktop-5a9h5ko:b9ace3ea3b856f36","cmd":"field","ts":"2026-08-03T01:19:53Z","inv":{"id":"W-56","field":"ac","op":"field_pop_last"}}
{"v":1,"session":"desktop-5a9h5ko:b9ace3ea3b856f36","cmd":"field","ts":"2026-08-03T01:20:06Z","inv":{"id":"W-56","field":"ac","op":"field_pop_last"}}
{"v":1,"session":"desktop-5a9h5ko:b9ace3ea3b856f36","cmd":"field","ts":"2026-08-03T01:20:19Z","inv":{"id":"W-56","field":"ac","op":"field_pop_last"}}
{"v":1,"session":"desktop-5a9h5ko:b9ace3ea3b856f36","cmd":"field","ts":"2026-08-03T01:20:32Z","inv":{"id":"W-56","field":"ac","op":"field_pop_last"}}
{"v":1,"session":"desktop-5a9h5ko:b9ace3ea3b856f36","cmd":"field","ts":"2026-08-03T01:20:45Z","inv":{"id":"W-56","field":"hypothesis","op":"field_pop_last"}}
{"v":1,"session":"desktop-5a9h5ko:b9ace3ea3b856f36","cmd":"field","ts":"2026-08-03T01:20:59Z","inv":{"id":"W-56","field":"repro","op":"field_pop_last"}}
{"v":1,"session":"desktop-5a9h5ko:b9ace3ea3b856f36","cmd":"field","ts":"2026-08-03T01:21:11Z","inv":{"id":"W-56","field":"evidence_strategy","op":"field_pop_last"}}
{"v":1,"session":"desktop-5a9h5ko:b9ace3ea3b856f36","cmd":"field","ts":"2026-08-03T01:21:23Z","inv":{"id":"W-56","field":"evidence_strategy","op":"field_pop_last"}}
{"v":1,"session":"desktop-5a9h5ko:b9ace3ea3b856f36","cmd":"field","ts":"2026-08-03T01:21:34Z","inv":{"id":"W-56","field":"evidence_strategy","op":"field_pop_last"}}
{"v":1,"session":"desktop-5a9h5ko:b9ace3ea3b856f36","cmd":"field","ts":"2026-08-03T01:21:46Z","inv":{"id":"W-56","field":"why","op":"field_pop_last"}}
{"v":1,"session":"desktop-5a9h5ko:b9ace3ea3b856f36","cmd":"set","ts":"2026-08-03T01:22:06Z","inv":{"had_session_at_before":false,"old_w_status":"proposed","had_session_before":false,"id":"W-56","op":"set_w_status_with_goals","goal_statuses":{"G-13":"partial"},"old_session_at":"","old_session":""}}
{"v":1,"session":"desktop-5a9h5ko:b9ace3ea3b856f36","cmd":"field","ts":"2026-08-03T01:52:53Z","inv":{"id":"W-56","field":"evidence","op":"field_pop_last"}}
{"v":1,"session":"desktop-5a9h5ko:b9ace3ea3b856f36","cmd":"field","ts":"2026-08-03T01:53:06Z","inv":{"id":"W-56","field":"evidence","op":"field_pop_last"}}
{"v":1,"session":"desktop-5a9h5ko:b9ace3ea3b856f36","cmd":"field","ts":"2026-08-03T01:53:22Z","inv":{"id":"W-56","field":"evidence","op":"field_pop_last"}}
{"v":1,"session":"desktop-5a9h5ko:b9ace3ea3b856f36","cmd":"field","ts":"2026-08-03T01:53:34Z","inv":{"id":"W-56","field":"evidence","op":"field_pop_last"}}
{"v":1,"session":"desktop-5a9h5ko:b9ace3ea3b856f36","cmd":"field","ts":"2026-08-03T01:53:46Z","inv":{"id":"W-56","field":"evidence","op":"field_pop_last"}}
{"v":1,"session":"desktop-5a9h5ko:b9ace3ea3b856f36","cmd":"set","ts":"2026-08-03T01:54:00Z","inv":{"had_session_at_before":true,"old_w_status":"progress","had_session_before":true,"id":"W-56","op":"set_w_status_with_goals","goal_statuses":{"G-13":"partial"},"old_session_at":"2026-08-03T01:22:06Z","old_session":"desktop-5a9h5ko:b9ace3ea3b856f36"}}
{"v":1,"session":"desktop-5a9h5ko:b9ace3ea3b856f36","cmd":"distill","ts":"2026-08-03T23:49:58Z","inv":{"goal":"G-13","op":"distill","empty":true}}
{"v":1,"session":"desktop-5a9h5ko:b9ace3ea3b856f36","cmd":"archive","ts":"2026-08-03T23:49:58Z","inv":{"ids":["G-13","W-47","W-48","W-49","W-50","W-51","W-52","W-53","W-54","W-55","W-56"],"id":"G-13","op":"archive"}}
{"v":1,"session":"desktop-5a9h5ko:b9ace3ea3b856f36","cmd":"add","ts":"2026-08-03T23:50:34Z","inv":{"id":"G-14","op":"rm_node"}}
{"v":1,"session":"desktop-5a9h5ko:b9ace3ea3b856f36","cmd":"add","ts":"2026-08-03T23:50:43Z","inv":{"id":"W-57","op":"rm_node"}}
{"v":1,"session":"desktop-5a9h5ko:b9ace3ea3b856f36","cmd":"set","ts":"2026-08-03T23:51:17Z","inv":{"id":"W-57","old":"","op":"set_title"}}
{"v":1,"session":"desktop-5a9h5ko:b9ace3ea3b856f36","cmd":"field","ts":"2026-08-03T23:51:17Z","inv":{"id":"W-57","field":"goals","op":"field_pop_last"}}
{"v":1,"session":"desktop-5a9h5ko:b9ace3ea3b856f36","cmd":"add","ts":"2026-08-03T23:51:17Z","inv":{"id":"W-58","op":"rm_node"}}
{"v":1,"session":"desktop-5a9h5ko:b9ace3ea3b856f36","cmd":"add","ts":"2026-08-03T23:51:17Z","inv":{"id":"W-59","op":"rm_node"}}
{"v":1,"session":"desktop-5a9h5ko:b9ace3ea3b856f36","cmd":"add","ts":"2026-08-03T23:51:18Z","inv":{"id":"W-60","op":"rm_node"}}
{"v":1,"session":"desktop-5a9h5ko:b9ace3ea3b856f36","cmd":"add","ts":"2026-08-03T23:51:18Z","inv":{"id":"W-61","op":"rm_node"}}
{"v":1,"session":"desktop-5a9h5ko:b9ace3ea3b856f36","cmd":"add","ts":"2026-08-03T23:51:18Z","inv":{"id":"W-62","op":"rm_node"}}
{"v":1,"session":"desktop-5a9h5ko:b9ace3ea3b856f36","cmd":"set","ts":"2026-08-04T00:12:25Z","inv":{"had_session_at_before":false,"old_w_status":"proposed","had_session_before":false,"id":"W-57","op":"set_w_status_with_goals","goal_statuses":{"G-14":"unverified"},"old_session_at":"","old_session":""}}
{"v":1,"session":"desktop-5a9h5ko:b9ace3ea3b856f36","cmd":"set","ts":"2026-08-04T00:12:25Z","inv":{"missing":["AC(w) ≠ ∅","fitness deltas set ∀ g","evidence_strategy ≠ ∅","hypothesis ≠ ⊥"],"id":"W-57","op":"dor_reject"}}
{"v":1,"session":"desktop-5a9h5ko:b9ace3ea3b856f36","cmd":"set","ts":"2026-08-04T00:12:25Z","inv":{"had_session_at_before":false,"old_w_status":"proposed","had_session_before":false,"id":"W-58","op":"set_w_status_with_goals","goal_statuses":{"G-14":"unverified"},"old_session_at":"","old_session":""}}
{"v":1,"session":"desktop-5a9h5ko:b9ace3ea3b856f36","cmd":"set","ts":"2026-08-04T00:12:25Z","inv":{"missing":["AC(w) ≠ ∅","fitness deltas set ∀ g","evidence_strategy ≠ ∅","hypothesis ≠ ⊥"],"id":"W-58","op":"dor_reject"}}
{"v":1,"session":"desktop-5a9h5ko:b9ace3ea3b856f36","cmd":"set","ts":"2026-08-04T00:12:26Z","inv":{"had_session_at_before":false,"old_w_status":"proposed","had_session_before":false,"id":"W-59","op":"set_w_status_with_goals","goal_statuses":{"G-14":"unverified"},"old_session_at":"","old_session":""}}
{"v":1,"session":"desktop-5a9h5ko:b9ace3ea3b856f36","cmd":"set","ts":"2026-08-04T00:12:26Z","inv":{"missing":["AC(w) ≠ ∅","fitness deltas set ∀ g","evidence_strategy ≠ ∅","hypothesis ≠ ⊥"],"id":"W-59","op":"dor_reject"}}
{"v":1,"session":"desktop-5a9h5ko:b9ace3ea3b856f36","cmd":"set","ts":"2026-08-04T00:12:26Z","inv":{"had_session_at_before":false,"old_w_status":"proposed","had_session_before":false,"id":"W-60","op":"set_w_status_with_goals","goal_statuses":{"G-14":"unverified"},"old_session_at":"","old_session":""}}
{"v":1,"session":"desktop-5a9h5ko:b9ace3ea3b856f36","cmd":"set","ts":"2026-08-04T00:12:27Z","inv":{"missing":["AC(w) ≠ ∅","fitness deltas set ∀ g","evidence_strategy ≠ ∅","hypothesis ≠ ⊥"],"id":"W-60","op":"dor_reject"}}
{"v":1,"session":"desktop-5a9h5ko:b9ace3ea3b856f36","cmd":"set","ts":"2026-08-04T00:12:27Z","inv":{"had_session_at_before":false,"old_w_status":"proposed","had_session_before":false,"id":"W-61","op":"set_w_status_with_goals","goal_statuses":{"G-14":"unverified"},"old_session_at":"","old_session":""}}
{"v":1,"session":"desktop-5a9h5ko:b9ace3ea3b856f36","cmd":"set","ts":"2026-08-04T00:12:27Z","inv":{"missing":["AC(w) ≠ ∅","fitness deltas set ∀ g","evidence_strategy ≠ ∅","hypothesis ≠ ⊥"],"id":"W-61","op":"dor_reject"}}
{"v":1,"session":"desktop-5a9h5ko:b9ace3ea3b856f36","cmd":"set","ts":"2026-08-04T00:12:27Z","inv":{"had_session_at_before":false,"old_w_status":"proposed","had_session_before":false,"id":"W-62","op":"set_w_status_with_goals","goal_statuses":{"G-14":"unverified"},"old_session_at":"","old_session":""}}
{"v":1,"session":"desktop-5a9h5ko:b9ace3ea3b856f36","cmd":"set","ts":"2026-08-04T00:12:28Z","inv":{"missing":["AC(w) ≠ ∅","fitness deltas set ∀ g","evidence_strategy ≠ ∅","hypothesis ≠ ⊥"],"id":"W-62","op":"dor_reject"}}
{"v":1,"session":"desktop-5a9h5ko:b9ace3ea3b856f36","cmd":"field","ts":"2026-08-04T00:13:57Z","inv":{"id":"W-57","field":"ac","op":"field_pop_last"}}
{"v":1,"session":"desktop-5a9h5ko:b9ace3ea3b856f36","cmd":"field","ts":"2026-08-04T00:13:58Z","inv":{"id":"W-57","field":"ac","op":"field_pop_last"}}
{"v":1,"session":"desktop-5a9h5ko:b9ace3ea3b856f36","cmd":"field","ts":"2026-08-04T00:13:58Z","inv":{"id":"W-57","field":"hypothesis","op":"field_pop_last"}}
{"v":1,"session":"desktop-5a9h5ko:b9ace3ea3b856f36","cmd":"field","ts":"2026-08-04T00:13:59Z","inv":{"id":"W-57","field":"evidence_strategy","op":"field_pop_last"}}
{"v":1,"session":"desktop-5a9h5ko:b9ace3ea3b856f36","cmd":"field","ts":"2026-08-04T00:14:00Z","inv":{"id":"W-57","field":"evidence_strategy","op":"field_pop_last"}}
{"v":1,"session":"desktop-5a9h5ko:b9ace3ea3b856f36","cmd":"fitness","ts":"2026-08-04T00:14:01Z","inv":{"had_key":false,"wid":"W-57","gid":"G-14","previous":null,"op":"restore_fitness_key"}}
{"v":1,"session":"desktop-5a9h5ko:b9ace3ea3b856f36","cmd":"field","ts":"2026-08-04T00:14:03Z","inv":{"id":"W-58","field":"ac","op":"field_pop_last"}}
{"v":1,"session":"desktop-5a9h5ko:b9ace3ea3b856f36","cmd":"field","ts":"2026-08-04T00:14:03Z","inv":{"id":"W-58","field":"ac","op":"field_pop_last"}}
{"v":1,"session":"desktop-5a9h5ko:b9ace3ea3b856f36","cmd":"field","ts":"2026-08-04T00:14:04Z","inv":{"id":"W-58","field":"hypothesis","op":"field_pop_last"}}
{"v":1,"session":"desktop-5a9h5ko:b9ace3ea3b856f36","cmd":"field","ts":"2026-08-04T00:14:05Z","inv":{"id":"W-58","field":"evidence_strategy","op":"field_pop_last"}}
{"v":1,"session":"desktop-5a9h5ko:b9ace3ea3b856f36","cmd":"fitness","ts":"2026-08-04T00:14:06Z","inv":{"had_key":false,"wid":"W-58","gid":"G-14","previous":null,"op":"restore_fitness_key"}}
{"v":1,"session":"desktop-5a9h5ko:b9ace3ea3b856f36","cmd":"field","ts":"2026-08-04T00:14:07Z","inv":{"id":"W-59","field":"ac","op":"field_pop_last"}}
{"v":1,"session":"desktop-5a9h5ko:b9ace3ea3b856f36","cmd":"field","ts":"2026-08-04T00:14:08Z","inv":{"id":"W-59","field":"hypothesis","op":"field_pop_last"}}
{"v":1,"session":"desktop-5a9h5ko:b9ace3ea3b856f36","cmd":"field","ts":"2026-08-04T00:14:08Z","inv":{"id":"W-59","field":"evidence_strategy","op":"field_pop_last"}}
{"v":1,"session":"desktop-5a9h5ko:b9ace3ea3b856f36","cmd":"fitness","ts":"2026-08-04T00:14:09Z","inv":{"had_key":false,"wid":"W-59","gid":"G-14","previous":null,"op":"restore_fitness_key"}}
{"v":1,"session":"desktop-5a9h5ko:b9ace3ea3b856f36","cmd":"field","ts":"2026-08-04T00:14:28Z","inv":{"id":"W-60","field":"ac","op":"field_pop_last"}}
{"v":1,"session":"desktop-5a9h5ko:b9ace3ea3b856f36","cmd":"field","ts":"2026-08-04T00:14:29Z","inv":{"id":"W-60","field":"ac","op":"field_pop_last"}}
{"v":1,"session":"desktop-5a9h5ko:b9ace3ea3b856f36","cmd":"field","ts":"2026-08-04T00:14:29Z","inv":{"id":"W-60","field":"hypothesis","op":"field_pop_last"}}
{"v":1,"session":"desktop-5a9h5ko:b9ace3ea3b856f36","cmd":"field","ts":"2026-08-04T00:14:30Z","inv":{"id":"W-60","field":"evidence_strategy","op":"field_pop_last"}}
{"v":1,"session":"desktop-5a9h5ko:b9ace3ea3b856f36","cmd":"field","ts":"2026-08-04T00:14:30Z","inv":{"id":"W-60","field":"evidence_strategy","op":"field_pop_last"}}
{"v":1,"session":"desktop-5a9h5ko:b9ace3ea3b856f36","cmd":"fitness","ts":"2026-08-04T00:14:30Z","inv":{"had_key":false,"wid":"W-60","gid":"G-14","previous":null,"op":"restore_fitness_key"}}
{"v":1,"session":"desktop-5a9h5ko:b9ace3ea3b856f36","cmd":"field","ts":"2026-08-04T00:14:30Z","inv":{"id":"W-61","field":"ac","op":"field_pop_last"}}
{"v":1,"session":"desktop-5a9h5ko:b9ace3ea3b856f36","cmd":"field","ts":"2026-08-04T00:14:31Z","inv":{"id":"W-61","field":"hypothesis","op":"field_pop_last"}}
{"v":1,"session":"desktop-5a9h5ko:b9ace3ea3b856f36","cmd":"field","ts":"2026-08-04T00:14:31Z","inv":{"id":"W-61","field":"evidence_strategy","op":"field_pop_last"}}
{"v":1,"session":"desktop-5a9h5ko:b9ace3ea3b856f36","cmd":"field","ts":"2026-08-04T00:14:31Z","inv":{"id":"W-61","field":"evidence_strategy","op":"field_pop_last"}}
{"v":1,"session":"desktop-5a9h5ko:b9ace3ea3b856f36","cmd":"fitness","ts":"2026-08-04T00:14:32Z","inv":{"had_key":false,"wid":"W-61","gid":"G-14","previous":null,"op":"restore_fitness_key"}}
{"v":1,"session":"desktop-5a9h5ko:b9ace3ea3b856f36","cmd":"field","ts":"2026-08-04T00:14:32Z","inv":{"id":"W-62","field":"ac","op":"field_pop_last"}}
{"v":1,"session":"desktop-5a9h5ko:b9ace3ea3b856f36","cmd":"field","ts":"2026-08-04T00:14:33Z","inv":{"id":"W-62","field":"hypothesis","op":"field_pop_last"}}
{"v":1,"session":"desktop-5a9h5ko:b9ace3ea3b856f36","cmd":"field","ts":"2026-08-04T00:14:34Z","inv":{"id":"W-62","field":"evidence_strategy","op":"field_pop_last"}}
{"v":1,"session":"desktop-5a9h5ko:b9ace3ea3b856f36","cmd":"fitness","ts":"2026-08-04T00:14:34Z","inv":{"had_key":false,"wid":"W-62","gid":"G-14","previous":null,"op":"restore_fitness_key"}}
{"v":1,"session":"desktop-5a9h5ko:b9ace3ea3b856f36","cmd":"set","ts":"2026-08-04T00:14:45Z","inv":{"had_session_at_before":false,"old_w_status":"ready","had_session_before":false,"id":"W-57","op":"set_w_status_with_goals","goal_statuses":{"G-14":"unverified"},"old_session_at":"","old_session":""}}
{"v":1,"session":"desktop-5a9h5ko:b9ace3ea3b856f36","cmd":"set","ts":"2026-08-04T00:14:46Z","inv":{"had_session_at_before":false,"old_w_status":"ready","had_session_before":false,"id":"W-57","op":"set_w_status_with_goals","goal_statuses":{"G-14":"unverified"},"old_session_at":"","old_session":""}}
{"v":1,"session":"desktop-5a9h5ko:b9ace3ea3b856f36","cmd":"set","ts":"2026-08-04T00:14:46Z","inv":{"had_session_at_before":false,"old_w_status":"ready","had_session_before":false,"id":"W-58","op":"set_w_status_with_goals","goal_statuses":{"G-14":"unverified"},"old_session_at":"","old_session":""}}
{"v":1,"session":"desktop-5a9h5ko:b9ace3ea3b856f36","cmd":"set","ts":"2026-08-04T00:14:47Z","inv":{"had_session_at_before":false,"old_w_status":"ready","had_session_before":false,"id":"W-59","op":"set_w_status_with_goals","goal_statuses":{"G-14":"unverified"},"old_session_at":"","old_session":""}}
{"v":1,"session":"desktop-5a9h5ko:b9ace3ea3b856f36","cmd":"set","ts":"2026-08-04T00:14:47Z","inv":{"had_session_at_before":false,"old_w_status":"ready","had_session_before":false,"id":"W-60","op":"set_w_status_with_goals","goal_statuses":{"G-14":"unverified"},"old_session_at":"","old_session":""}}
{"v":1,"session":"desktop-5a9h5ko:b9ace3ea3b856f36","cmd":"set","ts":"2026-08-04T00:14:48Z","inv":{"had_session_at_before":false,"old_w_status":"ready","had_session_before":false,"id":"W-61","op":"set_w_status_with_goals","goal_statuses":{"G-14":"unverified"},"old_session_at":"","old_session":""}}
{"v":1,"session":"desktop-5a9h5ko:b9ace3ea3b856f36","cmd":"set","ts":"2026-08-04T00:14:48Z","inv":{"had_session_at_before":false,"old_w_status":"ready","had_session_before":false,"id":"W-62","op":"set_w_status_with_goals","goal_statuses":{"G-14":"unverified"},"old_session_at":"","old_session":""}}
{"v":1,"session":"desktop-5a9h5ko:b9ace3ea3b856f36","cmd":"field","ts":"2026-08-04T00:37:30Z","inv":{"id":"W-57","field":"evidence","op":"field_pop_last"}}
{"v":1,"session":"desktop-5a9h5ko:b9ace3ea3b856f36","cmd":"field","ts":"2026-08-04T00:37:30Z","inv":{"id":"W-57","field":"evidence","op":"field_pop_last"}}
{"v":1,"session":"desktop-5a9h5ko:b9ace3ea3b856f36","cmd":"set","ts":"2026-08-04T00:37:30Z","inv":{"had_session_at_before":true,"old_w_status":"progress","had_session_before":true,"id":"W-57","op":"set_w_status_with_goals","goal_statuses":{"G-14":"unverified"},"old_session_at":"2026-08-04T00:14:46Z","old_session":"desktop-5a9h5ko:b9ace3ea3b856f36"}}
{"v":1,"session":"desktop-5a9h5ko:b9ace3ea3b856f36","cmd":"set","ts":"2026-08-04T00:37:30Z","inv":{"had_session_at_before":false,"old_w_status":"ready","had_session_before":false,"id":"W-58","op":"set_w_status_with_goals","goal_statuses":{"G-14":"partial"},"old_session_at":"","old_session":""}}
{"v":1,"session":"desktop-5a9h5ko:b9ace3ea3b856f36","cmd":"field","ts":"2026-08-04T00:37:31Z","inv":{"id":"W-58","field":"evidence","op":"field_pop_last"}}
{"v":1,"session":"desktop-5a9h5ko:b9ace3ea3b856f36","cmd":"field","ts":"2026-08-04T00:37:31Z","inv":{"id":"W-58","field":"evidence","op":"field_pop_last"}}
{"v":1,"session":"desktop-5a9h5ko:b9ace3ea3b856f36","cmd":"set","ts":"2026-08-04T00:37:31Z","inv":{"had_session_at_before":true,"old_w_status":"progress","had_session_before":true,"id":"W-58","op":"set_w_status_with_goals","goal_statuses":{"G-14":"partial"},"old_session_at":"2026-08-04T00:37:30Z","old_session":"desktop-5a9h5ko:b9ace3ea3b856f36"}}
{"v":1,"session":"desktop-5a9h5ko:b9ace3ea3b856f36","cmd":"set","ts":"2026-08-04T00:37:47Z","inv":{"had_session_at_before":false,"old_w_status":"ready","had_session_before":false,"id":"W-59","op":"set_w_status_with_goals","goal_statuses":{"G-14":"partial"},"old_session_at":"","old_session":""}}
{"v":1,"session":"desktop-5a9h5ko:b9ace3ea3b856f36","cmd":"field","ts":"2026-08-04T00:37:47Z","inv":{"id":"W-59","field":"evidence","op":"field_pop_last"}}
{"v":1,"session":"desktop-5a9h5ko:b9ace3ea3b856f36","cmd":"field","ts":"2026-08-04T00:37:47Z","inv":{"id":"W-59","field":"evidence","op":"field_pop_last"}}
{"v":1,"session":"desktop-5a9h5ko:b9ace3ea3b856f36","cmd":"set","ts":"2026-08-04T00:37:47Z","inv":{"had_session_at_before":true,"old_w_status":"progress","had_session_before":true,"id":"W-59","op":"set_w_status_with_goals","goal_statuses":{"G-14":"partial"},"old_session_at":"2026-08-04T00:37:47Z","old_session":"desktop-5a9h5ko:b9ace3ea3b856f36"}}
{"v":1,"session":"desktop-5a9h5ko:b9ace3ea3b856f36","cmd":"set","ts":"2026-08-04T00:37:47Z","inv":{"had_session_at_before":false,"old_w_status":"ready","had_session_before":false,"id":"W-60","op":"set_w_status_with_goals","goal_statuses":{"G-14":"partial"},"old_session_at":"","old_session":""}}
{"v":1,"session":"desktop-5a9h5ko:b9ace3ea3b856f36","cmd":"field","ts":"2026-08-04T00:37:48Z","inv":{"id":"W-60","field":"evidence","op":"field_pop_last"}}
{"v":1,"session":"desktop-5a9h5ko:b9ace3ea3b856f36","cmd":"field","ts":"2026-08-04T00:37:48Z","inv":{"id":"W-60","field":"evidence","op":"field_pop_last"}}
{"v":1,"session":"desktop-5a9h5ko:b9ace3ea3b856f36","cmd":"set","ts":"2026-08-04T00:37:48Z","inv":{"had_session_at_before":true,"old_w_status":"progress","had_session_before":true,"id":"W-60","op":"set_w_status_with_goals","goal_statuses":{"G-14":"partial"},"old_session_at":"2026-08-04T00:37:47Z","old_session":"desktop-5a9h5ko:b9ace3ea3b856f36"}}
{"v":1,"session":"desktop-5a9h5ko:b9ace3ea3b856f36","cmd":"set","ts":"2026-08-04T00:38:05Z","inv":{"had_session_at_before":false,"old_w_status":"ready","had_session_before":false,"id":"W-61","op":"set_w_status_with_goals","goal_statuses":{"G-14":"partial"},"old_session_at":"","old_session":""}}
{"v":1,"session":"desktop-5a9h5ko:b9ace3ea3b856f36","cmd":"field","ts":"2026-08-04T00:38:06Z","inv":{"id":"W-61","field":"evidence","op":"field_pop_last"}}
{"v":1,"session":"desktop-5a9h5ko:b9ace3ea3b856f36","cmd":"field","ts":"2026-08-04T00:38:06Z","inv":{"id":"W-61","field":"evidence","op":"field_pop_last"}}
{"v":1,"session":"desktop-5a9h5ko:b9ace3ea3b856f36","cmd":"set","ts":"2026-08-04T00:38:06Z","inv":{"had_session_at_before":true,"old_w_status":"progress","had_session_before":true,"id":"W-61","op":"set_w_status_with_goals","goal_statuses":{"G-14":"partial"},"old_session_at":"2026-08-04T00:38:05Z","old_session":"desktop-5a9h5ko:b9ace3ea3b856f36"}}
{"v":1,"session":"desktop-5a9h5ko:b9ace3ea3b856f36","cmd":"set","ts":"2026-08-04T00:38:06Z","inv":{"had_session_at_before":false,"old_w_status":"ready","had_session_before":false,"id":"W-62","op":"set_w_status_with_goals","goal_statuses":{"G-14":"partial"},"old_session_at":"","old_session":""}}
{"v":1,"session":"desktop-5a9h5ko:b9ace3ea3b856f36","cmd":"field","ts":"2026-08-04T00:38:06Z","inv":{"id":"W-62","field":"evidence","op":"field_pop_last"}}
{"v":1,"session":"desktop-5a9h5ko:b9ace3ea3b856f36","cmd":"field","ts":"2026-08-04T00:38:07Z","inv":{"id":"W-62","field":"evidence","op":"field_pop_last"}}
{"v":1,"session":"desktop-5a9h5ko:b9ace3ea3b856f36","cmd":"set","ts":"2026-08-04T00:38:07Z","inv":{"had_session_at_before":true,"old_w_status":"progress","had_session_before":true,"id":"W-62","op":"set_w_status_with_goals","goal_statuses":{"G-14":"partial"},"old_session_at":"2026-08-04T00:38:06Z","old_session":"desktop-5a9h5ko:b9ace3ea3b856f36"}}
{"v":1,"session":"desktop-5a9h5ko:b9ace3ea3b856f36","cmd":"add","ts":"2026-08-04T12:57:56Z","inv":{"id":"W-63","op":"rm_node"}}
{"v":1,"session":"desktop-5a9h5ko:b9ace3ea3b856f36","cmd":"field","ts":"2026-08-04T12:58:17Z","inv":{"id":"W-63","field":"ac","op":"field_pop_last"}}
{"v":1,"session":"desktop-5a9h5ko:b9ace3ea3b856f36","cmd":"field","ts":"2026-08-04T12:58:17Z","inv":{"id":"W-63","field":"ac","op":"field_pop_last"}}
{"v":1,"session":"desktop-5a9h5ko:b9ace3ea3b856f36","cmd":"field","ts":"2026-08-04T12:58:17Z","inv":{"id":"W-63","field":"hypothesis","op":"field_pop_last"}}
{"v":1,"session":"desktop-5a9h5ko:b9ace3ea3b856f36","cmd":"field","ts":"2026-08-04T12:58:17Z","inv":{"id":"W-63","field":"evidence_strategy","op":"field_pop_last"}}
{"v":1,"session":"desktop-5a9h5ko:b9ace3ea3b856f36","cmd":"fitness","ts":"2026-08-04T12:58:18Z","inv":{"had_key":false,"wid":"W-63","gid":"G-14","previous":null,"op":"restore_fitness_key"}}
{"v":1,"session":"desktop-5a9h5ko:b9ace3ea3b856f36","cmd":"set","ts":"2026-08-04T12:58:18Z","inv":{"had_session_at_before":false,"old_w_status":"proposed","had_session_before":false,"id":"W-63","op":"set_w_status_with_goals","goal_statuses":{"G-14":"partial"},"old_session_at":"","old_session":""}}
{"v":1,"session":"desktop-5a9h5ko:b9ace3ea3b856f36","cmd":"set","ts":"2026-08-04T12:58:18Z","inv":{"had_session_at_before":false,"old_w_status":"ready","had_session_before":false,"id":"W-63","op":"set_w_status_with_goals","goal_statuses":{"G-14":"partial"},"old_session_at":"","old_session":""}}
{"v":1,"session":"desktop-5a9h5ko:b9ace3ea3b856f36","cmd":"field","ts":"2026-08-04T13:12:00Z","inv":{"id":"W-63","field":"evidence","op":"field_pop_last"}}
{"v":1,"session":"desktop-5a9h5ko:b9ace3ea3b856f36","cmd":"field","ts":"2026-08-04T13:12:00Z","inv":{"id":"W-63","field":"evidence","op":"field_pop_last"}}
{"v":1,"session":"desktop-5a9h5ko:b9ace3ea3b856f36","cmd":"field","ts":"2026-08-04T13:12:00Z","inv":{"id":"W-63","field":"evidence","op":"field_pop_last"}}
{"v":1,"session":"desktop-5a9h5ko:b9ace3ea3b856f36","cmd":"set","ts":"2026-08-04T13:12:01Z","inv":{"had_session_at_before":true,"old_w_status":"progress","had_session_before":true,"id":"W-63","op":"set_w_status_with_goals","goal_statuses":{"G-14":"partial"},"old_session_at":"2026-08-04T12:58:18Z","old_session":"desktop-5a9h5ko:b9ace3ea3b856f36"}}
{"v":1,"session":"desktop-5a9h5ko:b9ace3ea3b856f36","cmd":"add","ts":"2026-08-04T14:23:55Z","inv":{"id":"W-64","op":"rm_node"}}
{"v":1,"session":"desktop-5a9h5ko:b9ace3ea3b856f36","cmd":"add","ts":"2026-08-04T14:23:55Z","inv":{"id":"W-65","op":"rm_node"}}
{"v":1,"session":"desktop-5a9h5ko:b9ace3ea3b856f36","cmd":"add","ts":"2026-08-04T14:23:55Z","inv":{"id":"W-66","op":"rm_node"}}
{"v":1,"session":"desktop-5a9h5ko:b9ace3ea3b856f36","cmd":"field","ts":"2026-08-04T14:42:39Z","inv":{"id":"W-64","field":"ac","op":"field_pop_last"}}
{"v":1,"session":"desktop-5a9h5ko:b9ace3ea3b856f36","cmd":"field","ts":"2026-08-04T14:42:40Z","inv":{"id":"W-64","field":"hypothesis","op":"field_pop_last"}}
{"v":1,"session":"desktop-5a9h5ko:b9ace3ea3b856f36","cmd":"field","ts":"2026-08-04T14:42:40Z","inv":{"id":"W-64","field":"evidence","op":"field_pop_last"}}
{"v":1,"session":"desktop-5a9h5ko:b9ace3ea3b856f36","cmd":"field","ts":"2026-08-04T14:42:40Z","inv":{"id":"W-64","field":"evidence","op":"field_pop_last"}}
{"v":1,"session":"desktop-5a9h5ko:b9ace3ea3b856f36","cmd":"fitness","ts":"2026-08-04T14:42:40Z","inv":{"had_key":false,"wid":"W-64","gid":"G-14","previous":null,"op":"restore_fitness_key"}}
{"v":1,"session":"desktop-5a9h5ko:b9ace3ea3b856f36","cmd":"set","ts":"2026-08-04T14:42:40Z","inv":{"had_session_at_before":false,"old_w_status":"proposed","had_session_before":false,"id":"W-64","op":"set_w_status_with_goals","goal_statuses":{"G-14":"partial"},"old_session_at":"","old_session":""}}
{"v":1,"session":"desktop-5a9h5ko:b9ace3ea3b856f36","cmd":"set","ts":"2026-08-04T14:42:41Z","inv":{"missing":["evidence_strategy ≠ ∅"],"id":"W-64","op":"dor_reject"}}
{"v":1,"session":"desktop-5a9h5ko:b9ace3ea3b856f36","cmd":"field","ts":"2026-08-04T14:42:58Z","inv":{"id":"W-64","field":"evidence_strategy","op":"field_pop_last"}}
{"v":1,"session":"desktop-5a9h5ko:b9ace3ea3b856f36","cmd":"set","ts":"2026-08-04T14:42:58Z","inv":{"had_session_at_before":false,"old_w_status":"ready","had_session_before":false,"id":"W-64","op":"set_w_status_with_goals","goal_statuses":{"G-14":"partial"},"old_session_at":"","old_session":""}}
{"v":1,"session":"desktop-5a9h5ko:b9ace3ea3b856f36","cmd":"set","ts":"2026-08-04T14:42:59Z","inv":{"had_session_at_before":false,"old_w_status":"ready","had_session_before":false,"id":"W-64","op":"set_w_status_with_goals","goal_statuses":{"G-14":"partial"},"old_session_at":"","old_session":""}}
{"v":1,"session":"desktop-5a9h5ko:b9ace3ea3b856f36","cmd":"set","ts":"2026-08-04T14:42:59Z","inv":{"had_session_at_before":true,"old_w_status":"progress","had_session_before":true,"id":"W-64","op":"set_w_status_with_goals","goal_statuses":{"G-14":"partial"},"old_session_at":"2026-08-04T14:42:59Z","old_session":"desktop-5a9h5ko:b9ace3ea3b856f36"}}
{"v":1,"session":"desktop-5a9h5ko:b9ace3ea3b856f36","cmd":"field","ts":"2026-08-04T14:42:59Z","inv":{"id":"W-65","field":"ac","op":"field_pop_last"}}
{"v":1,"session":"desktop-5a9h5ko:b9ace3ea3b856f36","cmd":"field","ts":"2026-08-04T14:42:59Z","inv":{"id":"W-65","field":"hypothesis","op":"field_pop_last"}}
{"v":1,"session":"desktop-5a9h5ko:b9ace3ea3b856f36","cmd":"field","ts":"2026-08-04T14:42:59Z","inv":{"id":"W-65","field":"evidence_strategy","op":"field_pop_last"}}
{"v":1,"session":"desktop-5a9h5ko:b9ace3ea3b856f36","cmd":"fitness","ts":"2026-08-04T14:43:00Z","inv":{"had_key":false,"wid":"W-65","gid":"G-14","previous":null,"op":"restore_fitness_key"}}
{"v":1,"session":"desktop-5a9h5ko:b9ace3ea3b856f36","cmd":"set","ts":"2026-08-04T14:43:00Z","inv":{"had_session_at_before":false,"old_w_status":"proposed","had_session_before":false,"id":"W-65","op":"set_w_status_with_goals","goal_statuses":{"G-14":"partial"},"old_session_at":"","old_session":""}}
{"v":1,"session":"desktop-5a9h5ko:b9ace3ea3b856f36","cmd":"set","ts":"2026-08-04T14:43:00Z","inv":{"had_session_at_before":false,"old_w_status":"ready","had_session_before":false,"id":"W-65","op":"set_w_status_with_goals","goal_statuses":{"G-14":"partial"},"old_session_at":"","old_session":""}}
{"v":1,"session":"desktop-5a9h5ko:b9ace3ea3b856f36","cmd":"field","ts":"2026-08-04T14:43:00Z","inv":{"id":"W-65","field":"evidence","op":"field_pop_last"}}
{"v":1,"session":"desktop-5a9h5ko:b9ace3ea3b856f36","cmd":"set","ts":"2026-08-04T14:43:01Z","inv":{"had_session_at_before":true,"old_w_status":"progress","had_session_before":true,"id":"W-65","op":"set_w_status_with_goals","goal_statuses":{"G-14":"partial"},"old_session_at":"2026-08-04T14:43:00Z","old_session":"desktop-5a9h5ko:b9ace3ea3b856f36"}}
{"v":1,"session":"desktop-5a9h5ko:b9ace3ea3b856f36","cmd":"field","ts":"2026-08-04T14:43:17Z","inv":{"id":"W-66","field":"ac","op":"field_pop_last"}}
{"v":1,"session":"desktop-5a9h5ko:b9ace3ea3b856f36","cmd":"field","ts":"2026-08-04T14:43:17Z","inv":{"id":"W-66","field":"hypothesis","op":"field_pop_last"}}
{"v":1,"session":"desktop-5a9h5ko:b9ace3ea3b856f36","cmd":"field","ts":"2026-08-04T14:43:17Z","inv":{"id":"W-66","field":"evidence_strategy","op":"field_pop_last"}}
{"v":1,"session":"desktop-5a9h5ko:b9ace3ea3b856f36","cmd":"fitness","ts":"2026-08-04T14:43:17Z","inv":{"had_key":false,"wid":"W-66","gid":"G-14","previous":null,"op":"restore_fitness_key"}}
{"v":1,"session":"desktop-5a9h5ko:b9ace3ea3b856f36","cmd":"set","ts":"2026-08-04T14:43:17Z","inv":{"had_session_at_before":false,"old_w_status":"proposed","had_session_before":false,"id":"W-66","op":"set_w_status_with_goals","goal_statuses":{"G-14":"partial"},"old_session_at":"","old_session":""}}
{"v":1,"session":"desktop-5a9h5ko:b9ace3ea3b856f36","cmd":"set","ts":"2026-08-04T14:43:18Z","inv":{"had_session_at_before":false,"old_w_status":"ready","had_session_before":false,"id":"W-66","op":"set_w_status_with_goals","goal_statuses":{"G-14":"partial"},"old_session_at":"","old_session":""}}
{"v":1,"session":"desktop-5a9h5ko:b9ace3ea3b856f36","cmd":"field","ts":"2026-08-04T14:43:18Z","inv":{"id":"W-66","field":"evidence","op":"field_pop_last"}}
{"v":1,"session":"desktop-5a9h5ko:b9ace3ea3b856f36","cmd":"field","ts":"2026-08-04T14:43:18Z","inv":{"id":"W-66","field":"evidence","op":"field_pop_last"}}
{"v":1,"session":"desktop-5a9h5ko:b9ace3ea3b856f36","cmd":"set","ts":"2026-08-04T14:43:18Z","inv":{"had_session_at_before":true,"old_w_status":"progress","had_session_before":true,"id":"W-66","op":"set_w_status_with_goals","goal_statuses":{"G-14":"partial"},"old_session_at":"2026-08-04T14:43:18Z","old_session":"desktop-5a9h5ko:b9ace3ea3b856f36"}}
{"v":1,"session":"desktop-5a9h5ko:b9ace3ea3b856f36","cmd":"set","ts":"2026-08-04T14:43:41Z","inv":{"old_status":"partial","id":"G-14","op":"set_status_plain"}}
{"v":1,"session":"desktop-5a9h5ko:b9ace3ea3b856f36","cmd":"distill","ts":"2026-08-04T14:43:41Z","inv":{"goal":"G-14","op":"distill","empty":true}}
{"v":1,"session":"desktop-5a9h5ko:b9ace3ea3b856f36","cmd":"archive","ts":"2026-08-04T14:43:41Z","inv":{"ids":["G-14","W-57","W-58","W-59","W-60","W-61","W-62","W-63","W-64","W-65","W-66"],"id":"G-14","op":"archive"}}
{"v":1,"session":"desktop-5a9h5ko:b9ace3ea3b856f36","cmd":"add","ts":"2026-08-04T14:44:39Z","inv":{"id":"G-15","op":"rm_node"}}
{"v":1,"session":"desktop-5a9h5ko:b9ace3ea3b856f36","cmd":"add","ts":"2026-08-04T14:44:39Z","inv":{"id":"W-67","op":"rm_node"}}
{"v":1,"session":"desktop-5a9h5ko:b9ace3ea3b856f36","cmd":"add","ts":"2026-08-04T14:44:39Z","inv":{"id":"W-68","op":"rm_node"}}
{"v":1,"session":"desktop-5a9h5ko:b9ace3ea3b856f36","cmd":"add","ts":"2026-08-04T14:44:40Z","inv":{"id":"W-69","op":"rm_node"}}
{"v":1,"session":"desktop-5a9h5ko:b9ace3ea3b856f36","cmd":"field","ts":"2026-08-04T14:45:00Z","inv":{"id":"W-67","field":"ac","op":"field_pop_last"}}
{"v":1,"session":"desktop-5a9h5ko:b9ace3ea3b856f36","cmd":"field","ts":"2026-08-04T14:45:00Z","inv":{"id":"W-67","field":"ac","op":"field_pop_last"}}
{"v":1,"session":"desktop-5a9h5ko:b9ace3ea3b856f36","cmd":"field","ts":"2026-08-04T14:45:01Z","inv":{"id":"W-67","field":"hypothesis","op":"field_pop_last"}}
{"v":1,"session":"desktop-5a9h5ko:b9ace3ea3b856f36","cmd":"field","ts":"2026-08-04T14:45:01Z","inv":{"id":"W-67","field":"evidence_strategy","op":"field_pop_last"}}
{"v":1,"session":"desktop-5a9h5ko:b9ace3ea3b856f36","cmd":"fitness","ts":"2026-08-04T14:45:01Z","inv":{"had_key":false,"wid":"W-67","gid":"G-15","previous":null,"op":"restore_fitness_key"}}
{"v":1,"session":"desktop-5a9h5ko:b9ace3ea3b856f36","cmd":"field","ts":"2026-08-04T14:45:01Z","inv":{"id":"W-68","field":"ac","op":"field_pop_last"}}
{"v":1,"session":"desktop-5a9h5ko:b9ace3ea3b856f36","cmd":"field","ts":"2026-08-04T14:45:02Z","inv":{"id":"W-68","field":"hypothesis","op":"field_pop_last"}}
{"v":1,"session":"desktop-5a9h5ko:b9ace3ea3b856f36","cmd":"field","ts":"2026-08-04T14:45:02Z","inv":{"id":"W-68","field":"evidence_strategy","op":"field_pop_last"}}
{"v":1,"session":"desktop-5a9h5ko:b9ace3ea3b856f36","cmd":"fitness","ts":"2026-08-04T14:45:02Z","inv":{"had_key":false,"wid":"W-68","gid":"G-15","previous":null,"op":"restore_fitness_key"}}
{"v":1,"session":"desktop-5a9h5ko:b9ace3ea3b856f36","cmd":"field","ts":"2026-08-04T14:45:02Z","inv":{"id":"W-69","field":"ac","op":"field_pop_last"}}
{"v":1,"session":"desktop-5a9h5ko:b9ace3ea3b856f36","cmd":"field","ts":"2026-08-04T14:45:02Z","inv":{"id":"W-69","field":"hypothesis","op":"field_pop_last"}}
{"v":1,"session":"desktop-5a9h5ko:b9ace3ea3b856f36","cmd":"field","ts":"2026-08-04T14:45:03Z","inv":{"id":"W-69","field":"evidence_strategy","op":"field_pop_last"}}
{"v":1,"session":"desktop-5a9h5ko:b9ace3ea3b856f36","cmd":"fitness","ts":"2026-08-04T14:45:03Z","inv":{"had_key":false,"wid":"W-69","gid":"G-15","previous":null,"op":"restore_fitness_key"}}
{"v":1,"session":"desktop-5a9h5ko:b9ace3ea3b856f36","cmd":"set","ts":"2026-08-04T14:45:03Z","inv":{"had_session_at_before":false,"old_w_status":"proposed","had_session_before":false,"id":"W-67","op":"set_w_status_with_goals","goal_statuses":{"G-15":"unverified"},"old_session_at":"","old_session":""}}
{"v":1,"session":"desktop-5a9h5ko:b9ace3ea3b856f36","cmd":"set","ts":"2026-08-04T14:45:03Z","inv":{"had_session_at_before":false,"old_w_status":"proposed","had_session_before":false,"id":"W-68","op":"set_w_status_with_goals","goal_statuses":{"G-15":"unverified"},"old_session_at":"","old_session":""}}
{"v":1,"session":"desktop-5a9h5ko:b9ace3ea3b856f36","cmd":"set","ts":"2026-08-04T14:45:04Z","inv":{"had_session_at_before":false,"old_w_status":"proposed","had_session_before":false,"id":"W-69","op":"set_w_status_with_goals","goal_statuses":{"G-15":"unverified"},"old_session_at":"","old_session":""}}
{"v":1,"session":"desktop-5a9h5ko:b9ace3ea3b856f36","cmd":"set","ts":"2026-08-04T14:50:47Z","inv":{"new":"count","id":"G-15","had_before":false,"old":"","op":"set_g_attr_fitness_kind"}}
{"v":1,"session":"desktop-5a9h5ko:b9ace3ea3b856f36","cmd":"field","ts":"2026-08-04T14:51:19Z","inv":{"id":"G-15","field":"fitness_target","value":"","op":"field_restore_single"}}
{"v":1,"session":"desktop-5a9h5ko:b9ace3ea3b856f36","cmd":"set","ts":"2026-08-04T14:51:46Z","inv":{"had_session_at_before":false,"old_w_status":"ready","had_session_before":false,"id":"W-67","op":"set_w_status_with_goals","goal_statuses":{"G-15":"unverified"},"old_session_at":"","old_session":""}}
{"v":1,"session":"desktop-5a9h5ko:b9ace3ea3b856f36","cmd":"field","ts":"2026-08-04T15:04:08Z","inv":{"id":"W-67","field":"evidence","op":"field_pop_last"}}
{"v":1,"session":"desktop-5a9h5ko:b9ace3ea3b856f36","cmd":"field","ts":"2026-08-04T15:04:08Z","inv":{"id":"W-67","field":"evidence","op":"field_pop_last"}}
{"v":1,"session":"desktop-5a9h5ko:b9ace3ea3b856f36","cmd":"set","ts":"2026-08-04T15:04:09Z","inv":{"had_session_at_before":true,"old_w_status":"progress","had_session_before":true,"id":"W-67","op":"set_w_status_with_goals","goal_statuses":{"G-15":"unverified"},"old_session_at":"2026-08-04T14:51:46Z","old_session":"desktop-5a9h5ko:b9ace3ea3b856f36"}}
{"v":1,"session":"desktop-5a9h5ko:b9ace3ea3b856f36","cmd":"set","ts":"2026-08-04T15:04:09Z","inv":{"had_session_at_before":false,"old_w_status":"ready","had_session_before":false,"id":"W-68","op":"set_w_status_with_goals","goal_statuses":{"G-15":"partial"},"old_session_at":"","old_session":""}}
{"v":1,"session":"desktop-5a9h5ko:b9ace3ea3b856f36","cmd":"field","ts":"2026-08-04T15:08:57Z","inv":{"id":"W-68","field":"evidence","op":"field_pop_last"}}
{"v":1,"session":"desktop-5a9h5ko:b9ace3ea3b856f36","cmd":"field","ts":"2026-08-04T15:08:57Z","inv":{"id":"W-68","field":"evidence","op":"field_pop_last"}}
{"v":1,"session":"desktop-5a9h5ko:b9ace3ea3b856f36","cmd":"set","ts":"2026-08-04T15:08:57Z","inv":{"had_session_at_before":true,"old_w_status":"progress","had_session_before":true,"id":"W-68","op":"set_w_status_with_goals","goal_statuses":{"G-15":"partial"},"old_session_at":"2026-08-04T15:04:09Z","old_session":"desktop-5a9h5ko:b9ace3ea3b856f36"}}
{"v":1,"session":"desktop-5a9h5ko:b9ace3ea3b856f36","cmd":"set","ts":"2026-08-04T15:08:57Z","inv":{"had_session_at_before":false,"old_w_status":"ready","had_session_before":false,"id":"W-69","op":"set_w_status_with_goals","goal_statuses":{"G-15":"partial"},"old_session_at":"","old_session":""}}
{"v":1,"session":"desktop-5a9h5ko:b9ace3ea3b856f36","cmd":"field","ts":"2026-08-04T15:08:58Z","inv":{"id":"W-69","field":"evidence","op":"field_pop_last"}}
{"v":1,"session":"desktop-5a9h5ko:b9ace3ea3b856f36","cmd":"field","ts":"2026-08-04T15:08:58Z","inv":{"id":"W-69","field":"evidence","op":"field_pop_last"}}
{"v":1,"session":"desktop-5a9h5ko:b9ace3ea3b856f36","cmd":"set","ts":"2026-08-04T15:08:58Z","inv":{"had_session_at_before":true,"old_w_status":"progress","had_session_before":true,"id":"W-69","op":"set_w_status_with_goals","goal_statuses":{"G-15":"partial"},"old_session_at":"2026-08-04T15:08:57Z","old_session":"desktop-5a9h5ko:b9ace3ea3b856f36"}}
{"v":1,"session":"desktop-5a9h5ko:b9ace3ea3b856f36","cmd":"distill","ts":"2026-08-04T15:09:31Z","inv":{"goal":"G-15","op":"distill","empty":true}}
{"v":1,"session":"desktop-5a9h5ko:b9ace3ea3b856f36","cmd":"archive","ts":"2026-08-04T15:09:31Z","inv":{"ids":["G-15","W-67","W-68","W-69"],"id":"G-15","op":"archive"}}
{"v":1,"session":"desktop-5a9h5ko:b9ace3ea3b856f36","cmd":"add","ts":"2026-08-04T18:34:40Z","inv":{"id":"Y-04","op":"rm_node"}}
{"v":1,"session":"desktop-5a9h5ko:b9ace3ea3b856f36","cmd":"field","ts":"2026-08-04T18:36:26Z","inv":{"id":"Y-04","field":"invariant","op":"field_pop_last"}}
{"v":1,"session":"desktop-5a9h5ko:b9ace3ea3b856f36","cmd":"field","ts":"2026-08-04T18:36:27Z","inv":{"id":"Y-04","field":"skill_updates","op":"field_pop_last"}}
{"v":1,"session":"desktop-5a9h5ko:b9ace3ea3b856f36","cmd":"set","ts":"2026-08-04T18:36:27Z","inv":{"old_status":"proposed","id":"Y-04","op":"set_status_plain"}}
{"v":1,"session":"desktop-5a9h5ko:b9ace3ea3b856f36","cmd":"field","ts":"2026-08-04T18:39:21Z","inv":{"id":"Y-04","field":"tags","lines":["release","supply-chain","signing"],"op":"field_restore_lines"}}
{"v":1,"session":"desktop-5a9h5ko:b9ace3ea3b856f36","cmd":"field","ts":"2026-08-04T18:39:21Z","inv":{"id":"Y-04","field":"invariant","op":"field_pop_last"}}
{"v":1,"session":"desktop-5a9h5ko:b9ace3ea3b856f36","cmd":"field","ts":"2026-08-04T18:39:21Z","inv":{"id":"Y-04","field":"skill_updates","op":"field_pop_last"}}
{"v":1,"session":"desktop-5a9h5ko:b9ace3ea3b856f36","cmd":"field","ts":"2026-08-04T18:44:45Z","inv":{"line":"Every pinned origin in the plan names a nonexistent GitHub owner (alexshelepenok vs actual alxshelepenok), the macos-13 runner is retired (use macos-15-intel until ~Aug 2027), and osv-scanner has no Julia Manifest.toml parser (JLSEC data is live in osv.dev; Trivy parses Manifest.toml natively)","id":"Y-04","field":"invariant","op":"field_insert_line","index":1}}
{"v":1,"session":"desktop-5a9h5ko:b9ace3ea3b856f36","cmd":"field","ts":"2026-08-04T18:44:45Z","inv":{"line":"Before adopting a plan's normative URLs/runner labels/tool capabilities, verify each against the live external fact (repo API, runner-images changelog, scanner docs); the Rust grove CLI binary (packages/core/src/bin/grove.rs) is a first-class release artifact the plan omits","id":"Y-04","field":"skill_updates","op":"field_insert_line","index":1}}
{"v":1,"session":"desktop-5a9h5ko:b9ace3ea3b856f36","cmd":"field","ts":"2026-08-04T18:47:09Z","inv":{"id":"Y-04","field":"tags","op":"field_pop_last"}}
{"v":1,"session":"desktop-5a9h5ko:b9ace3ea3b856f36","cmd":"field","ts":"2026-08-04T18:47:10Z","inv":{"id":"Y-04","field":"tags","op":"field_pop_last"}}
{"v":1,"session":"desktop-5a9h5ko:b9ace3ea3b856f36","cmd":"add","ts":"2026-08-04T19:44:12Z","inv":{"id":"A-06","op":"rm_node"}}
{"v":1,"session":"desktop-5a9h5ko:b9ace3ea3b856f36","cmd":"add","ts":"2026-08-04T19:44:12Z","inv":{"id":"G-16","op":"rm_node"}}
{"v":1,"session":"desktop-5a9h5ko:b9ace3ea3b856f36","cmd":"set","ts":"2026-08-04T19:44:12Z","inv":{"new":"count","id":"G-16","had_before":false,"old":"","op":"set_g_attr_fitness_kind"}}
{"v":1,"session":"desktop-5a9h5ko:b9ace3ea3b856f36","cmd":"field","ts":"2026-08-04T19:44:12Z","inv":{"id":"G-16","field":"fitness_target","value":"","op":"field_restore_single"}}
{"v":1,"session":"desktop-5a9h5ko:b9ace3ea3b856f36","cmd":"add","ts":"2026-08-04T19:45:08Z","inv":{"id":"W-70","op":"rm_node"}}
{"v":1,"session":"desktop-5a9h5ko:b9ace3ea3b856f36","cmd":"add","ts":"2026-08-04T19:45:08Z","inv":{"id":"W-71","op":"rm_node"}}
{"v":1,"session":"desktop-5a9h5ko:b9ace3ea3b856f36","cmd":"add","ts":"2026-08-04T19:45:08Z","inv":{"id":"W-72","op":"rm_node"}}
{"v":1,"session":"desktop-5a9h5ko:b9ace3ea3b856f36","cmd":"add","ts":"2026-08-04T19:45:08Z","inv":{"id":"W-73","op":"rm_node"}}
{"v":1,"session":"desktop-5a9h5ko:b9ace3ea3b856f36","cmd":"add","ts":"2026-08-04T19:45:08Z","inv":{"id":"W-74","op":"rm_node"}}
{"v":1,"session":"desktop-5a9h5ko:b9ace3ea3b856f36","cmd":"add","ts":"2026-08-04T19:45:59Z","inv":{"id":"W-75","op":"rm_node"}}
{"v":1,"session":"desktop-5a9h5ko:b9ace3ea3b856f36","cmd":"add","ts":"2026-08-04T19:45:59Z","inv":{"id":"W-76","op":"rm_node"}}
{"v":1,"session":"desktop-5a9h5ko:b9ace3ea3b856f36","cmd":"add","ts":"2026-08-04T19:46:00Z","inv":{"id":"W-77","op":"rm_node"}}
{"v":1,"session":"desktop-5a9h5ko:b9ace3ea3b856f36","cmd":"add","ts":"2026-08-04T19:46:00Z","inv":{"id":"W-78","op":"rm_node"}}
{"v":1,"session":"desktop-5a9h5ko:b9ace3ea3b856f36","cmd":"add","ts":"2026-08-04T19:46:00Z","inv":{"id":"W-79","op":"rm_node"}}
{"v":1,"session":"desktop-5a9h5ko:b9ace3ea3b856f36","cmd":"add","ts":"2026-08-04T19:46:00Z","inv":{"id":"W-80","op":"rm_node"}}
{"v":1,"session":"desktop-5a9h5ko:b9ace3ea3b856f36","cmd":"field","ts":"2026-08-04T19:46:55Z","inv":{"id":"W-70","field":"ac","op":"field_pop_last"}}
{"v":1,"session":"desktop-5a9h5ko:b9ace3ea3b856f36","cmd":"field","ts":"2026-08-04T19:46:55Z","inv":{"id":"W-70","field":"ac","op":"field_pop_last"}}
{"v":1,"session":"desktop-5a9h5ko:b9ace3ea3b856f36","cmd":"field","ts":"2026-08-04T19:46:55Z","inv":{"id":"W-70","field":"hypothesis","op":"field_pop_last"}}
{"v":1,"session":"desktop-5a9h5ko:b9ace3ea3b856f36","cmd":"field","ts":"2026-08-04T19:46:56Z","inv":{"id":"W-70","field":"evidence","op":"field_pop_last"}}
{"v":1,"session":"desktop-5a9h5ko:b9ace3ea3b856f36","cmd":"field","ts":"2026-08-04T19:46:56Z","inv":{"id":"W-70","field":"evidence_strategy","op":"field_pop_last"}}
{"v":1,"session":"desktop-5a9h5ko:b9ace3ea3b856f36","cmd":"fitness","ts":"2026-08-04T19:46:56Z","inv":{"had_key":false,"wid":"W-70","gid":"G-16","previous":null,"op":"restore_fitness_key"}}
{"v":1,"session":"desktop-5a9h5ko:b9ace3ea3b856f36","cmd":"field","ts":"2026-08-04T19:46:56Z","inv":{"id":"W-71","field":"ac","op":"field_pop_last"}}
{"v":1,"session":"desktop-5a9h5ko:b9ace3ea3b856f36","cmd":"field","ts":"2026-08-04T19:46:56Z","inv":{"id":"W-71","field":"ac","op":"field_pop_last"}}
{"v":1,"session":"desktop-5a9h5ko:b9ace3ea3b856f36","cmd":"field","ts":"2026-08-04T19:46:57Z","inv":{"id":"W-71","field":"hypothesis","op":"field_pop_last"}}
{"v":1,"session":"desktop-5a9h5ko:b9ace3ea3b856f36","cmd":"field","ts":"2026-08-04T19:46:57Z","inv":{"id":"W-71","field":"evidence_strategy","op":"field_pop_last"}}
{"v":1,"session":"desktop-5a9h5ko:b9ace3ea3b856f36","cmd":"fitness","ts":"2026-08-04T19:46:57Z","inv":{"had_key":false,"wid":"W-71","gid":"G-16","previous":null,"op":"restore_fitness_key"}}
{"v":1,"session":"desktop-5a9h5ko:b9ace3ea3b856f36","cmd":"field","ts":"2026-08-04T19:46:57Z","inv":{"id":"W-72","field":"ac","op":"field_pop_last"}}
{"v":1,"session":"desktop-5a9h5ko:b9ace3ea3b856f36","cmd":"field","ts":"2026-08-04T19:46:57Z","inv":{"id":"W-72","field":"hypothesis","op":"field_pop_last"}}
{"v":1,"session":"desktop-5a9h5ko:b9ace3ea3b856f36","cmd":"field","ts":"2026-08-04T19:46:58Z","inv":{"id":"W-72","field":"evidence_strategy","op":"field_pop_last"}}
{"v":1,"session":"desktop-5a9h5ko:b9ace3ea3b856f36","cmd":"fitness","ts":"2026-08-04T19:46:58Z","inv":{"had_key":false,"wid":"W-72","gid":"G-16","previous":null,"op":"restore_fitness_key"}}
{"v":1,"session":"desktop-5a9h5ko:b9ace3ea3b856f36","cmd":"field","ts":"2026-08-04T19:47:35Z","inv":{"id":"W-73","field":"ac","op":"field_pop_last"}}
{"v":1,"session":"desktop-5a9h5ko:b9ace3ea3b856f36","cmd":"field","ts":"2026-08-04T19:47:36Z","inv":{"id":"W-73","field":"ac","op":"field_pop_last"}}
{"v":1,"session":"desktop-5a9h5ko:b9ace3ea3b856f36","cmd":"field","ts":"2026-08-04T19:47:36Z","inv":{"id":"W-73","field":"hypothesis","op":"field_pop_last"}}
{"v":1,"session":"desktop-5a9h5ko:b9ace3ea3b856f36","cmd":"field","ts":"2026-08-04T19:47:36Z","inv":{"id":"W-73","field":"evidence_strategy","op":"field_pop_last"}}
{"v":1,"session":"desktop-5a9h5ko:b9ace3ea3b856f36","cmd":"fitness","ts":"2026-08-04T19:47:36Z","inv":{"had_key":false,"wid":"W-73","gid":"G-16","previous":null,"op":"restore_fitness_key"}}
{"v":1,"session":"desktop-5a9h5ko:b9ace3ea3b856f36","cmd":"field","ts":"2026-08-04T19:47:36Z","inv":{"id":"W-74","field":"ac","op":"field_pop_last"}}
{"v":1,"session":"desktop-5a9h5ko:b9ace3ea3b856f36","cmd":"field","ts":"2026-08-04T19:47:37Z","inv":{"id":"W-74","field":"ac","op":"field_pop_last"}}
{"v":1,"session":"desktop-5a9h5ko:b9ace3ea3b856f36","cmd":"field","ts":"2026-08-04T19:47:37Z","inv":{"id":"W-74","field":"hypothesis","op":"field_pop_last"}}
{"v":1,"session":"desktop-5a9h5ko:b9ace3ea3b856f36","cmd":"field","ts":"2026-08-04T19:47:37Z","inv":{"id":"W-74","field":"evidence_strategy","op":"field_pop_last"}}
{"v":1,"session":"desktop-5a9h5ko:b9ace3ea3b856f36","cmd":"fitness","ts":"2026-08-04T19:47:37Z","inv":{"had_key":false,"wid":"W-74","gid":"G-16","previous":null,"op":"restore_fitness_key"}}
{"v":1,"session":"desktop-5a9h5ko:b9ace3ea3b856f36","cmd":"field","ts":"2026-08-04T19:48:25Z","inv":{"id":"W-75","field":"ac","op":"field_pop_last"}}
{"v":1,"session":"desktop-5a9h5ko:b9ace3ea3b856f36","cmd":"field","ts":"2026-08-04T19:48:25Z","inv":{"id":"W-75","field":"ac","op":"field_pop_last"}}
{"v":1,"session":"desktop-5a9h5ko:b9ace3ea3b856f36","cmd":"field","ts":"2026-08-04T19:48:25Z","inv":{"id":"W-75","field":"hypothesis","op":"field_pop_last"}}
{"v":1,"session":"desktop-5a9h5ko:b9ace3ea3b856f36","cmd":"field","ts":"2026-08-04T19:48:25Z","inv":{"id":"W-75","field":"evidence_strategy","op":"field_pop_last"}}
{"v":1,"session":"desktop-5a9h5ko:b9ace3ea3b856f36","cmd":"fitness","ts":"2026-08-04T19:48:25Z","inv":{"had_key":false,"wid":"W-75","gid":"G-16","previous":null,"op":"restore_fitness_key"}}
{"v":1,"session":"desktop-5a9h5ko:b9ace3ea3b856f36","cmd":"field","ts":"2026-08-04T19:48:26Z","inv":{"id":"W-76","field":"ac","op":"field_pop_last"}}
{"v":1,"session":"desktop-5a9h5ko:b9ace3ea3b856f36","cmd":"field","ts":"2026-08-04T19:48:26Z","inv":{"id":"W-76","field":"ac","op":"field_pop_last"}}
{"v":1,"session":"desktop-5a9h5ko:b9ace3ea3b856f36","cmd":"field","ts":"2026-08-04T19:48:26Z","inv":{"id":"W-76","field":"hypothesis","op":"field_pop_last"}}
{"v":1,"session":"desktop-5a9h5ko:b9ace3ea3b856f36","cmd":"field","ts":"2026-08-04T19:48:26Z","inv":{"id":"W-76","field":"evidence_strategy","op":"field_pop_last"}}
{"v":1,"session":"desktop-5a9h5ko:b9ace3ea3b856f36","cmd":"fitness","ts":"2026-08-04T19:48:27Z","inv":{"had_key":false,"wid":"W-76","gid":"G-16","previous":null,"op":"restore_fitness_key"}}
{"v":1,"session":"desktop-5a9h5ko:b9ace3ea3b856f36","cmd":"field","ts":"2026-08-04T19:49:23Z","inv":{"id":"W-77","field":"ac","op":"field_pop_last"}}
{"v":1,"session":"desktop-5a9h5ko:b9ace3ea3b856f36","cmd":"field","ts":"2026-08-04T19:49:23Z","inv":{"id":"W-77","field":"ac","op":"field_pop_last"}}
{"v":1,"session":"desktop-5a9h5ko:b9ace3ea3b856f36","cmd":"field","ts":"2026-08-04T19:49:23Z","inv":{"id":"W-77","field":"hypothesis","op":"field_pop_last"}}
{"v":1,"session":"desktop-5a9h5ko:b9ace3ea3b856f36","cmd":"field","ts":"2026-08-04T19:49:23Z","inv":{"id":"W-77","field":"evidence_strategy","op":"field_pop_last"}}
{"v":1,"session":"desktop-5a9h5ko:b9ace3ea3b856f36","cmd":"fitness","ts":"2026-08-04T19:49:24Z","inv":{"had_key":false,"wid":"W-77","gid":"G-16","previous":null,"op":"restore_fitness_key"}}
{"v":1,"session":"desktop-5a9h5ko:b9ace3ea3b856f36","cmd":"field","ts":"2026-08-04T19:49:24Z","inv":{"id":"W-78","field":"ac","op":"field_pop_last"}}
{"v":1,"session":"desktop-5a9h5ko:b9ace3ea3b856f36","cmd":"field","ts":"2026-08-04T19:49:24Z","inv":{"id":"W-78","field":"hypothesis","op":"field_pop_last"}}
{"v":1,"session":"desktop-5a9h5ko:b9ace3ea3b856f36","cmd":"field","ts":"2026-08-04T19:49:24Z","inv":{"id":"W-78","field":"evidence_strategy","op":"field_pop_last"}}
{"v":1,"session":"desktop-5a9h5ko:b9ace3ea3b856f36","cmd":"fitness","ts":"2026-08-04T19:49:24Z","inv":{"had_key":false,"wid":"W-78","gid":"G-16","previous":null,"op":"restore_fitness_key"}}
{"v":1,"session":"desktop-5a9h5ko:b9ace3ea3b856f36","cmd":"field","ts":"2026-08-04T19:49:45Z","inv":{"id":"W-79","field":"ac","op":"field_pop_last"}}
{"v":1,"session":"desktop-5a9h5ko:b9ace3ea3b856f36","cmd":"field","ts":"2026-08-04T19:49:45Z","inv":{"id":"W-79","field":"hypothesis","op":"field_pop_last"}}
{"v":1,"session":"desktop-5a9h5ko:b9ace3ea3b856f36","cmd":"field","ts":"2026-08-04T19:49:45Z","inv":{"id":"W-79","field":"evidence_strategy","op":"field_pop_last"}}
{"v":1,"session":"desktop-5a9h5ko:b9ace3ea3b856f36","cmd":"fitness","ts":"2026-08-04T19:49:46Z","inv":{"had_key":false,"wid":"W-79","gid":"G-16","previous":null,"op":"restore_fitness_key"}}
{"v":1,"session":"desktop-5a9h5ko:b9ace3ea3b856f36","cmd":"field","ts":"2026-08-04T19:49:46Z","inv":{"id":"W-80","field":"ac","op":"field_pop_last"}}
{"v":1,"session":"desktop-5a9h5ko:b9ace3ea3b856f36","cmd":"field","ts":"2026-08-04T19:49:46Z","inv":{"id":"W-80","field":"hypothesis","op":"field_pop_last"}}
{"v":1,"session":"desktop-5a9h5ko:b9ace3ea3b856f36","cmd":"field","ts":"2026-08-04T19:49:46Z","inv":{"id":"W-80","field":"evidence_strategy","op":"field_pop_last"}}
{"v":1,"session":"desktop-5a9h5ko:b9ace3ea3b856f36","cmd":"fitness","ts":"2026-08-04T19:49:46Z","inv":{"had_key":false,"wid":"W-80","gid":"G-16","previous":null,"op":"restore_fitness_key"}}
{"v":1,"session":"desktop-5a9h5ko:b9ace3ea3b856f36","cmd":"link","ts":"2026-08-04T19:50:21Z","inv":{"label":"blocks","to":"W-74","op":"unlink_edge","from":"W-71"}}
{"v":1,"session":"desktop-5a9h5ko:b9ace3ea3b856f36","cmd":"link","ts":"2026-08-04T19:50:21Z","inv":{"label":"blocks","to":"W-78","op":"unlink_edge","from":"W-71"}}
{"v":1,"session":"desktop-5a9h5ko:b9ace3ea3b856f36","cmd":"link","ts":"2026-08-04T19:50:21Z","inv":{"label":"blocks","to":"W-78","op":"unlink_edge","from":"W-72"}}
{"v":1,"session":"desktop-5a9h5ko:b9ace3ea3b856f36","cmd":"link","ts":"2026-08-04T19:50:22Z","inv":{"label":"blocks","to":"W-78","op":"unlink_edge","from":"W-73"}}
{"v":1,"session":"desktop-5a9h5ko:b9ace3ea3b856f36","cmd":"link","ts":"2026-08-04T19:50:22Z","inv":{"label":"blocks","to":"W-78","op":"unlink_edge","from":"W-75"}}
{"v":1,"session":"desktop-5a9h5ko:b9ace3ea3b856f36","cmd":"link","ts":"2026-08-04T19:50:22Z","inv":{"label":"blocks","to":"W-78","op":"unlink_edge","from":"W-76"}}
{"v":1,"session":"desktop-5a9h5ko:b9ace3ea3b856f36","cmd":"link","ts":"2026-08-04T19:50:22Z","inv":{"label":"blocks","to":"W-78","op":"unlink_edge","from":"W-77"}}
{"v":1,"session":"desktop-5a9h5ko:b9ace3ea3b856f36","cmd":"link","ts":"2026-08-04T19:50:22Z","inv":{"label":"blocks","to":"W-79","op":"unlink_edge","from":"W-78"}}
{"v":1,"session":"desktop-5a9h5ko:b9ace3ea3b856f36","cmd":"link","ts":"2026-08-04T19:50:23Z","inv":{"label":"blocks","to":"W-80","op":"unlink_edge","from":"W-79"}}
{"v":1,"session":"desktop-5a9h5ko:b9ace3ea3b856f36","cmd":"set","ts":"2026-08-04T19:50:23Z","inv":{"had_session_at_before":false,"old_w_status":"proposed","had_session_before":false,"id":"W-70","op":"set_w_status_with_goals","goal_statuses":{"G-16":"unverified"},"old_session_at":"","old_session":""}}
{"v":1,"session":"desktop-5a9h5ko:b9ace3ea3b856f36","cmd":"set","ts":"2026-08-04T19:50:23Z","inv":{"had_session_at_before":false,"old_w_status":"proposed","had_session_before":false,"id":"W-71","op":"set_w_status_with_goals","goal_statuses":{"G-16":"unverified"},"old_session_at":"","old_session":""}}
{"v":1,"session":"desktop-5a9h5ko:b9ace3ea3b856f36","cmd":"set","ts":"2026-08-04T19:50:23Z","inv":{"had_session_at_before":false,"old_w_status":"proposed","had_session_before":false,"id":"W-72","op":"set_w_status_with_goals","goal_statuses":{"G-16":"unverified"},"old_session_at":"","old_session":""}}
{"v":1,"session":"desktop-5a9h5ko:b9ace3ea3b856f36","cmd":"set","ts":"2026-08-04T19:50:24Z","inv":{"had_session_at_before":false,"old_w_status":"proposed","had_session_before":false,"id":"W-73","op":"set_w_status_with_goals","goal_statuses":{"G-16":"unverified"},"old_session_at":"","old_session":""}}
{"v":1,"session":"desktop-5a9h5ko:b9ace3ea3b856f36","cmd":"set","ts":"2026-08-04T19:50:24Z","inv":{"had_session_at_before":false,"old_w_status":"proposed","had_session_before":false,"id":"W-74","op":"set_w_status_with_goals","goal_statuses":{"G-16":"unverified"},"old_session_at":"","old_session":""}}
{"v":1,"session":"desktop-5a9h5ko:b9ace3ea3b856f36","cmd":"set","ts":"2026-08-04T19:50:24Z","inv":{"had_session_at_before":false,"old_w_status":"proposed","had_session_before":false,"id":"W-75","op":"set_w_status_with_goals","goal_statuses":{"G-16":"unverified"},"old_session_at":"","old_session":""}}
{"v":1,"session":"desktop-5a9h5ko:b9ace3ea3b856f36","cmd":"set","ts":"2026-08-04T19:50:24Z","inv":{"had_session_at_before":false,"old_w_status":"proposed","had_session_before":false,"id":"W-76","op":"set_w_status_with_goals","goal_statuses":{"G-16":"unverified"},"old_session_at":"","old_session":""}}
{"v":1,"session":"desktop-5a9h5ko:b9ace3ea3b856f36","cmd":"set","ts":"2026-08-04T19:50:24Z","inv":{"had_session_at_before":false,"old_w_status":"proposed","had_session_before":false,"id":"W-77","op":"set_w_status_with_goals","goal_statuses":{"G-16":"unverified"},"old_session_at":"","old_session":""}}
{"v":1,"session":"desktop-5a9h5ko:b9ace3ea3b856f36","cmd":"set","ts":"2026-08-04T19:50:25Z","inv":{"had_session_at_before":false,"old_w_status":"proposed","had_session_before":false,"id":"W-78","op":"set_w_status_with_goals","goal_statuses":{"G-16":"unverified"},"old_session_at":"","old_session":""}}
{"v":1,"session":"desktop-5a9h5ko:b9ace3ea3b856f36","cmd":"set","ts":"2026-08-04T19:50:25Z","inv":{"had_session_at_before":false,"old_w_status":"proposed","had_session_before":false,"id":"W-79","op":"set_w_status_with_goals","goal_statuses":{"G-16":"unverified"},"old_session_at":"","old_session":""}}
{"v":1,"session":"desktop-5a9h5ko:b9ace3ea3b856f36","cmd":"set","ts":"2026-08-04T19:50:25Z","inv":{"had_session_at_before":false,"old_w_status":"proposed","had_session_before":false,"id":"W-80","op":"set_w_status_with_goals","goal_statuses":{"G-16":"unverified"},"old_session_at":"","old_session":""}}
{"v":1,"session":"desktop-5a9h5ko:b9ace3ea3b856f36","cmd":"set","ts":"2026-08-04T23:12:10Z","inv":{"had_session_at_before":false,"old_w_status":"ready","had_session_before":false,"id":"W-71","op":"set_w_status_with_goals","goal_statuses":{"G-16":"unverified"},"old_session_at":"","old_session":""}}
{"v":1,"session":"desktop-5a9h5ko:b9ace3ea3b856f36","cmd":"field","ts":"2026-08-04T23:22:22Z","inv":{"id":"W-71","field":"evidence","op":"field_pop_last"}}
{"v":1,"session":"desktop-5a9h5ko:b9ace3ea3b856f36","cmd":"set","ts":"2026-08-04T23:22:29Z","inv":{"had_session_at_before":true,"old_w_status":"progress","had_session_before":true,"id":"W-71","op":"set_w_status_with_goals","goal_statuses":{"G-16":"unverified"},"old_session_at":"2026-08-04T23:12:10Z","old_session":"desktop-5a9h5ko:b9ace3ea3b856f36"}}
{"v":1,"session":"desktop-5a9h5ko:b9ace3ea3b856f36","cmd":"set","ts":"2026-08-04T23:24:14Z","inv":{"had_session_at_before":false,"old_w_status":"ready","had_session_before":false,"id":"W-73","op":"set_w_status_with_goals","goal_statuses":{"G-16":"partial"},"old_session_at":"","old_session":""}}
{"v":1,"session":"desktop-5a9h5ko:b9ace3ea3b856f36","cmd":"field","ts":"2026-08-04T23:29:08Z","inv":{"id":"W-73","field":"evidence","op":"field_pop_last"}}
{"v":1,"session":"desktop-5a9h5ko:b9ace3ea3b856f36","cmd":"set","ts":"2026-08-04T23:29:09Z","inv":{"had_session_at_before":true,"old_w_status":"progress","had_session_before":true,"id":"W-73","op":"set_w_status_with_goals","goal_statuses":{"G-16":"partial"},"old_session_at":"2026-08-04T23:24:14Z","old_session":"desktop-5a9h5ko:b9ace3ea3b856f36"}}
{"v":1,"session":"desktop-5a9h5ko:b9ace3ea3b856f36","cmd":"set","ts":"2026-08-04T23:29:29Z","inv":{"had_session_at_before":false,"old_w_status":"ready","had_session_before":false,"id":"W-70","op":"set_w_status_with_goals","goal_statuses":{"G-16":"partial"},"old_session_at":"","old_session":""}}
{"v":1,"session":"desktop-5a9h5ko:b9ace3ea3b856f36","cmd":"set","ts":"2026-08-04T23:36:49Z","inv":{"old_status":"active","id":"Y-02","op":"set_status_plain"}}
{"v":1,"session":"desktop-5a9h5ko:b9ace3ea3b856f36","cmd":"revalidate","ts":"2026-08-04T23:36:50Z","inv":{"old_status":"stale","old_surface":["docs/design/effectiveness-v1.md"],"id":"Y-02","added_edges":[],"had_surface":true,"op":"revalidate_restore"}}
{"v":1,"session":"desktop-5a9h5ko:b9ace3ea3b856f36","cmd":"set","ts":"2026-08-04T23:36:50Z","inv":{"old_status":"active","id":"Y-04","op":"set_status_plain"}}
{"v":1,"session":"desktop-5a9h5ko:b9ace3ea3b856f36","cmd":"revalidate","ts":"2026-08-04T23:36:50Z","inv":{"old_status":"stale","old_surface":["docs/design/release-distribution-plan.md"],"id":"Y-04","added_edges":[],"had_surface":true,"op":"revalidate_restore"}}
{"v":1,"session":"desktop-5a9h5ko:b9ace3ea3b856f36","cmd":"field","ts":"2026-08-04T23:37:02Z","inv":{"id":"W-70","field":"evidence","op":"field_pop_last"}}
{"v":1,"session":"desktop-5a9h5ko:b9ace3ea3b856f36","cmd":"set","ts":"2026-08-04T23:37:02Z","inv":{"had_session_at_before":true,"old_w_status":"progress","had_session_before":true,"id":"W-70","op":"set_w_status_with_goals","goal_statuses":{"G-16":"partial"},"old_session_at":"2026-08-04T23:29:29Z","old_session":"desktop-5a9h5ko:b9ace3ea3b856f36"}}
{"v":1,"session":"desktop-5a9h5ko:b9ace3ea3b856f36","cmd":"set","ts":"2026-08-04T23:37:15Z","inv":{"had_session_at_before":false,"old_w_status":"ready","had_session_before":false,"id":"W-77","op":"set_w_status_with_goals","goal_statuses":{"G-16":"partial"},"old_session_at":"","old_session":""}}
{"v":1,"session":"desktop-5a9h5ko:b9ace3ea3b856f36","cmd":"field","ts":"2026-08-04T23:57:40Z","inv":{"id":"W-77","field":"evidence","op":"field_pop_last"}}
{"v":1,"session":"desktop-5a9h5ko:b9ace3ea3b856f36","cmd":"set","ts":"2026-08-04T23:57:40Z","inv":{"had_session_at_before":true,"old_w_status":"progress","had_session_before":true,"id":"W-77","op":"set_w_status_with_goals","goal_statuses":{"G-16":"partial"},"old_session_at":"2026-08-04T23:37:15Z","old_session":"desktop-5a9h5ko:b9ace3ea3b856f36"}}
{"v":1,"session":"desktop-5a9h5ko:b9ace3ea3b856f36","cmd":"set","ts":"2026-08-04T23:57:54Z","inv":{"had_session_at_before":false,"old_w_status":"ready","had_session_before":false,"id":"W-76","op":"set_w_status_with_goals","goal_statuses":{"G-16":"partial"},"old_session_at":"","old_session":""}}
{"v":1,"session":"desktop-5a9h5ko:b9ace3ea3b856f36","cmd":"field","ts":"2026-08-05T00:07:09Z","inv":{"id":"W-76","field":"evidence","op":"field_pop_last"}}
{"v":1,"session":"desktop-5a9h5ko:b9ace3ea3b856f36","cmd":"set","ts":"2026-08-05T00:07:09Z","inv":{"had_session_at_before":true,"old_w_status":"progress","had_session_before":true,"id":"W-76","op":"set_w_status_with_goals","goal_statuses":{"G-16":"partial"},"old_session_at":"2026-08-04T23:57:54Z","old_session":"desktop-5a9h5ko:b9ace3ea3b856f36"}}
{"v":1,"session":"desktop-5a9h5ko:b9ace3ea3b856f36","cmd":"set","ts":"2026-08-05T00:07:23Z","inv":{"had_session_at_before":false,"old_w_status":"ready","had_session_before":false,"id":"W-74","op":"set_w_status_with_goals","goal_statuses":{"G-16":"partial"},"old_session_at":"","old_session":""}}
{"v":1,"session":"desktop-5a9h5ko:b9ace3ea3b856f36","cmd":"field","ts":"2026-08-05T00:23:42Z","inv":{"id":"W-74","field":"evidence","op":"field_pop_last"}}
{"v":1,"session":"desktop-5a9h5ko:b9ace3ea3b856f36","cmd":"set","ts":"2026-08-05T00:23:43Z","inv":{"had_session_at_before":true,"old_w_status":"progress","had_session_before":true,"id":"W-74","op":"set_w_status_with_goals","goal_statuses":{"G-16":"partial"},"old_session_at":"2026-08-05T00:07:23Z","old_session":"desktop-5a9h5ko:b9ace3ea3b856f36"}}
{"v":1,"session":"desktop-5a9h5ko:b9ace3ea3b856f36","cmd":"set","ts":"2026-08-05T00:26:16Z","inv":{"had_session_at_before":false,"old_w_status":"ready","had_session_before":false,"id":"W-75","op":"set_w_status_with_goals","goal_statuses":{"G-16":"partial"},"old_session_at":"","old_session":""}}
{"v":1,"session":"desktop-5a9h5ko:b9ace3ea3b856f36","cmd":"field","ts":"2026-08-05T16:26:45Z","inv":{"id":"W-75","field":"evidence","op":"field_pop_last"}}
{"v":1,"session":"desktop-5a9h5ko:b9ace3ea3b856f36","cmd":"set","ts":"2026-08-05T16:26:46Z","inv":{"had_session_at_before":true,"old_w_status":"progress","had_session_before":true,"id":"W-75","op":"set_w_status_with_goals","goal_statuses":{"G-16":"partial"},"old_session_at":"2026-08-05T00:26:16Z","old_session":"desktop-5a9h5ko:b9ace3ea3b856f36"}}
{"v":1,"session":"desktop-5a9h5ko:b9ace3ea3b856f36","cmd":"set","ts":"2026-08-05T16:26:59Z","inv":{"had_session_at_before":false,"old_w_status":"ready","had_session_before":false,"id":"W-72","op":"set_w_status_with_goals","goal_statuses":{"G-16":"partial"},"old_session_at":"","old_session":""}}
{"v":1,"session":"desktop-5a9h5ko:b9ace3ea3b856f36","cmd":"field","ts":"2026-08-05T16:26:59Z","inv":{"id":"W-72","field":"evidence","op":"field_pop_last"}}
{"v":1,"session":"desktop-5a9h5ko:b9ace3ea3b856f36","cmd":"set","ts":"2026-08-05T16:26:59Z","inv":{"had_session_at_before":true,"old_w_status":"progress","had_session_before":true,"id":"W-72","op":"set_w_status_with_goals","goal_statuses":{"G-16":"partial"},"old_session_at":"2026-08-05T16:26:59Z","old_session":"desktop-5a9h5ko:b9ace3ea3b856f36"}}
{"v":1,"session":"desktop-5a9h5ko:b9ace3ea3b856f36","cmd":"set","ts":"2026-08-05T16:27:40Z","inv":{"had_session_at_before":false,"old_w_status":"ready","had_session_before":false,"id":"W-78","op":"set_w_status_with_goals","goal_statuses":{"G-16":"partial"},"old_session_at":"","old_session":""}}
{"v":1,"session":"desktop-5a9h5ko:b9ace3ea3b856f36","cmd":"field","ts":"2026-08-05T16:35:44Z","inv":{"id":"W-78","field":"evidence","op":"field_pop_last"}}
{"v":1,"session":"desktop-5a9h5ko:b9ace3ea3b856f36","cmd":"set","ts":"2026-08-05T16:35:44Z","inv":{"had_session_at_before":true,"old_w_status":"progress","had_session_before":true,"id":"W-78","op":"set_w_status_with_goals","goal_statuses":{"G-16":"partial"},"old_session_at":"2026-08-05T16:27:40Z","old_session":"desktop-5a9h5ko:b9ace3ea3b856f36"}}
{"v":1,"session":"desktop-5a9h5ko:b9ace3ea3b856f36","cmd":"add","ts":"2026-08-05T16:50:36Z","inv":{"id":"W-81","op":"rm_node"}}
{"v":1,"session":"desktop-5a9h5ko:b9ace3ea3b856f36","cmd":"field","ts":"2026-08-05T16:50:50Z","inv":{"id":"W-81","field":"ac","op":"field_pop_last"}}
{"v":1,"session":"desktop-5a9h5ko:b9ace3ea3b856f36","cmd":"field","ts":"2026-08-05T16:50:51Z","inv":{"id":"W-81","field":"ac","op":"field_pop_last"}}
{"v":1,"session":"desktop-5a9h5ko:b9ace3ea3b856f36","cmd":"field","ts":"2026-08-05T16:50:51Z","inv":{"id":"W-81","field":"hypothesis","op":"field_pop_last"}}
{"v":1,"session":"desktop-5a9h5ko:b9ace3ea3b856f36","cmd":"field","ts":"2026-08-05T16:50:51Z","inv":{"id":"W-81","field":"evidence_strategy","op":"field_pop_last"}}
{"v":1,"session":"desktop-5a9h5ko:b9ace3ea3b856f36","cmd":"fitness","ts":"2026-08-05T16:50:51Z","inv":{"had_key":false,"wid":"W-81","gid":"G-16","previous":null,"op":"restore_fitness_key"}}
{"v":1,"session":"desktop-5a9h5ko:b9ace3ea3b856f36","cmd":"link","ts":"2026-08-05T16:50:52Z","inv":{"label":"blocks","to":"W-79","op":"unlink_edge","from":"W-81"}}
{"v":1,"session":"desktop-5a9h5ko:b9ace3ea3b856f36","cmd":"field","ts":"2026-08-05T16:51:01Z","inv":{"id":"G-16","field":"fitness_target","value":"10","op":"field_restore_single"}}
{"v":1,"session":"desktop-5a9h5ko:b9ace3ea3b856f36","cmd":"set","ts":"2026-08-05T16:51:35Z","inv":{"had_session_at_before":false,"old_w_status":"proposed","had_session_before":false,"id":"W-81","op":"set_w_status_with_goals","goal_statuses":{"G-16":"partial"},"old_session_at":"","old_session":""}}
{"v":1,"session":"desktop-5a9h5ko:b9ace3ea3b856f36","cmd":"set","ts":"2026-08-05T16:52:20Z","inv":{"had_session_at_before":false,"old_w_status":"ready","had_session_before":false,"id":"W-81","op":"set_w_status_with_goals","goal_statuses":{"G-16":"partial"},"old_session_at":"","old_session":""}}
{"v":1,"session":"desktop-5a9h5ko:b9ace3ea3b856f36","cmd":"field","ts":"2026-08-05T17:09:45Z","inv":{"id":"W-81","field":"evidence","op":"field_pop_last"}}
{"v":1,"session":"desktop-5a9h5ko:b9ace3ea3b856f36","cmd":"set","ts":"2026-08-05T17:09:45Z","inv":{"had_session_at_before":true,"old_w_status":"progress","had_session_before":true,"id":"W-81","op":"set_w_status_with_goals","goal_statuses":{"G-16":"partial"},"old_session_at":"2026-08-05T16:52:20Z","old_session":"desktop-5a9h5ko:b9ace3ea3b856f36"}}
{"v":1,"session":"desktop-5a9h5ko:b9ace3ea3b856f36","cmd":"add","ts":"2026-08-05T17:36:18Z","inv":{"id":"Y-05","op":"rm_node"}}
{"v":1,"session":"desktop-5a9h5ko:b9ace3ea3b856f36","cmd":"field","ts":"2026-08-05T17:36:31Z","inv":{"id":"Y-05","field":"invariant","op":"field_pop_last"}}
{"v":1,"session":"desktop-5a9h5ko:b9ace3ea3b856f36","cmd":"field","ts":"2026-08-05T17:36:32Z","inv":{"id":"Y-05","field":"skill_updates","op":"field_pop_last"}}
{"v":1,"session":"desktop-5a9h5ko:b9ace3ea3b856f36","cmd":"set","ts":"2026-08-05T17:36:32Z","inv":{"old_status":"proposed","id":"Y-05","op":"set_status_plain"}}
{"v":1,"session":"desktop-5a9h5ko:b9ace3ea3b856f36","cmd":"add","ts":"2026-08-05T17:46:47Z","inv":{"id":"W-82","op":"rm_node"}}
{"v":1,"session":"desktop-5a9h5ko:b9ace3ea3b856f36","cmd":"add","ts":"2026-08-05T17:46:47Z","inv":{"id":"W-83","op":"rm_node"}}
{"v":1,"session":"desktop-5a9h5ko:b9ace3ea3b856f36","cmd":"add","ts":"2026-08-05T17:46:47Z","inv":{"id":"W-84","op":"rm_node"}}
{"v":1,"session":"desktop-5a9h5ko:b9ace3ea3b856f36","cmd":"field","ts":"2026-08-05T17:47:04Z","inv":{"id":"W-82","field":"ac","op":"field_pop_last"}}
{"v":1,"session":"desktop-5a9h5ko:b9ace3ea3b856f36","cmd":"field","ts":"2026-08-05T17:47:05Z","inv":{"id":"W-82","field":"ac","op":"field_pop_last"}}
{"v":1,"session":"desktop-5a9h5ko:b9ace3ea3b856f36","cmd":"field","ts":"2026-08-05T17:47:05Z","inv":{"id":"W-82","field":"ac","op":"field_pop_last"}}
{"v":1,"session":"desktop-5a9h5ko:b9ace3ea3b856f36","cmd":"field","ts":"2026-08-05T17:47:05Z","inv":{"id":"W-82","field":"ac","op":"field_pop_last"}}
{"v":1,"session":"desktop-5a9h5ko:b9ace3ea3b856f36","cmd":"field","ts":"2026-08-05T17:47:05Z","inv":{"id":"W-82","field":"hypothesis","op":"field_pop_last"}}
{"v":1,"session":"desktop-5a9h5ko:b9ace3ea3b856f36","cmd":"field","ts":"2026-08-05T17:47:05Z","inv":{"id":"W-82","field":"evidence_strategy","op":"field_pop_last"}}
{"v":1,"session":"desktop-5a9h5ko:b9ace3ea3b856f36","cmd":"fitness","ts":"2026-08-05T17:47:06Z","inv":{"had_key":false,"wid":"W-82","gid":"G-16","previous":null,"op":"restore_fitness_key"}}
{"v":1,"session":"desktop-5a9h5ko:b9ace3ea3b856f36","cmd":"field","ts":"2026-08-05T17:47:26Z","inv":{"id":"W-83","field":"ac","op":"field_pop_last"}}
{"v":1,"session":"desktop-5a9h5ko:b9ace3ea3b856f36","cmd":"field","ts":"2026-08-05T17:47:26Z","inv":{"id":"W-83","field":"ac","op":"field_pop_last"}}
{"v":1,"session":"desktop-5a9h5ko:b9ace3ea3b856f36","cmd":"field","ts":"2026-08-05T17:47:26Z","inv":{"id":"W-83","field":"ac","op":"field_pop_last"}}
{"v":1,"session":"desktop-5a9h5ko:b9ace3ea3b856f36","cmd":"field","ts":"2026-08-05T17:47:26Z","inv":{"id":"W-83","field":"ac","op":"field_pop_last"}}
{"v":1,"session":"desktop-5a9h5ko:b9ace3ea3b856f36","cmd":"field","ts":"2026-08-05T17:47:27Z","inv":{"id":"W-83","field":"hypothesis","op":"field_pop_last"}}
{"v":1,"session":"desktop-5a9h5ko:b9ace3ea3b856f36","cmd":"field","ts":"2026-08-05T17:47:27Z","inv":{"id":"W-83","field":"evidence","op":"field_pop_last"}}
{"v":1,"session":"desktop-5a9h5ko:b9ace3ea3b856f36","cmd":"field","ts":"2026-08-05T17:47:27Z","inv":{"id":"W-83","field":"evidence_strategy","op":"field_pop_last"}}
{"v":1,"session":"desktop-5a9h5ko:b9ace3ea3b856f36","cmd":"fitness","ts":"2026-08-05T17:47:27Z","inv":{"had_key":false,"wid":"W-83","gid":"G-16","previous":null,"op":"restore_fitness_key"}}
{"v":1,"session":"desktop-5a9h5ko:b9ace3ea3b856f36","cmd":"field","ts":"2026-08-05T17:47:43Z","inv":{"id":"W-84","field":"ac","op":"field_pop_last"}}
{"v":1,"session":"desktop-5a9h5ko:b9ace3ea3b856f36","cmd":"field","ts":"2026-08-05T17:47:43Z","inv":{"id":"W-84","field":"ac","op":"field_pop_last"}}
{"v":1,"session":"desktop-5a9h5ko:b9ace3ea3b856f36","cmd":"field","ts":"2026-08-05T17:47:43Z","inv":{"id":"W-84","field":"hypothesis","op":"field_pop_last"}}
{"v":1,"session":"desktop-5a9h5ko:b9ace3ea3b856f36","cmd":"field","ts":"2026-08-05T17:47:43Z","inv":{"id":"W-84","field":"evidence_strategy","op":"field_pop_last"}}
{"v":1,"session":"desktop-5a9h5ko:b9ace3ea3b856f36","cmd":"fitness","ts":"2026-08-05T17:47:44Z","inv":{"had_key":false,"wid":"W-84","gid":"G-16","previous":null,"op":"restore_fitness_key"}}
{"v":1,"session":"desktop-5a9h5ko:b9ace3ea3b856f36","cmd":"field","ts":"2026-08-05T17:47:44Z","inv":{"id":"G-16","field":"fitness_target","value":"12","op":"field_restore_single"}}
{"v":1,"session":"desktop-5a9h5ko:b9ace3ea3b856f36","cmd":"field","ts":"2026-08-05T17:47:44Z","inv":{"id":"G-16","field":"fitness_target","value":"","op":"field_restore_single"}}
{"v":1,"session":"desktop-5a9h5ko:b9ace3ea3b856f36","cmd":"link","ts":"2026-08-05T17:47:44Z","inv":{"label":"blocks","to":"W-79","op":"unlink_edge","from":"W-82"}}
{"v":1,"session":"desktop-5a9h5ko:b9ace3ea3b856f36","cmd":"set","ts":"2026-08-05T17:47:45Z","inv":{"had_session_at_before":false,"old_w_status":"proposed","had_session_before":false,"id":"W-82","op":"set_w_status_with_goals","goal_statuses":{"G-16":"partial"},"old_session_at":"","old_session":""}}
{"v":1,"session":"desktop-5a9h5ko:b9ace3ea3b856f36","cmd":"set","ts":"2026-08-05T17:47:45Z","inv":{"had_session_at_before":false,"old_w_status":"proposed","had_session_before":false,"id":"W-83","op":"set_w_status_with_goals","goal_statuses":{"G-16":"partial"},"old_session_at":"","old_session":""}}
{"v":1,"session":"desktop-5a9h5ko:b9ace3ea3b856f36","cmd":"set","ts":"2026-08-05T17:47:45Z","inv":{"had_session_at_before":false,"old_w_status":"proposed","had_session_before":false,"id":"W-84","op":"set_w_status_with_goals","goal_statuses":{"G-16":"partial"},"old_session_at":"","old_session":""}}
{"v":1,"session":"desktop-5a9h5ko:b9ace3ea3b856f36","cmd":"set","ts":"2026-08-05T18:01:59Z","inv":{"had_session_at_before":false,"old_w_status":"ready","had_session_before":false,"id":"W-82","op":"set_w_status_with_goals","goal_statuses":{"G-16":"partial"},"old_session_at":"","old_session":""}}
{"v":1,"session":"desktop-5a9h5ko:b9ace3ea3b856f36","cmd":"field","ts":"2026-08-05T18:08:32Z","inv":{"id":"W-82","field":"evidence","op":"field_pop_last"}}
{"v":1,"session":"desktop-5a9h5ko:b9ace3ea3b856f36","cmd":"set","ts":"2026-08-05T18:08:33Z","inv":{"had_session_at_before":true,"old_w_status":"progress","had_session_before":true,"id":"W-82","op":"set_w_status_with_goals","goal_statuses":{"G-16":"partial"},"old_session_at":"2026-08-05T18:01:59Z","old_session":"desktop-5a9h5ko:b9ace3ea3b856f36"}}
{"v":1,"session":"desktop-5a9h5ko:b9ace3ea3b856f36","cmd":"link","ts":"2026-08-05T18:09:08Z","inv":{"label":"blocks","to":"W-79","op":"unlink_edge","from":"W-83"}}
{"v":1,"session":"desktop-5a9h5ko:b9ace3ea3b856f36","cmd":"link","ts":"2026-08-05T18:09:08Z","inv":{"label":"blocks","to":"W-79","op":"unlink_edge","from":"W-84"}}
{"v":1,"session":"desktop-5a9h5ko:b9ace3ea3b856f36","cmd":"set","ts":"2026-08-05T18:09:08Z","inv":{"had_session_at_before":false,"old_w_status":"ready","had_session_before":false,"id":"W-83","op":"set_w_status_with_goals","goal_statuses":{"G-16":"partial"},"old_session_at":"","old_session":""}}
{"v":1,"session":"desktop-5a9h5ko:b9ace3ea3b856f36","cmd":"field","ts":"2026-08-05T18:30:08Z","inv":{"id":"W-83","field":"evidence","op":"field_pop_last"}}
{"v":1,"session":"desktop-5a9h5ko:b9ace3ea3b856f36","cmd":"set","ts":"2026-08-05T18:30:08Z","inv":{"had_session_at_before":true,"old_w_status":"progress","had_session_before":true,"id":"W-83","op":"set_w_status_with_goals","goal_statuses":{"G-16":"partial"},"old_session_at":"2026-08-05T18:09:08Z","old_session":"desktop-5a9h5ko:b9ace3ea3b856f36"}}
{"v":1,"session":"desktop-5a9h5ko:b9ace3ea3b856f36","cmd":"set","ts":"2026-08-05T18:30:21Z","inv":{"had_session_at_before":false,"old_w_status":"ready","had_session_before":false,"id":"W-84","op":"set_w_status_with_goals","goal_statuses":{"G-16":"partial"},"old_session_at":"","old_session":""}}
{"v":1,"session":"desktop-5a9h5ko:b9ace3ea3b856f36","cmd":"field","ts":"2026-08-05T18:34:20Z","inv":{"id":"W-84","field":"evidence","op":"field_pop_last"}}
{"v":1,"session":"desktop-5a9h5ko:b9ace3ea3b856f36","cmd":"set","ts":"2026-08-05T18:34:20Z","inv":{"had_session_at_before":true,"old_w_status":"progress","had_session_before":true,"id":"W-84","op":"set_w_status_with_goals","goal_statuses":{"G-16":"partial"},"old_session_at":"2026-08-05T18:30:21Z","old_session":"desktop-5a9h5ko:b9ace3ea3b856f36"}}
{"v":1,"session":"desktop-5a9h5ko:b9ace3ea3b856f36","cmd":"field","ts":"2026-08-05T18:34:42Z","inv":{"id":"G-16","field":"fitness_target","value":"15","op":"field_restore_single"}}
{"v":1,"session":"desktop-5a9h5ko:b9ace3ea3b856f36","cmd":"add","ts":"2026-08-05T18:44:01Z","inv":{"id":"W-85","op":"rm_node"}}
{"v":1,"session":"desktop-5a9h5ko:b9ace3ea3b856f36","cmd":"field","ts":"2026-08-05T18:44:01Z","inv":{"id":"W-85","field":"ac","op":"field_pop_last"}}
{"v":1,"session":"desktop-5a9h5ko:b9ace3ea3b856f36","cmd":"field","ts":"2026-08-05T18:44:02Z","inv":{"id":"W-85","field":"ac","op":"field_pop_last"}}
{"v":1,"session":"desktop-5a9h5ko:b9ace3ea3b856f36","cmd":"field","ts":"2026-08-05T18:44:02Z","inv":{"id":"W-85","field":"hypothesis","op":"field_pop_last"}}
{"v":1,"session":"desktop-5a9h5ko:b9ace3ea3b856f36","cmd":"field","ts":"2026-08-05T18:44:02Z","inv":{"id":"W-85","field":"evidence_strategy","op":"field_pop_last"}}
{"v":1,"session":"desktop-5a9h5ko:b9ace3ea3b856f36","cmd":"fitness","ts":"2026-08-05T18:44:02Z","inv":{"had_key":false,"wid":"W-85","gid":"G-16","previous":null,"op":"restore_fitness_key"}}
{"v":1,"session":"desktop-5a9h5ko:b9ace3ea3b856f36","cmd":"add","ts":"2026-08-05T18:45:04Z","inv":{"id":"T-03","op":"rm_node"}}
{"v":1,"session":"desktop-5a9h5ko:b9ace3ea3b856f36","cmd":"link","ts":"2026-08-05T18:45:04Z","inv":{"label":"causes","to":"W-85","op":"unlink_edge","from":"T-02"}}
{"v":1,"session":"desktop-5a9h5ko:b9ace3ea3b856f36","cmd":"set","ts":"2026-08-05T18:45:04Z","inv":{"had_session_at_before":false,"old_w_status":"proposed","had_session_before":false,"id":"W-85","op":"set_w_status_with_goals","goal_statuses":{"G-16":"partial"},"old_session_at":"","old_session":""}}
{"v":1,"session":"desktop-5a9h5ko:b9ace3ea3b856f36","cmd":"set","ts":"2026-08-05T18:45:04Z","inv":{"missing":["(A, causes, w) via materialised A"],"id":"W-85","op":"dor_reject"}}
{"v":1,"session":"desktop-5a9h5ko:b9ace3ea3b856f36","cmd":"link","ts":"2026-08-05T18:45:33Z","inv":{"label":"causes","to":"W-85","op":"unlink_edge","from":"T-03"}}
{"v":1,"session":"desktop-5a9h5ko:b9ace3ea3b856f36","cmd":"set","ts":"2026-08-05T18:45:33Z","inv":{"had_session_at_before":false,"old_w_status":"ready","had_session_before":false,"id":"W-85","op":"set_w_status_with_goals","goal_statuses":{"G-16":"partial"},"old_session_at":"","old_session":""}}
{"v":1,"session":"desktop-5a9h5ko:b9ace3ea3b856f36","cmd":"set","ts":"2026-08-05T18:45:33Z","inv":{"had_session_at_before":false,"old_w_status":"ready","had_session_before":false,"id":"W-85","op":"set_w_status_with_goals","goal_statuses":{"G-16":"partial"},"old_session_at":"","old_session":""}}
{"v":1,"session":"desktop-5a9h5ko:b9ace3ea3b856f36","cmd":"field","ts":"2026-08-05T18:52:51Z","inv":{"id":"W-85","field":"evidence","op":"field_pop_last"}}
{"v":1,"session":"desktop-5a9h5ko:b9ace3ea3b856f36","cmd":"set","ts":"2026-08-05T18:52:51Z","inv":{"had_session_at_before":true,"old_w_status":"progress","had_session_before":true,"id":"W-85","op":"set_w_status_with_goals","goal_statuses":{"G-16":"partial"},"old_session_at":"2026-08-05T18:45:33Z","old_session":"desktop-5a9h5ko:b9ace3ea3b856f36"}}
{"v":1,"session":"desktop-5a9h5ko:b9ace3ea3b856f36","cmd":"add","ts":"2026-08-05T19:13:24Z","inv":{"id":"Y-06","op":"rm_node"}}
{"v":1,"session":"desktop-5a9h5ko:b9ace3ea3b856f36","cmd":"field","ts":"2026-08-05T19:13:25Z","inv":{"id":"Y-06","field":"invariant","op":"field_pop_last"}}
{"v":1,"session":"desktop-5a9h5ko:b9ace3ea3b856f36","cmd":"field","ts":"2026-08-05T19:13:25Z","inv":{"id":"Y-06","field":"skill_updates","op":"field_pop_last"}}
{"v":1,"session":"desktop-5a9h5ko:b9ace3ea3b856f36","cmd":"set","ts":"2026-08-05T19:13:25Z","inv":{"old_status":"proposed","id":"Y-06","op":"set_status_plain"}}
{"v":1,"session":"desktop-5a9h5ko:b9ace3ea3b856f36","cmd":"add","ts":"2026-08-05T19:13:42Z","inv":{"id":"W-86","op":"rm_node"}}
{"v":1,"session":"desktop-5a9h5ko:b9ace3ea3b856f36","cmd":"field","ts":"2026-08-05T19:13:42Z","inv":{"id":"W-86","field":"ac","op":"field_pop_last"}}
{"v":1,"session":"desktop-5a9h5ko:b9ace3ea3b856f36","cmd":"field","ts":"2026-08-05T19:13:42Z","inv":{"id":"W-86","field":"ac","op":"field_pop_last"}}
{"v":1,"session":"desktop-5a9h5ko:b9ace3ea3b856f36","cmd":"field","ts":"2026-08-05T19:13:42Z","inv":{"id":"W-86","field":"ac","op":"field_pop_last"}}
{"v":1,"session":"desktop-5a9h5ko:b9ace3ea3b856f36","cmd":"field","ts":"2026-08-05T19:13:43Z","inv":{"id":"W-86","field":"hypothesis","op":"field_pop_last"}}
{"v":1,"session":"desktop-5a9h5ko:b9ace3ea3b856f36","cmd":"field","ts":"2026-08-05T19:13:43Z","inv":{"id":"W-86","field":"evidence_strategy","op":"field_pop_last"}}
{"v":1,"session":"desktop-5a9h5ko:b9ace3ea3b856f36","cmd":"fitness","ts":"2026-08-05T19:13:43Z","inv":{"had_key":false,"wid":"W-86","gid":"G-16","previous":null,"op":"restore_fitness_key"}}
{"v":1,"session":"desktop-5a9h5ko:b9ace3ea3b856f36","cmd":"field","ts":"2026-08-05T19:13:43Z","inv":{"id":"G-16","field":"fitness_target","value":"15","op":"field_restore_single"}}
{"v":1,"session":"desktop-5a9h5ko:b9ace3ea3b856f36","cmd":"field","ts":"2026-08-05T19:13:44Z","inv":{"id":"G-16","field":"fitness_target","value":"","op":"field_restore_single"}}
{"v":1,"session":"desktop-5a9h5ko:b9ace3ea3b856f36","cmd":"link","ts":"2026-08-05T19:13:44Z","inv":{"label":"blocks","to":"W-79","op":"unlink_edge","from":"W-86"}}
{"v":1,"session":"desktop-5a9h5ko:b9ace3ea3b856f36","cmd":"set","ts":"2026-08-05T19:13:44Z","inv":{"had_session_at_before":false,"old_w_status":"proposed","had_session_before":false,"id":"W-86","op":"set_w_status_with_goals","goal_statuses":{"G-16":"partial"},"old_session_at":"","old_session":""}}
{"v":1,"session":"desktop-5a9h5ko:b9ace3ea3b856f36","cmd":"field","ts":"2026-08-05T19:14:15Z","inv":{"id":"G-16","field":"fitness_target","value":"16","op":"field_restore_single"}}
{"v":1,"session":"desktop-5a9h5ko:b9ace3ea3b856f36","cmd":"field","ts":"2026-08-05T19:14:16Z","inv":{"id":"G-16","field":"fitness_target","value":"","op":"field_restore_single"}}
{"v":1,"session":"desktop-5a9h5ko:b9ace3ea3b856f36","cmd":"add","ts":"2026-08-05T19:22:03Z","inv":{"id":"W-87","op":"rm_node"}}
{"v":1,"session":"desktop-5a9h5ko:b9ace3ea3b856f36","cmd":"add","ts":"2026-08-05T19:22:03Z","inv":{"id":"W-88","op":"rm_node"}}
{"v":1,"session":"desktop-5a9h5ko:b9ace3ea3b856f36","cmd":"field","ts":"2026-08-05T19:22:20Z","inv":{"id":"W-87","field":"ac","op":"field_pop_last"}}
{"v":1,"session":"desktop-5a9h5ko:b9ace3ea3b856f36","cmd":"field","ts":"2026-08-05T19:22:20Z","inv":{"id":"W-87","field":"ac","op":"field_pop_last"}}
{"v":1,"session":"desktop-5a9h5ko:b9ace3ea3b856f36","cmd":"field","ts":"2026-08-05T19:22:20Z","inv":{"id":"W-87","field":"ac","op":"field_pop_last"}}
{"v":1,"session":"desktop-5a9h5ko:b9ace3ea3b856f36","cmd":"field","ts":"2026-08-05T19:22:20Z","inv":{"id":"W-87","field":"hypothesis","op":"field_pop_last"}}
{"v":1,"session":"desktop-5a9h5ko:b9ace3ea3b856f36","cmd":"field","ts":"2026-08-05T19:22:20Z","inv":{"id":"W-87","field":"evidence","op":"field_pop_last"}}
{"v":1,"session":"desktop-5a9h5ko:b9ace3ea3b856f36","cmd":"field","ts":"2026-08-05T19:22:21Z","inv":{"id":"W-87","field":"evidence_strategy","op":"field_pop_last"}}
{"v":1,"session":"desktop-5a9h5ko:b9ace3ea3b856f36","cmd":"fitness","ts":"2026-08-05T19:22:21Z","inv":{"had_key":false,"wid":"W-87","gid":"G-16","previous":null,"op":"restore_fitness_key"}}
{"v":1,"session":"desktop-5a9h5ko:b9ace3ea3b856f36","cmd":"field","ts":"2026-08-05T19:22:38Z","inv":{"id":"W-88","field":"ac","op":"field_pop_last"}}
{"v":1,"session":"desktop-5a9h5ko:b9ace3ea3b856f36","cmd":"field","ts":"2026-08-05T19:22:38Z","inv":{"id":"W-88","field":"ac","op":"field_pop_last"}}
{"v":1,"session":"desktop-5a9h5ko:b9ace3ea3b856f36","cmd":"field","ts":"2026-08-05T19:22:38Z","inv":{"id":"W-88","field":"hypothesis","op":"field_pop_last"}}
{"v":1,"session":"desktop-5a9h5ko:b9ace3ea3b856f36","cmd":"field","ts":"2026-08-05T19:22:38Z","inv":{"id":"W-88","field":"evidence_strategy","op":"field_pop_last"}}
{"v":1,"session":"desktop-5a9h5ko:b9ace3ea3b856f36","cmd":"fitness","ts":"2026-08-05T19:22:38Z","inv":{"had_key":false,"wid":"W-88","gid":"G-16","previous":null,"op":"restore_fitness_key"}}
{"v":1,"session":"desktop-5a9h5ko:b9ace3ea3b856f36","cmd":"field","ts":"2026-08-05T19:22:39Z","inv":{"id":"G-16","field":"fitness_target","value":"17","op":"field_restore_single"}}
{"v":1,"session":"desktop-5a9h5ko:b9ace3ea3b856f36","cmd":"field","ts":"2026-08-05T19:22:39Z","inv":{"id":"G-16","field":"fitness_target","value":"","op":"field_restore_single"}}
{"v":1,"session":"desktop-5a9h5ko:b9ace3ea3b856f36","cmd":"link","ts":"2026-08-05T19:22:39Z","inv":{"label":"blocks","to":"W-79","op":"unlink_edge","from":"W-87"}}
{"v":1,"session":"desktop-5a9h5ko:b9ace3ea3b856f36","cmd":"set","ts":"2026-08-05T19:22:39Z","inv":{"had_session_at_before":false,"old_w_status":"proposed","had_session_before":false,"id":"W-87","op":"set_w_status_with_goals","goal_statuses":{"G-16":"partial"},"old_session_at":"","old_session":""}}
{"v":1,"session":"desktop-5a9h5ko:b9ace3ea3b856f36","cmd":"set","ts":"2026-08-05T19:22:39Z","inv":{"had_session_at_before":false,"old_w_status":"proposed","had_session_before":false,"id":"W-88","op":"set_w_status_with_goals","goal_statuses":{"G-16":"partial"},"old_session_at":"","old_session":""}}
{"v":1,"session":"desktop-5a9h5ko:b9ace3ea3b856f36","cmd":"set","ts":"2026-08-07T00:10:58Z","inv":{"had_session_at_before":false,"old_w_status":"ready","had_session_before":false,"id":"W-86","op":"set_w_status_with_goals","goal_statuses":{"G-16":"partial"},"old_session_at":"","old_session":""}}
{"v":1,"session":"desktop-5a9h5ko:b9ace3ea3b856f36","cmd":"field","ts":"2026-08-07T00:34:49Z","inv":{"id":"W-86","field":"evidence","op":"field_pop_last"}}
{"v":1,"session":"desktop-5a9h5ko:b9ace3ea3b856f36","cmd":"set","ts":"2026-08-07T00:34:49Z","inv":{"had_session_at_before":true,"old_w_status":"progress","had_session_before":true,"id":"W-86","op":"set_w_status_with_goals","goal_statuses":{"G-16":"partial"},"old_session_at":"2026-08-07T00:10:58Z","old_session":"desktop-5a9h5ko:b9ace3ea3b856f36"}}
{"v":1,"session":"desktop-5a9h5ko:b9ace3ea3b856f36","cmd":"set","ts":"2026-08-07T00:35:27Z","inv":{"had_session_at_before":false,"old_w_status":"ready","had_session_before":false,"id":"W-87","op":"set_w_status_with_goals","goal_statuses":{"G-16":"partial"},"old_session_at":"","old_session":""}}
{"v":1,"session":"desktop-5a9h5ko:b9ace3ea3b856f36","cmd":"set","ts":"2026-08-07T00:41:12Z","inv":{"old_status":"active","id":"Y-02","op":"set_status_plain"}}
{"v":1,"session":"desktop-5a9h5ko:b9ace3ea3b856f36","cmd":"revalidate","ts":"2026-08-07T00:41:12Z","inv":{"old_status":"stale","old_surface":["docs/plans/effectiveness-v1.md"],"id":"Y-02","added_edges":[],"had_surface":true,"op":"revalidate_restore"}}
{"v":1,"session":"desktop-5a9h5ko:b9ace3ea3b856f36","cmd":"field","ts":"2026-08-07T00:42:35Z","inv":{"line":"docs/plans/effectiveness-v1.md","id":"Y-02","field":"surface","op":"field_insert_line","index":1}}
{"v":1,"session":"desktop-5a9h5ko:b9ace3ea3b856f36","cmd":"field","ts":"2026-08-07T00:42:53Z","inv":{"id":"W-87","field":"evidence","op":"field_pop_last"}}
{"v":1,"session":"desktop-5a9h5ko:b9ace3ea3b856f36","cmd":"set","ts":"2026-08-07T00:42:53Z","inv":{"had_session_at_before":true,"old_w_status":"progress","had_session_before":true,"id":"W-87","op":"set_w_status_with_goals","goal_statuses":{"G-16":"partial"},"old_session_at":"2026-08-07T00:35:27Z","old_session":"desktop-5a9h5ko:b9ace3ea3b856f36"}}
{"v":1,"session":"desktop-5a9h5ko:b9ace3ea3b856f36","cmd":"set","ts":"2026-08-07T00:43:16Z","inv":{"had_session_at_before":false,"old_w_status":"ready","had_session_before":false,"id":"W-88","op":"set_w_status_with_goals","goal_statuses":{"G-16":"partial"},"old_session_at":"","old_session":""}}
{"v":1,"session":"desktop-5a9h5ko:b9ace3ea3b856f36","cmd":"field","ts":"2026-08-07T00:47:51Z","inv":{"id":"W-03","field":"ac","op":"field_pop_last"}}
{"v":1,"session":"desktop-5a9h5ko:b9ace3ea3b856f36","cmd":"field","ts":"2026-08-07T00:47:51Z","inv":{"id":"W-03","field":"ac","op":"field_pop_last"}}
{"v":1,"session":"desktop-5a9h5ko:b9ace3ea3b856f36","cmd":"field","ts":"2026-08-07T00:47:51Z","inv":{"id":"W-03","field":"ac","op":"field_pop_last"}}
{"v":1,"session":"desktop-5a9h5ko:b9ace3ea3b856f36","cmd":"field","ts":"2026-08-07T00:47:51Z","inv":{"id":"W-04","field":"ac","op":"field_pop_last"}}
{"v":1,"session":"desktop-5a9h5ko:b9ace3ea3b856f36","cmd":"field","ts":"2026-08-07T00:47:52Z","inv":{"id":"W-04","field":"ac","op":"field_pop_last"}}
{"v":1,"session":"desktop-5a9h5ko:b9ace3ea3b856f36","cmd":"field","ts":"2026-08-07T00:47:52Z","inv":{"id":"W-04","field":"ac","op":"field_pop_last"}}
{"v":1,"session":"desktop-5a9h5ko:b9ace3ea3b856f36","cmd":"field","ts":"2026-08-07T00:47:52Z","inv":{"id":"W-05","field":"ac","op":"field_pop_last"}}
{"v":1,"session":"desktop-5a9h5ko:b9ace3ea3b856f36","cmd":"field","ts":"2026-08-07T00:47:52Z","inv":{"id":"W-05","field":"ac","op":"field_pop_last"}}
{"v":1,"session":"desktop-5a9h5ko:b9ace3ea3b856f36","cmd":"field","ts":"2026-08-07T00:47:53Z","inv":{"id":"W-05","field":"ac","op":"field_pop_last"}}
{"v":1,"session":"desktop-5a9h5ko:b9ace3ea3b856f36","cmd":"field","ts":"2026-08-07T00:51:10Z","inv":{"id":"W-88","field":"evidence","op":"field_pop_last"}}
{"v":1,"session":"desktop-5a9h5ko:b9ace3ea3b856f36","cmd":"set","ts":"2026-08-07T00:51:10Z","inv":{"had_session_at_before":true,"old_w_status":"progress","had_session_before":true,"id":"W-88","op":"set_w_status_with_goals","goal_statuses":{"G-16":"partial"},"old_session_at":"2026-08-07T00:43:16Z","old_session":"desktop-5a9h5ko:b9ace3ea3b856f36"}}
{"v":1,"session":"desktop-5a9h5ko:b9ace3ea3b856f36","cmd":"add","ts":"2026-08-07T00:53:41Z","inv":{"id":"D-05","op":"rm_node"}}
{"v":1,"session":"desktop-5a9h5ko:b9ace3ea3b856f36","cmd":"add","ts":"2026-08-07T00:53:41Z","inv":{"id":"D-06","op":"rm_node"}}
{"v":1,"session":"desktop-5a9h5ko:b9ace3ea3b856f36","cmd":"add","ts":"2026-08-07T00:53:41Z","inv":{"id":"D-07","op":"rm_node"}}
{"v":1,"session":"desktop-5a9h5ko:b9ace3ea3b856f36","cmd":"add","ts":"2026-08-07T00:53:41Z","inv":{"id":"D-08","op":"rm_node"}}
{"v":1,"session":"desktop-5a9h5ko:b9ace3ea3b856f36","cmd":"add","ts":"2026-08-07T00:53:42Z","inv":{"id":"D-09","op":"rm_node"}}
{"v":1,"session":"desktop-5a9h5ko:b9ace3ea3b856f36","cmd":"field","ts":"2026-08-07T00:55:28Z","inv":{"id":"D-05","field":"context","op":"field_pop_last"}}
{"v":1,"session":"desktop-5a9h5ko:b9ace3ea3b856f36","cmd":"field","ts":"2026-08-07T00:55:28Z","inv":{"id":"D-05","field":"options","op":"field_pop_last"}}
{"v":1,"session":"desktop-5a9h5ko:b9ace3ea3b856f36","cmd":"field","ts":"2026-08-07T00:55:29Z","inv":{"id":"D-05","field":"decision","op":"field_pop_last"}}
{"v":1,"session":"desktop-5a9h5ko:b9ace3ea3b856f36","cmd":"field","ts":"2026-08-07T00:55:29Z","inv":{"id":"D-05","field":"consequences","op":"field_pop_last"}}
{"v":1,"session":"desktop-5a9h5ko:b9ace3ea3b856f36","cmd":"field","ts":"2026-08-07T00:55:29Z","inv":{"id":"D-05","field":"validation","op":"field_pop_last"}}
{"v":1,"session":"desktop-5a9h5ko:b9ace3ea3b856f36","cmd":"set","ts":"2026-08-07T00:55:30Z","inv":{"old_status":"proposed","id":"D-05","op":"set_status_plain"}}
{"v":1,"session":"desktop-5a9h5ko:b9ace3ea3b856f36","cmd":"field","ts":"2026-08-07T00:55:59Z","inv":{"id":"D-06","field":"context","op":"field_pop_last"}}
{"v":1,"session":"desktop-5a9h5ko:b9ace3ea3b856f36","cmd":"field","ts":"2026-08-07T00:56:00Z","inv":{"id":"D-06","field":"options","op":"field_pop_last"}}
{"v":1,"session":"desktop-5a9h5ko:b9ace3ea3b856f36","cmd":"field","ts":"2026-08-07T00:56:00Z","inv":{"id":"D-06","field":"decision","op":"field_pop_last"}}
{"v":1,"session":"desktop-5a9h5ko:b9ace3ea3b856f36","cmd":"field","ts":"2026-08-07T00:56:00Z","inv":{"id":"D-06","field":"consequences","op":"field_pop_last"}}
{"v":1,"session":"desktop-5a9h5ko:b9ace3ea3b856f36","cmd":"field","ts":"2026-08-07T00:56:01Z","inv":{"id":"D-06","field":"validation","op":"field_pop_last"}}
{"v":1,"session":"desktop-5a9h5ko:b9ace3ea3b856f36","cmd":"set","ts":"2026-08-07T00:56:01Z","inv":{"old_status":"proposed","id":"D-06","op":"set_status_plain"}}
{"v":1,"session":"desktop-5a9h5ko:b9ace3ea3b856f36","cmd":"field","ts":"2026-08-07T00:56:01Z","inv":{"id":"D-07","field":"context","op":"field_pop_last"}}
{"v":1,"session":"desktop-5a9h5ko:b9ace3ea3b856f36","cmd":"field","ts":"2026-08-07T00:56:02Z","inv":{"id":"D-07","field":"options","op":"field_pop_last"}}
{"v":1,"session":"desktop-5a9h5ko:b9ace3ea3b856f36","cmd":"field","ts":"2026-08-07T00:56:02Z","inv":{"id":"D-07","field":"decision","op":"field_pop_last"}}
{"v":1,"session":"desktop-5a9h5ko:b9ace3ea3b856f36","cmd":"field","ts":"2026-08-07T00:56:02Z","inv":{"id":"D-07","field":"consequences","op":"field_pop_last"}}
{"v":1,"session":"desktop-5a9h5ko:b9ace3ea3b856f36","cmd":"field","ts":"2026-08-07T00:56:03Z","inv":{"id":"D-07","field":"validation","op":"field_pop_last"}}
{"v":1,"session":"desktop-5a9h5ko:b9ace3ea3b856f36","cmd":"set","ts":"2026-08-07T00:56:03Z","inv":{"old_status":"proposed","id":"D-07","op":"set_status_plain"}}
{"v":1,"session":"desktop-5a9h5ko:b9ace3ea3b856f36","cmd":"field","ts":"2026-08-07T00:56:35Z","inv":{"id":"D-08","field":"context","op":"field_pop_last"}}
{"v":1,"session":"desktop-5a9h5ko:b9ace3ea3b856f36","cmd":"field","ts":"2026-08-07T00:56:36Z","inv":{"id":"D-08","field":"options","op":"field_pop_last"}}
{"v":1,"session":"desktop-5a9h5ko:b9ace3ea3b856f36","cmd":"field","ts":"2026-08-07T00:56:36Z","inv":{"id":"D-08","field":"decision","op":"field_pop_last"}}
{"v":1,"session":"desktop-5a9h5ko:b9ace3ea3b856f36","cmd":"field","ts":"2026-08-07T00:56:36Z","inv":{"id":"D-08","field":"consequences","op":"field_pop_last"}}
{"v":1,"session":"desktop-5a9h5ko:b9ace3ea3b856f36","cmd":"field","ts":"2026-08-07T00:56:36Z","inv":{"id":"D-08","field":"validation","op":"field_pop_last"}}
{"v":1,"session":"desktop-5a9h5ko:b9ace3ea3b856f36","cmd":"set","ts":"2026-08-07T00:56:37Z","inv":{"old_status":"proposed","id":"D-08","op":"set_status_plain"}}
{"v":1,"session":"desktop-5a9h5ko:b9ace3ea3b856f36","cmd":"field","ts":"2026-08-07T00:56:37Z","inv":{"id":"D-09","field":"context","op":"field_pop_last"}}
{"v":1,"session":"desktop-5a9h5ko:b9ace3ea3b856f36","cmd":"field","ts":"2026-08-07T00:56:37Z","inv":{"id":"D-09","field":"options","op":"field_pop_last"}}
{"v":1,"session":"desktop-5a9h5ko:b9ace3ea3b856f36","cmd":"field","ts":"2026-08-07T00:56:38Z","inv":{"id":"D-09","field":"decision","op":"field_pop_last"}}
{"v":1,"session":"desktop-5a9h5ko:b9ace3ea3b856f36","cmd":"field","ts":"2026-08-07T00:56:38Z","inv":{"id":"D-09","field":"consequences","op":"field_pop_last"}}
{"v":1,"session":"desktop-5a9h5ko:b9ace3ea3b856f36","cmd":"field","ts":"2026-08-07T00:56:39Z","inv":{"id":"D-09","field":"validation","op":"field_pop_last"}}
{"v":1,"session":"desktop-5a9h5ko:b9ace3ea3b856f36","cmd":"set","ts":"2026-08-07T00:56:39Z","inv":{"old_status":"proposed","id":"D-09","op":"set_status_plain"}}
{"v":1,"session":"desktop-5a9h5ko:b9ace3ea3b856f36","cmd":"add","ts":"2026-08-07T00:57:07Z","inv":{"id":"Q-03","op":"rm_node"}}
{"v":1,"session":"desktop-5a9h5ko:b9ace3ea3b856f36","cmd":"field","ts":"2026-08-07T00:57:08Z","inv":{"id":"Q-03","field":"why","op":"field_pop_last"}}
{"v":1,"session":"desktop-5a9h5ko:b9ace3ea3b856f36","cmd":"add","ts":"2026-08-07T00:57:08Z","inv":{"id":"Q-04","op":"rm_node"}}
{"v":1,"session":"desktop-5a9h5ko:b9ace3ea3b856f36","cmd":"field","ts":"2026-08-07T00:57:08Z","inv":{"id":"Q-04","field":"why","op":"field_pop_last"}}
{"v":1,"session":"desktop-5a9h5ko:b9ace3ea3b856f36","cmd":"field","ts":"2026-08-07T00:58:07Z","inv":{"id":"W-79","field":"ac","op":"field_pop_last"}}
{"v":1,"session":"desktop-5a9h5ko:b9ace3ea3b856f36","cmd":"field","ts":"2026-08-07T00:58:07Z","inv":{"id":"W-79","field":"ac","op":"field_pop_last"}}
{"v":1,"session":"desktop-5a9h5ko:b9ace3ea3b856f36","cmd":"field","ts":"2026-08-07T00:58:07Z","inv":{"id":"W-80","field":"ac","op":"field_pop_last"}}
{"v":1,"session":"desktop-5a9h5ko:b9ace3ea3b856f36","cmd":"field","ts":"2026-08-07T00:58:08Z","inv":{"id":"W-80","field":"ac","op":"field_pop_last"}}
{"v":1,"session":"desktop-5a9h5ko:b9ace3ea3b856f36","cmd":"field","ts":"2026-08-07T00:58:08Z","inv":{"id":"W-80","field":"ac","op":"field_pop_last"}}
{"v":1,"session":"desktop-5a9h5ko:b9ace3ea3b856f36","cmd":"field","ts":"2026-08-07T00:58:08Z","inv":{"id":"W-80","field":"ac","op":"field_pop_last"}}
{"v":1,"session":"desktop-5a9h5ko:b9ace3ea3b856f36","cmd":"field","ts":"2026-08-07T01:00:47Z","inv":{"id":"Y-04","field":"surface","lines":["docs/plans/release-distribution-plan.md"],"op":"field_restore_lines"}}
{"v":1,"session":"desktop-5a9h5ko:b9ace3ea3b856f36","cmd":"field","ts":"2026-08-07T01:00:47Z","inv":{"id":"Y-04","field":"surface","op":"field_pop_last"}}
{"v":1,"session":"desktop-5a9h5ko:b9ace3ea3b856f36","cmd":"field","ts":"2026-08-07T01:00:48Z","inv":{"id":"Y-04","field":"surface","op":"field_pop_last"}}
{"v":1,"session":"desktop-5a9h5ko:b9ace3ea3b856f36","cmd":"field","ts":"2026-08-07T01:19:14Z","inv":{"id":"W-87","field":"evidence","op":"field_pop_last"}}
{"v":1,"session":"desktop-5a9h5ko:b9ace3ea3b856f36","cmd":"add","ts":"2026-08-07T13:50:41Z","inv":{"id":"D-10","op":"rm_node"}}
{"v":1,"session":"desktop-5a9h5ko:b9ace3ea3b856f36","cmd":"field","ts":"2026-08-07T13:50:41Z","inv":{"id":"D-10","field":"context","op":"field_pop_last"}}
{"v":1,"session":"desktop-5a9h5ko:b9ace3ea3b856f36","cmd":"field","ts":"2026-08-07T13:50:41Z","inv":{"id":"D-10","field":"options","op":"field_pop_last"}}
{"v":1,"session":"desktop-5a9h5ko:b9ace3ea3b856f36","cmd":"field","ts":"2026-08-07T13:50:41Z","inv":{"id":"D-10","field":"decision","op":"field_pop_last"}}
{"v":1,"session":"desktop-5a9h5ko:b9ace3ea3b856f36","cmd":"field","ts":"2026-08-07T13:50:41Z","inv":{"id":"D-10","field":"consequences","op":"field_pop_last"}}
{"v":1,"session":"desktop-5a9h5ko:b9ace3ea3b856f36","cmd":"field","ts":"2026-08-07T13:50:42Z","inv":{"id":"D-10","field":"validation","op":"field_pop_last"}}
{"v":1,"session":"desktop-5a9h5ko:b9ace3ea3b856f36","cmd":"link","ts":"2026-08-07T13:50:42Z","inv":{"label":"supersedes","to":"D-08","op":"unlink_edge","from":"D-10"}}
{"v":1,"session":"desktop-5a9h5ko:b9ace3ea3b856f36","cmd":"set","ts":"2026-08-07T13:50:42Z","inv":{"old_status":"proposed","id":"D-10","op":"set_status_plain"}}
{"v":1,"session":"desktop-5a9h5ko:b9ace3ea3b856f36","cmd":"set","ts":"2026-08-08T13:59:34Z","inv":{"had_session_at_before":false,"old_w_status":"ready","had_session_before":false,"id":"W-79","op":"set_w_status_with_goals","goal_statuses":{"G-16":"partial"},"old_session_at":"","old_session":""}}
{"v":1,"session":"desktop-5a9h5ko:b9ace3ea3b856f36","cmd":"add","ts":"2026-08-08T14:27:57Z","inv":{"id":"W-89","op":"rm_node"}}
{"v":1,"session":"desktop-5a9h5ko:b9ace3ea3b856f36","cmd":"add","ts":"2026-08-08T14:27:57Z","inv":{"id":"W-90","op":"rm_node"}}
{"v":1,"session":"desktop-5a9h5ko:b9ace3ea3b856f36","cmd":"field","ts":"2026-08-08T14:28:40Z","inv":{"id":"W-89","field":"ac","op":"field_pop_last"}}
{"v":1,"session":"desktop-5a9h5ko:b9ace3ea3b856f36","cmd":"field","ts":"2026-08-08T14:28:40Z","inv":{"id":"W-89","field":"ac","op":"field_pop_last"}}
{"v":1,"session":"desktop-5a9h5ko:b9ace3ea3b856f36","cmd":"field","ts":"2026-08-08T14:28:41Z","inv":{"id":"W-89","field":"ac","op":"field_pop_last"}}
{"v":1,"session":"desktop-5a9h5ko:b9ace3ea3b856f36","cmd":"field","ts":"2026-08-08T14:28:41Z","inv":{"id":"W-89","field":"ac","op":"field_pop_last"}}
{"v":1,"session":"desktop-5a9h5ko:b9ace3ea3b856f36","cmd":"field","ts":"2026-08-08T14:28:41Z","inv":{"id":"W-89","field":"hypothesis","op":"field_pop_last"}}
{"v":1,"session":"desktop-5a9h5ko:b9ace3ea3b856f36","cmd":"field","ts":"2026-08-08T14:28:42Z","inv":{"id":"W-89","field":"evidence_strategy","op":"field_pop_last"}}
{"v":1,"session":"desktop-5a9h5ko:b9ace3ea3b856f36","cmd":"fitness","ts":"2026-08-08T14:28:42Z","inv":{"had_key":false,"wid":"W-89","gid":"G-16","previous":null,"op":"restore_fitness_key"}}
{"v":1,"session":"desktop-5a9h5ko:b9ace3ea3b856f36","cmd":"field","ts":"2026-08-08T14:28:42Z","inv":{"id":"W-90","field":"ac","op":"field_pop_last"}}
{"v":1,"session":"desktop-5a9h5ko:b9ace3ea3b856f36","cmd":"field","ts":"2026-08-08T14:28:42Z","inv":{"id":"W-90","field":"ac","op":"field_pop_last"}}
{"v":1,"session":"desktop-5a9h5ko:b9ace3ea3b856f36","cmd":"field","ts":"2026-08-08T14:28:43Z","inv":{"id":"W-90","field":"ac","op":"field_pop_last"}}
{"v":1,"session":"desktop-5a9h5ko:b9ace3ea3b856f36","cmd":"field","ts":"2026-08-08T14:28:43Z","inv":{"id":"W-90","field":"ac","op":"field_pop_last"}}
{"v":1,"session":"desktop-5a9h5ko:b9ace3ea3b856f36","cmd":"field","ts":"2026-08-08T14:28:43Z","inv":{"id":"W-90","field":"hypothesis","op":"field_pop_last"}}
{"v":1,"session":"desktop-5a9h5ko:b9ace3ea3b856f36","cmd":"field","ts":"2026-08-08T14:28:43Z","inv":{"id":"W-90","field":"evidence_strategy","op":"field_pop_last"}}
{"v":1,"session":"desktop-5a9h5ko:b9ace3ea3b856f36","cmd":"fitness","ts":"2026-08-08T14:28:44Z","inv":{"had_key":false,"wid":"W-90","gid":"G-16","previous":null,"op":"restore_fitness_key"}}
{"v":1,"session":"desktop-5a9h5ko:b9ace3ea3b856f36","cmd":"field","ts":"2026-08-08T14:30:12Z","inv":{"id":"W-79","field":"evidence","op":"field_pop_last"}}
{"v":1,"session":"desktop-5a9h5ko:b9ace3ea3b856f36","cmd":"field","ts":"2026-08-08T14:30:12Z","inv":{"id":"W-79","field":"evidence","op":"field_pop_last"}}
{"v":1,"session":"desktop-5a9h5ko:b9ace3ea3b856f36","cmd":"field","ts":"2026-08-08T14:30:13Z","inv":{"id":"W-79","field":"evidence","op":"field_pop_last"}}
{"v":1,"session":"desktop-5a9h5ko:b9ace3ea3b856f36","cmd":"field","ts":"2026-08-08T14:30:13Z","inv":{"id":"W-79","field":"evidence","op":"field_pop_last"}}
{"v":1,"session":"desktop-5a9h5ko:b9ace3ea3b856f36","cmd":"field","ts":"2026-08-08T14:30:13Z","inv":{"id":"W-79","field":"evidence","op":"field_pop_last"}}
{"v":1,"session":"desktop-5a9h5ko:b9ace3ea3b856f36","cmd":"set","ts":"2026-08-08T14:30:14Z","inv":{"had_session_at_before":true,"old_w_status":"progress","had_session_before":true,"id":"W-79","op":"set_w_status_with_goals","goal_statuses":{"G-16":"partial"},"old_session_at":"2026-08-08T13:59:34Z","old_session":"desktop-5a9h5ko:b9ace3ea3b856f36"}}
{"v":1,"session":"desktop-5a9h5ko:b9ace3ea3b856f36","cmd":"set","ts":"2026-08-08T14:31:10Z","inv":{"had_session_at_before":false,"old_w_status":"proposed","had_session_before":false,"id":"W-89","op":"set_w_status_with_goals","goal_statuses":{"G-16":"partial"},"old_session_at":"","old_session":""}}
{"v":1,"session":"desktop-5a9h5ko:b9ace3ea3b856f36","cmd":"field","ts":"2026-08-08T14:52:20Z","inv":{"id":"W-89","field":"evidence","op":"field_pop_last"}}
{"v":1,"session":"desktop-5a9h5ko:b9ace3ea3b856f36","cmd":"field","ts":"2026-08-08T14:52:20Z","inv":{"id":"W-89","field":"evidence","op":"field_pop_last"}}
{"v":1,"session":"desktop-5a9h5ko:b9ace3ea3b856f36","cmd":"field","ts":"2026-08-08T14:52:20Z","inv":{"id":"W-89","field":"evidence","op":"field_pop_last"}}
{"v":1,"session":"desktop-5a9h5ko:b9ace3ea3b856f36","cmd":"field","ts":"2026-08-08T14:52:21Z","inv":{"id":"W-89","field":"evidence","op":"field_pop_last"}}
{"v":1,"session":"desktop-5a9h5ko:b9ace3ea3b856f36","cmd":"set","ts":"2026-08-08T14:52:21Z","inv":{"had_session_at_before":true,"old_w_status":"progress","had_session_before":true,"id":"W-89","op":"set_w_status_with_goals","goal_statuses":{"G-16":"partial"},"old_session_at":"2026-08-08T14:31:10Z","old_session":"desktop-5a9h5ko:b9ace3ea3b856f36"}}
{"v":1,"session":"desktop-5a9h5ko:b9ace3ea3b856f36","cmd":"set","ts":"2026-08-08T14:53:48Z","inv":{"had_session_at_before":false,"old_w_status":"proposed","had_session_before":false,"id":"W-90","op":"set_w_status_with_goals","goal_statuses":{"G-16":"partial"},"old_session_at":"","old_session":""}}
{"v":1,"session":"desktop-5a9h5ko:b9ace3ea3b856f36","cmd":"field","ts":"2026-08-08T15:02:55Z","inv":{"id":"W-90","field":"evidence","op":"field_pop_last"}}
{"v":1,"session":"desktop-5a9h5ko:b9ace3ea3b856f36","cmd":"field","ts":"2026-08-08T15:02:55Z","inv":{"id":"W-90","field":"evidence","op":"field_pop_last"}}
{"v":1,"session":"desktop-5a9h5ko:b9ace3ea3b856f36","cmd":"field","ts":"2026-08-08T15:02:55Z","inv":{"id":"W-90","field":"evidence","op":"field_pop_last"}}
{"v":1,"session":"desktop-5a9h5ko:b9ace3ea3b856f36","cmd":"field","ts":"2026-08-08T15:02:55Z","inv":{"id":"W-90","field":"evidence","op":"field_pop_last"}}
{"v":1,"session":"desktop-5a9h5ko:b9ace3ea3b856f36","cmd":"set","ts":"2026-08-08T15:02:56Z","inv":{"had_session_at_before":true,"old_w_status":"progress","had_session_before":true,"id":"W-90","op":"set_w_status_with_goals","goal_statuses":{"G-16":"partial"},"old_session_at":"2026-08-08T14:53:48Z","old_session":"desktop-5a9h5ko:b9ace3ea3b856f36"}}
{"v":1,"session":"desktop-5a9h5ko:b9ace3ea3b856f36","cmd":"set","ts":"2026-08-08T16:48:35Z","inv":{"had_session_at_before":false,"old_w_status":"ready","had_session_before":false,"id":"W-80","op":"set_w_status_with_goals","goal_statuses":{"G-16":"verified"},"old_session_at":"","old_session":""}}
{"v":1,"session":"desktop-5a9h5ko:b9ace3ea3b856f36","cmd":"field","ts":"2026-08-08T17:02:31Z","inv":{"id":"W-80","field":"evidence","op":"field_pop_last"}}
{"v":1,"session":"desktop-5a9h5ko:b9ace3ea3b856f36","cmd":"set","ts":"2026-08-08T17:02:39Z","inv":{"had_session_at_before":true,"old_w_status":"progress","had_session_before":true,"id":"W-80","op":"set_w_status_with_goals","goal_statuses":{"G-16":"verified"},"old_session_at":"2026-08-08T16:48:35Z","old_session":"desktop-5a9h5ko:b9ace3ea3b856f36"}}
{"v":1,"session":"desktop-5a9h5ko:b9ace3ea3b856f36","cmd":"set","ts":"2026-08-08T17:03:21Z","inv":{"old_status":"active","id":"Y-05","op":"set_status_plain"}}
{"v":1,"session":"desktop-5a9h5ko:b9ace3ea3b856f36","cmd":"set","ts":"2026-08-08T17:04:14Z","inv":{"old_status":"active","id":"Y-06","op":"set_status_plain"}}
{"v":1,"session":"desktop-5a9h5ko:b9ace3ea3b856f36","cmd":"distill","ts":"2026-08-08T17:04:15Z","inv":{"goal":"G-16","op":"distill","empty":true}}
{"v":1,"session":"desktop-5a9h5ko:b9ace3ea3b856f36","cmd":"archive","ts":"2026-08-08T18:33:05Z","inv":{"ids":["G-16","T-03","W-70","W-71","W-72","W-73","W-74","W-75","W-76","W-77","W-78","W-79","W-80","W-81","W-82","W-83","W-84","W-85","W-86","W-87","W-88","W-89","W-90"],"id":"G-16","op":"archive"}}
{"v":1,"session":"mcp-49428-89019022","cmd":"resume","ts":"2026-08-08T23:04:47Z","inv":{"had_session_before":true,"id":"W-11","op":"session_restore_claim","old_session_at":"2026-07-20T12:14:49Z","old_session":"desktop-5a9h5ko:b9ace3ea3b856f36","had_session_at_before":true}}
{"v":1,"session":"mcp-49428-89019022","cmd":"add","ts":"2026-08-08T23:04:47Z","inv":{"id":"G-17","op":"rm_node"}}
{"v":1,"session":"mcp-49428-89019022","cmd":"field","ts":"2026-08-08T23:05:03Z","inv":{"line":"G-02","id":"W-04","field":"goals","op":"field_insert_line","index":1}}
{"v":1,"session":"mcp-49428-89019022","cmd":"field","ts":"2026-08-08T23:05:03Z","inv":{"line":"G-02","id":"W-05","field":"goals","op":"field_insert_line","index":1}}
{"v":1,"session":"mcp-49428-89019022","cmd":"field","ts":"2026-08-08T23:05:11Z","inv":{"id":"W-04","field":"goals","op":"field_pop_last"}}
{"v":1,"session":"mcp-49428-89019022","cmd":"field","ts":"2026-08-08T23:05:11Z","inv":{"id":"W-05","field":"goals","op":"field_pop_last"}}
{"v":1,"session":"mcp-49428-89019022","cmd":"fitness","ts":"2026-08-08T23:05:11Z","inv":{"had_key":false,"wid":"W-04","gid":"G-17","previous":null,"op":"restore_fitness_key"}}
{"v":1,"session":"mcp-49428-89019022","cmd":"fitness","ts":"2026-08-08T23:05:11Z","inv":{"had_key":false,"wid":"W-05","gid":"G-17","previous":null,"op":"restore_fitness_key"}}
{"v":1,"session":"mcp-49428-89019022","cmd":"fitness","ts":"2026-08-08T23:05:11Z","inv":{"had_key":true,"wid":"W-04","gid":"G-02","previous":1,"op":"restore_fitness_key"}}
{"v":1,"session":"mcp-49428-89019022","cmd":"fitness","ts":"2026-08-08T23:05:11Z","inv":{"had_key":true,"wid":"W-05","gid":"G-02","previous":0,"op":"restore_fitness_key"}}
{"v":1,"session":"mcp-49428-89019022","cmd":"set","ts":"2026-08-08T23:05:21Z","inv":{"had_session_at_before":false,"old_w_status":"proposed","had_session_before":false,"id":"W-03","op":"set_w_status_with_goals","goal_statuses":{"G-02":"unverified"},"old_session_at":"","old_session":""}}
{"v":1,"session":"mcp-49428-89019022","cmd":"add","ts":"2026-08-08T23:05:21Z","inv":{"id":"D-11","op":"rm_node"}}
{"v":1,"session":"mcp-49428-89019022","cmd":"set","ts":"2026-08-08T23:05:28Z","inv":{"old_status":"proposed","id":"D-11","op":"set_status_plain"}}
{"v":1,"session":"mcp-49428-89019022","cmd":"link","ts":"2026-08-08T23:06:24Z","inv":{"label":"produces","to":"D-11","op":"unlink_edge","from":"W-03"}}
{"v":1,"session":"mcp-49428-89019022","cmd":"set","ts":"2026-08-08T23:06:34Z","inv":{"new":"manual","id":"G-02","had_before":true,"old":"count","op":"set_g_attr_fitness_kind"}}
{"v":1,"session":"mcp-49428-89019022","cmd":"set","ts":"2026-08-08T23:06:39Z","inv":{"old_status":"unverified","id":"G-02","op":"set_status_plain"}}
{"v":1,"session":"mcp-49428-89019022","cmd":"distill","ts":"2026-08-08T23:06:43Z","inv":{"goal":"G-02","op":"distill","empty":true}}
{"v":1,"session":"mcp-49428-89019022","cmd":"archive","ts":"2026-08-08T23:06:46Z","inv":{"ids":["D-11","G-02","Q-01","W-03","W-06"],"id":"G-02","op":"archive"}}
{"v":1,"session":"mcp-49428-89019022","cmd":"field","ts":"2026-08-08T23:07:09Z","inv":{"id":"W-11","field":"evidence","op":"field_pop_last"}}
{"v":1,"session":"mcp-49428-89019022","cmd":"field","ts":"2026-08-08T23:07:16Z","inv":{"id":"W-11","field":"evidence","op":"field_pop_last"}}
{"v":1,"session":"mcp-49428-89019022","cmd":"set","ts":"2026-08-08T23:07:25Z","inv":{"had_session_at_before":true,"old_w_status":"progress","had_session_before":true,"id":"W-11","op":"set_w_status_with_goals","goal_statuses":{"G-04":"verified"},"old_session_at":"2026-08-08T23:04:47Z","old_session":"mcp-49428-89019022"}}
{"v":1,"session":"mcp-49428-89019022","cmd":"add","ts":"2026-08-08T23:08:01Z","inv":{"id":"Y-07","op":"rm_node"}}
{"v":1,"session":"mcp-49428-89019022","cmd":"archive","ts":"2026-08-08T23:08:08Z","inv":{"ids":["D-04","G-04","W-10","W-11"],"id":"G-04","op":"archive"}}
{"v":1,"session":"desktop-5a9h5ko:b9ace3ea3b856f36","cmd":"add","ts":"2026-08-08T23:19:46Z","inv":{"id":"G-18","op":"rm_node"}}
{"v":1,"session":"desktop-5a9h5ko:b9ace3ea3b856f36","cmd":"set","ts":"2026-08-08T23:19:46Z","inv":{"old_status":"proposed","id":"Y-07","op":"set_status_plain"}}
{"v":1,"session":"desktop-5a9h5ko:b9ace3ea3b856f36","cmd":"add","ts":"2026-08-10T16:19:08Z","inv":{"id":"G-19","op":"rm_node"}}
{"v":1,"session":"desktop-5a9h5ko:b9ace3ea3b856f36","cmd":"add","ts":"2026-08-10T16:19:24Z","inv":{"id":"W-91","op":"rm_node"}}
{"v":1,"session":"desktop-5a9h5ko:b9ace3ea3b856f36","cmd":"add","ts":"2026-08-10T16:19:25Z","inv":{"id":"W-92","op":"rm_node"}}
{"v":1,"session":"desktop-5a9h5ko:b9ace3ea3b856f36","cmd":"add","ts":"2026-08-10T16:19:25Z","inv":{"id":"W-93","op":"rm_node"}}
{"v":1,"session":"desktop-5a9h5ko:b9ace3ea3b856f36","cmd":"fitness","ts":"2026-08-10T16:19:48Z","inv":{"had_key":false,"wid":"W-91","gid":"G-19","previous":null,"op":"restore_fitness_key"}}
{"v":1,"session":"desktop-5a9h5ko:b9ace3ea3b856f36","cmd":"fitness","ts":"2026-08-10T16:19:48Z","inv":{"had_key":false,"wid":"W-92","gid":"G-19","previous":null,"op":"restore_fitness_key"}}
{"v":1,"session":"desktop-5a9h5ko:b9ace3ea3b856f36","cmd":"fitness","ts":"2026-08-10T16:19:48Z","inv":{"had_key":false,"wid":"W-93","gid":"G-19","previous":null,"op":"restore_fitness_key"}}
{"v":1,"session":"desktop-5a9h5ko:b9ace3ea3b856f36","cmd":"field","ts":"2026-08-10T16:19:49Z","inv":{"id":"W-91","field":"hypothesis","op":"field_pop_last"}}
{"v":1,"session":"desktop-5a9h5ko:b9ace3ea3b856f36","cmd":"field","ts":"2026-08-10T16:19:49Z","inv":{"id":"W-91","field":"ac","op":"field_pop_last"}}
{"v":1,"session":"desktop-5a9h5ko:b9ace3ea3b856f36","cmd":"field","ts":"2026-08-10T16:19:49Z","inv":{"id":"W-91","field":"ac","op":"field_pop_last"}}
{"v":1,"session":"desktop-5a9h5ko:b9ace3ea3b856f36","cmd":"field","ts":"2026-08-10T16:19:49Z","inv":{"id":"W-91","field":"evidence_strategy","op":"field_pop_last"}}
{"v":1,"session":"desktop-5a9h5ko:b9ace3ea3b856f36","cmd":"field","ts":"2026-08-10T16:19:49Z","inv":{"id":"W-92","field":"hypothesis","op":"field_pop_last"}}
{"v":1,"session":"desktop-5a9h5ko:b9ace3ea3b856f36","cmd":"field","ts":"2026-08-10T16:19:49Z","inv":{"id":"W-92","field":"ac","op":"field_pop_last"}}
{"v":1,"session":"desktop-5a9h5ko:b9ace3ea3b856f36","cmd":"field","ts":"2026-08-10T16:19:49Z","inv":{"id":"W-92","field":"evidence_strategy","op":"field_pop_last"}}
{"v":1,"session":"desktop-5a9h5ko:b9ace3ea3b856f36","cmd":"field","ts":"2026-08-10T16:19:50Z","inv":{"id":"W-93","field":"hypothesis","op":"field_pop_last"}}
{"v":1,"session":"desktop-5a9h5ko:b9ace3ea3b856f36","cmd":"field","ts":"2026-08-10T16:19:50Z","inv":{"id":"W-93","field":"ac","op":"field_pop_last"}}
{"v":1,"session":"desktop-5a9h5ko:b9ace3ea3b856f36","cmd":"field","ts":"2026-08-10T16:19:50Z","inv":{"id":"W-93","field":"ac","op":"field_pop_last"}}
{"v":1,"session":"desktop-5a9h5ko:b9ace3ea3b856f36","cmd":"field","ts":"2026-08-10T16:19:50Z","inv":{"id":"W-93","field":"evidence_strategy","op":"field_pop_last"}}
{"v":1,"session":"desktop-5a9h5ko:b9ace3ea3b856f36","cmd":"undo","ts":"2026-08-10T16:26:16Z","inv":{"steps":1,"op":"undo"}}
{"v":1,"session":"desktop-5a9h5ko:b9ace3ea3b856f36","cmd":"set","ts":"2026-08-10T16:26:44Z","inv":{"id":"G-19","old":"","op":"set_title"}}
{"v":1,"session":"desktop-5a9h5ko:b9ace3ea3b856f36","cmd":"set","ts":"2026-08-10T16:26:45Z","inv":{"id":"W-91","old":"","op":"set_title"}}
{"v":1,"session":"desktop-5a9h5ko:b9ace3ea3b856f36","cmd":"set","ts":"2026-08-10T16:26:45Z","inv":{"id":"W-92","old":"","op":"set_title"}}
{"v":1,"session":"desktop-5a9h5ko:b9ace3ea3b856f36","cmd":"set","ts":"2026-08-10T16:26:45Z","inv":{"id":"W-93","old":"","op":"set_title"}}
{"v":1,"session":"desktop-5a9h5ko:b9ace3ea3b856f36","cmd":"set","ts":"2026-08-10T16:34:39Z","inv":{"new":"count","id":"G-19","had_before":false,"old":"","op":"set_g_attr_fitness_kind"}}
{"v":1,"session":"desktop-5a9h5ko:b9ace3ea3b856f36","cmd":"add","ts":"2026-08-10T16:34:40Z","inv":{"id":"W-94","op":"rm_node"}}
{"v":1,"session":"desktop-5a9h5ko:b9ace3ea3b856f36","cmd":"add","ts":"2026-08-10T16:34:40Z","inv":{"id":"W-95","op":"rm_node"}}
{"v":1,"session":"desktop-5a9h5ko:b9ace3ea3b856f36","cmd":"set","ts":"2026-08-10T16:34:57Z","inv":{"id":"G-19","old":"","op":"set_g_attr_fitness"}}
{"v":1,"session":"desktop-5a9h5ko:b9ace3ea3b856f36","cmd":"set","ts":"2026-08-10T16:35:58Z","inv":{"id":"G-18","old":"","op":"set_g_attr_fitness"}}
{"v":1,"session":"desktop-5a9h5ko:b9ace3ea3b856f36","cmd":"field","ts":"2026-08-10T16:36:29Z","inv":{"id":"G-18","field":"fitness_target","value":"1","op":"field_restore_single"}}
{"v":1,"session":"desktop-5a9h5ko:b9ace3ea3b856f36","cmd":"fitness","ts":"2026-08-10T16:36:49Z","inv":{"had_key":false,"wid":"W-94","gid":"G-18","previous":null,"op":"restore_fitness_key"}}
{"v":1,"session":"desktop-5a9h5ko:b9ace3ea3b856f36","cmd":"fitness","ts":"2026-08-10T16:36:49Z","inv":{"had_key":false,"wid":"W-95","gid":"G-18","previous":null,"op":"restore_fitness_key"}}
{"v":1,"session":"desktop-5a9h5ko:b9ace3ea3b856f36","cmd":"field","ts":"2026-08-10T16:36:50Z","inv":{"id":"W-94","field":"hypothesis","op":"field_pop_last"}}
{"v":1,"session":"desktop-5a9h5ko:b9ace3ea3b856f36","cmd":"field","ts":"2026-08-10T16:36:50Z","inv":{"id":"W-94","field":"ac","op":"field_pop_last"}}
{"v":1,"session":"desktop-5a9h5ko:b9ace3ea3b856f36","cmd":"field","ts":"2026-08-10T16:36:50Z","inv":{"id":"W-94","field":"evidence_strategy","op":"field_pop_last"}}
{"v":1,"session":"desktop-5a9h5ko:b9ace3ea3b856f36","cmd":"field","ts":"2026-08-10T16:36:50Z","inv":{"id":"W-95","field":"hypothesis","op":"field_pop_last"}}
{"v":1,"session":"desktop-5a9h5ko:b9ace3ea3b856f36","cmd":"field","ts":"2026-08-10T16:36:50Z","inv":{"id":"W-95","field":"ac","op":"field_pop_last"}}
{"v":1,"session":"desktop-5a9h5ko:b9ace3ea3b856f36","cmd":"field","ts":"2026-08-10T16:36:50Z","inv":{"id":"W-95","field":"evidence_strategy","op":"field_pop_last"}}
{"v":1,"session":"desktop-5a9h5ko:b9ace3ea3b856f36","cmd":"add","ts":"2026-08-10T16:46:37Z","inv":{"id":"W-96","op":"rm_node"}}
{"v":1,"session":"desktop-5a9h5ko:b9ace3ea3b856f36","cmd":"fitness","ts":"2026-08-10T16:46:38Z","inv":{"had_key":false,"wid":"W-96","gid":"G-18","previous":null,"op":"restore_fitness_key"}}
{"v":1,"session":"desktop-5a9h5ko:b9ace3ea3b856f36","cmd":"field","ts":"2026-08-10T16:46:38Z","inv":{"id":"W-96","field":"hypothesis","op":"field_pop_last"}}
{"v":1,"session":"desktop-5a9h5ko:b9ace3ea3b856f36","cmd":"field","ts":"2026-08-10T16:46:38Z","inv":{"id":"W-96","field":"ac","op":"field_pop_last"}}
{"v":1,"session":"desktop-5a9h5ko:b9ace3ea3b856f36","cmd":"field","ts":"2026-08-10T16:46:38Z","inv":{"id":"W-96","field":"ac","op":"field_pop_last"}}
{"v":1,"session":"desktop-5a9h5ko:b9ace3ea3b856f36","cmd":"field","ts":"2026-08-10T16:46:38Z","inv":{"id":"W-96","field":"evidence_strategy","op":"field_pop_last"}}
{"v":1,"session":"mcp-21580-89019022","cmd":"field","ts":"2026-08-10T16:53:47Z","inv":{"id":"W-94","field":"repro","op":"field_pop_last"}}
{"v":1,"session":"mcp-21580-89019022","cmd":"field","ts":"2026-08-10T16:53:47Z","inv":{"id":"W-95","field":"repro","op":"field_pop_last"}}
{"v":1,"session":"mcp-21580-89019022","cmd":"field","ts":"2026-08-10T16:53:47Z","inv":{"id":"W-96","field":"repro","op":"field_pop_last"}}
{"v":1,"session":"mcp-21580-89019022","cmd":"field","ts":"2026-08-10T16:53:53Z","inv":{"id":"W-94","field":"repro","op":"field_pop_last"}}
{"v":1,"session":"mcp-21580-89019022","cmd":"set","ts":"2026-08-10T16:54:09Z","inv":{"had_session_at_before":false,"old_w_status":"proposed","had_session_before":false,"id":"W-94","op":"set_w_status_with_goals","goal_statuses":{"G-18":"unverified"},"old_session_at":"","old_session":""}}
{"v":1,"session":"mcp-21580-89019022","cmd":"set","ts":"2026-08-10T16:54:09Z","inv":{"had_session_at_before":false,"old_w_status":"proposed","had_session_before":false,"id":"W-95","op":"set_w_status_with_goals","goal_statuses":{"G-18":"unverified"},"old_session_at":"","old_session":""}}
{"v":1,"session":"mcp-21580-89019022","cmd":"set","ts":"2026-08-10T16:54:09Z","inv":{"had_session_at_before":false,"old_w_status":"proposed","had_session_before":false,"id":"W-96","op":"set_w_status_with_goals","goal_statuses":{"G-18":"unverified"},"old_session_at":"","old_session":""}}
{"v":1,"session":"mcp-21580-89019022","cmd":"set","ts":"2026-08-10T16:54:39Z","inv":{"had_session_at_before":false,"old_w_status":"ready","had_session_before":false,"id":"W-94","op":"set_w_status_with_goals","goal_statuses":{"G-18":"unverified"},"old_session_at":"","old_session":""}}
{"v":1,"session":"mcp-21580-89019022","cmd":"field","ts":"2026-08-10T17:18:25Z","inv":{"id":"W-94","field":"surface","op":"field_pop_last"}}
{"v":1,"session":"mcp-21580-89019022","cmd":"field","ts":"2026-08-10T17:18:25Z","inv":{"id":"W-94","field":"surface","op":"field_pop_last"}}
{"v":1,"session":"mcp-21580-89019022","cmd":"field","ts":"2026-08-10T17:18:25Z","inv":{"id":"W-94","field":"surface","op":"field_pop_last"}}
{"v":1,"session":"mcp-21580-89019022","cmd":"fitness","ts":"2026-08-10T17:18:25Z","inv":{"had_key":true,"wid":"W-94","gid":"G-18","previous":1,"op":"restore_fitness_key"}}
{"v":1,"session":"mcp-21580-89019022","cmd":"field","ts":"2026-08-10T17:40:27Z","inv":{"id":"W-94","field":"evidence","op":"field_pop_last"}}
{"v":1,"session":"mcp-21580-89019022","cmd":"field","ts":"2026-08-10T17:40:27Z","inv":{"id":"W-94","field":"evidence","op":"field_pop_last"}}
{"v":1,"session":"mcp-21580-89019022","cmd":"field","ts":"2026-08-10T17:40:27Z","inv":{"id":"W-94","field":"evidence","op":"field_pop_last"}}
{"v":1,"session":"mcp-21580-89019022","cmd":"set","ts":"2026-08-10T17:40:34Z","inv":{"had_session_at_before":true,"old_w_status":"progress","had_session_before":true,"id":"W-94","op":"set_w_status_with_goals","goal_statuses":{"G-18":"unverified"},"old_session_at":"2026-08-10T16:54:39Z","old_session":"mcp-21580-89019022"}}
{"v":1,"session":"mcp-21580-89019022","cmd":"set","ts":"2026-08-10T17:43:22Z","inv":{"had_session_at_before":false,"old_w_status":"ready","had_session_before":false,"id":"W-95","op":"set_w_status_with_goals","goal_statuses":{"G-18":"partial"},"old_session_at":"","old_session":""}}
{"v":1,"session":"mcp-21580-89019022","cmd":"field","ts":"2026-08-10T17:55:58Z","inv":{"line":"packages/core/src/cli.rs","id":"W-95","field":"surface","op":"field_insert_line","index":1}}
{"v":1,"session":"mcp-21580-89019022","cmd":"field","ts":"2026-08-10T17:56:15Z","inv":{"id":"W-95","field":"surface","op":"field_pop_last"}}
{"v":1,"session":"mcp-21580-89019022","cmd":"field","ts":"2026-08-10T17:56:15Z","inv":{"id":"W-95","field":"surface","op":"field_pop_last"}}
{"v":1,"session":"mcp-21580-89019022","cmd":"field","ts":"2026-08-10T17:56:15Z","inv":{"id":"W-95","field":"surface","op":"field_pop_last"}}
{"v":1,"session":"mcp-21580-89019022","cmd":"field","ts":"2026-08-10T17:56:15Z","inv":{"id":"W-95","field":"surface","op":"field_pop_last"}}
{"v":1,"session":"mcp-21580-89019022","cmd":"field","ts":"2026-08-10T17:56:15Z","inv":{"id":"W-95","field":"surface","op":"field_pop_last"}}
{"v":1,"session":"mcp-21580-89019022","cmd":"field","ts":"2026-08-10T18:19:41Z","inv":{"id":"W-95","field":"evidence","op":"field_pop_last"}}
{"v":1,"session":"mcp-21580-89019022","cmd":"field","ts":"2026-08-10T18:19:41Z","inv":{"id":"W-95","field":"evidence","op":"field_pop_last"}}
{"v":1,"session":"mcp-21580-89019022","cmd":"field","ts":"2026-08-10T18:19:41Z","inv":{"id":"W-95","field":"evidence","op":"field_pop_last"}}
{"v":1,"session":"mcp-21580-89019022","cmd":"fitness","ts":"2026-08-10T18:19:52Z","inv":{"had_key":true,"wid":"W-95","gid":"G-18","previous":1,"op":"restore_fitness_key"}}
{"v":1,"session":"mcp-21580-89019022","cmd":"set","ts":"2026-08-10T18:19:59Z","inv":{"had_session_at_before":true,"old_w_status":"progress","had_session_before":true,"id":"W-95","op":"set_w_status_with_goals","goal_statuses":{"G-18":"partial"},"old_session_at":"2026-08-10T17:43:22Z","old_session":"mcp-21580-89019022"}}
{"v":1,"session":"mcp-21580-89019022","cmd":"set","ts":"2026-08-10T18:21:41Z","inv":{"had_session_at_before":false,"old_w_status":"ready","had_session_before":false,"id":"W-96","op":"set_w_status_with_goals","goal_statuses":{"G-18":"partial"},"old_session_at":"","old_session":""}}
{"v":1,"session":"mcp-21580-89019022","cmd":"field","ts":"2026-08-10T18:44:02Z","inv":{"line":"packages/core/src/cli.rs","id":"W-96","field":"surface","op":"field_insert_line","index":1}}
{"v":1,"session":"mcp-21580-89019022","cmd":"field","ts":"2026-08-10T18:44:10Z","inv":{"id":"W-96","field":"surface","op":"field_pop_last"}}
{"v":1,"session":"desktop-5a9h5ko:b9ace3ea3b856f36","cmd":"undo","ts":"2026-08-10T18:45:36Z","inv":{"steps":1,"op":"undo"}}
{"v":1,"session":"mcp-21580-89019022","cmd":"field","ts":"2026-08-10T19:10:04Z","inv":{"id":"W-96","field":"evidence","op":"field_pop_last"}}
{"v":1,"session":"mcp-21580-89019022","cmd":"field","ts":"2026-08-10T19:10:14Z","inv":{"id":"W-96","field":"evidence","op":"field_pop_last"}}
{"v":1,"session":"mcp-21580-89019022","cmd":"field","ts":"2026-08-10T19:10:21Z","inv":{"id":"W-96","field":"evidence","op":"field_pop_last"}}
{"v":1,"session":"mcp-21580-89019022","cmd":"fitness","ts":"2026-08-10T19:10:28Z","inv":{"had_key":true,"wid":"W-96","gid":"G-18","previous":1,"op":"restore_fitness_key"}}
{"v":1,"session":"mcp-21580-89019022","cmd":"set","ts":"2026-08-10T19:10:35Z","inv":{"had_session_at_before":true,"old_w_status":"progress","had_session_before":true,"id":"W-96","op":"set_w_status_with_goals","goal_statuses":{"G-18":"partial"},"old_session_at":"2026-08-10T18:21:41Z","old_session":"mcp-21580-89019022"}}
{"v":1,"session":"mcp-21580-89019022","cmd":"distill","ts":"2026-08-10T19:14:12Z","inv":{"goal":"G-18","op":"distill","empty":true}}
{"v":1,"session":"mcp-21580-89019022","cmd":"archive","ts":"2026-08-10T19:14:33Z","inv":{"ids":["G-18","W-94","W-95","W-96"],"id":"G-18","op":"archive"}}
{"v":1,"session":"mcp-2432-89019022","cmd":"field","ts":"2026-08-10T20:17:28Z","inv":{"id":"W-91","field":"repro","op":"field_pop_last"}}
{"v":1,"session":"mcp-2432-89019022","cmd":"set","ts":"2026-08-10T20:17:37Z","inv":{"had_session_at_before":false,"old_w_status":"proposed","had_session_before":false,"id":"W-91","op":"set_w_status_with_goals","goal_statuses":{"G-19":"unverified"},"old_session_at":"","old_session":""}}
{"v":1,"session":"mcp-2432-89019022","cmd":"set","ts":"2026-08-10T20:17:49Z","inv":{"had_session_at_before":false,"old_w_status":"ready","had_session_before":false,"id":"W-91","op":"set_w_status_with_goals","goal_statuses":{"G-19":"unverified"},"old_session_at":"","old_session":""}}
{"v":1,"session":"mcp-2432-89019022","cmd":"field","ts":"2026-08-10T20:21:02Z","inv":{"id":"W-91","field":"evidence","op":"field_pop_last"}}
{"v":1,"session":"mcp-2432-89019022","cmd":"set","ts":"2026-08-10T20:21:07Z","inv":{"had_session_at_before":true,"old_w_status":"progress","had_session_before":true,"id":"W-91","op":"set_w_status_with_goals","goal_statuses":{"G-19":"unverified"},"old_session_at":"2026-08-10T20:17:49Z","old_session":"mcp-2432-89019022"}}
{"v":1,"session":"mcp-2432-89019022","cmd":"field","ts":"2026-08-10T20:21:20Z","inv":{"id":"W-92","field":"repro","op":"field_pop_last"}}
{"v":1,"session":"mcp-2432-89019022","cmd":"set","ts":"2026-08-10T20:21:26Z","inv":{"had_session_at_before":false,"old_w_status":"proposed","had_session_before":false,"id":"W-92","op":"set_w_status_with_goals","goal_statuses":{"G-19":"partial"},"old_session_at":"","old_session":""}}
{"v":1,"session":"mcp-2432-89019022","cmd":"set","ts":"2026-08-10T20:21:26Z","inv":{"had_session_at_before":false,"old_w_status":"ready","had_session_before":false,"id":"W-92","op":"set_w_status_with_goals","goal_statuses":{"G-19":"partial"},"old_session_at":"","old_session":""}}
{"v":1,"session":"mcp-2432-89019022","cmd":"field","ts":"2026-08-10T20:23:36Z","inv":{"id":"W-92","field":"evidence","op":"field_pop_last"}}
{"v":1,"session":"mcp-2432-89019022","cmd":"set","ts":"2026-08-10T20:23:41Z","inv":{"had_session_at_before":true,"old_w_status":"progress","had_session_before":true,"id":"W-92","op":"set_w_status_with_goals","goal_statuses":{"G-19":"partial"},"old_session_at":"2026-08-10T20:21:26Z","old_session":"mcp-2432-89019022"}}
{"v":1,"session":"mcp-2432-89019022","cmd":"field","ts":"2026-08-10T20:23:47Z","inv":{"id":"W-93","field":"repro","op":"field_pop_last"}}
{"v":1,"session":"mcp-2432-89019022","cmd":"set","ts":"2026-08-10T20:23:55Z","inv":{"had_session_at_before":false,"old_w_status":"proposed","had_session_before":false,"id":"W-93","op":"set_w_status_with_goals","goal_statuses":{"G-19":"partial"},"old_session_at":"","old_session":""}}
{"v":1,"session":"mcp-2432-89019022","cmd":"set","ts":"2026-08-10T20:23:55Z","inv":{"had_session_at_before":false,"old_w_status":"ready","had_session_before":false,"id":"W-93","op":"set_w_status_with_goals","goal_statuses":{"G-19":"partial"},"old_session_at":"","old_session":""}}
{"v":1,"session":"mcp-2432-89019022","cmd":"field","ts":"2026-08-10T20:25:08Z","inv":{"id":"W-93","field":"evidence","op":"field_pop_last"}}
{"v":1,"session":"mcp-2432-89019022","cmd":"set","ts":"2026-08-10T20:25:14Z","inv":{"had_session_at_before":true,"old_w_status":"progress","had_session_before":true,"id":"W-93","op":"set_w_status_with_goals","goal_statuses":{"G-19":"partial"},"old_session_at":"2026-08-10T20:23:55Z","old_session":"mcp-2432-89019022"}}
{"v":1,"session":"desktop-5a9h5ko:b9ace3ea3b856f36","cmd":"distill","ts":"2026-08-10T21:10:00Z","inv":{"goal":"G-19","op":"distill","empty":true}}
{"v":1,"session":"desktop-5a9h5ko:b9ace3ea3b856f36","cmd":"archive","ts":"2026-08-10T21:10:14Z","inv":{"ids":["G-19","W-91","W-92","W-93"],"id":"G-19","op":"archive"}}
{"v":1,"session":"mcp-23708-89019022","cmd":"add","ts":"2026-08-10T19:52:01Z","inv":{"id":"G-20","op":"rm_node"}}
{"v":1,"session":"mcp-23708-89019022","cmd":"add","ts":"2026-08-10T19:52:12Z","inv":{"id":"W-97","op":"rm_node"}}
{"v":1,"session":"mcp-23708-89019022","cmd":"add","ts":"2026-08-10T19:52:12Z","inv":{"id":"W-98","op":"rm_node"}}
{"v":1,"session":"mcp-23708-89019022","cmd":"field","ts":"2026-08-10T19:52:33Z","inv":{"id":"W-97","field":"ac","op":"field_pop_last"}}
{"v":1,"session":"mcp-23708-89019022","cmd":"field","ts":"2026-08-10T19:52:33Z","inv":{"id":"W-97","field":"ac","op":"field_pop_last"}}
{"v":1,"session":"mcp-23708-89019022","cmd":"field","ts":"2026-08-10T19:52:42Z","inv":{"id":"W-97","field":"repro","op":"field_pop_last"}}
{"v":1,"session":"mcp-23708-89019022","cmd":"field","ts":"2026-08-10T19:52:42Z","inv":{"id":"W-97","field":"hypothesis","op":"field_pop_last"}}
{"v":1,"session":"mcp-23708-89019022","cmd":"field","ts":"2026-08-10T19:52:48Z","inv":{"id":"W-97","field":"evidence_strategy","op":"field_pop_last"}}
{"v":1,"session":"mcp-23708-89019022","cmd":"fitness","ts":"2026-08-10T19:52:48Z","inv":{"had_key":false,"wid":"W-97","gid":"G-20","previous":null,"op":"restore_fitness_key"}}
{"v":1,"session":"mcp-23708-89019022","cmd":"field","ts":"2026-08-10T19:52:55Z","inv":{"id":"W-98","field":"ac","op":"field_pop_last"}}
{"v":1,"session":"mcp-23708-89019022","cmd":"field","ts":"2026-08-10T19:52:55Z","inv":{"id":"W-98","field":"ac","op":"field_pop_last"}}
{"v":1,"session":"mcp-23708-89019022","cmd":"field","ts":"2026-08-10T19:53:07Z","inv":{"id":"W-98","field":"hypothesis","op":"field_pop_last"}}
{"v":1,"session":"mcp-23708-89019022","cmd":"field","ts":"2026-08-10T19:53:07Z","inv":{"id":"W-98","field":"evidence_strategy","op":"field_pop_last"}}
{"v":1,"session":"mcp-23708-89019022","cmd":"fitness","ts":"2026-08-10T19:53:07Z","inv":{"had_key":false,"wid":"W-98","gid":"G-20","previous":null,"op":"restore_fitness_key"}}
{"v":1,"session":"mcp-23708-89019022","cmd":"set","ts":"2026-08-10T19:53:40Z","inv":{"had_session_at_before":false,"old_w_status":"proposed","had_session_before":false,"id":"W-97","op":"set_w_status_with_goals","goal_statuses":{"G-20":"unverified"},"old_session_at":"","old_session":""}}
{"v":1,"session":"mcp-23708-89019022","cmd":"set","ts":"2026-08-10T19:53:40Z","inv":{"had_session_at_before":false,"old_w_status":"ready","had_session_before":false,"id":"W-97","op":"set_w_status_with_goals","goal_statuses":{"G-20":"unverified"},"old_session_at":"","old_session":""}}
{"v":1,"session":"mcp-23708-89019022","cmd":"field","ts":"2026-08-10T19:59:59Z","inv":{"id":"W-97","field":"evidence","op":"field_pop_last"}}
{"v":1,"session":"mcp-23708-89019022","cmd":"set","ts":"2026-08-10T20:00:58Z","inv":{"had_session_at_before":true,"old_w_status":"progress","had_session_before":true,"id":"W-97","op":"set_w_status_with_goals","goal_statuses":{"G-20":"unverified"},"old_session_at":"2026-08-10T19:53:40Z","old_session":"mcp-23708-89019022"}}
{"v":1,"session":"mcp-23708-89019022","cmd":"set","ts":"2026-08-10T20:00:58Z","inv":{"had_session_at_before":false,"old_w_status":"proposed","had_session_before":false,"id":"W-98","op":"set_w_status_with_goals","goal_statuses":{"G-20":"partial"},"old_session_at":"","old_session":""}}
{"v":1,"session":"mcp-23708-89019022","cmd":"set","ts":"2026-08-10T20:01:59Z","inv":{"had_session_at_before":false,"old_w_status":"ready","had_session_before":false,"id":"W-98","op":"set_w_status_with_goals","goal_statuses":{"G-20":"partial"},"old_session_at":"","old_session":""}}
{"v":1,"session":"mcp-23708-89019022","cmd":"field","ts":"2026-08-10T20:08:45Z","inv":{"id":"W-98","field":"evidence","op":"field_pop_last"}}
{"v":1,"session":"mcp-23708-89019022","cmd":"set","ts":"2026-08-10T20:09:14Z","inv":{"had_session_at_before":true,"old_w_status":"progress","had_session_before":true,"id":"W-98","op":"set_w_status_with_goals","goal_statuses":{"G-20":"partial"},"old_session_at":"2026-08-10T20:01:59Z","old_session":"mcp-23708-89019022"}}
{"v":1,"session":"mcp-23708-89019022","cmd":"add","ts":"2026-08-10T20:12:04Z","inv":{"id":"Y-08","op":"rm_node"}}
{"v":1,"session":"mcp-23708-89019022","cmd":"set","ts":"2026-08-10T20:13:36Z","inv":{"old_status":"proposed","id":"Y-08","op":"set_status_plain"}}
{"v":1,"session":"mcp-23708-89019022","cmd":"archive","ts":"2026-08-10T20:13:52Z","inv":{"ids":["G-20","W-97","W-98"],"id":"G-20","op":"archive"}}
{"v":1,"session":"mcp-14592-89019022","cmd":"add","ts":"2026-08-17T06:05:26Z","inv":{"id":"G-21","op":"rm_node"}}
{"v":1,"session":"mcp-14592-89019022","cmd":"add","ts":"2026-08-17T06:05:26Z","inv":{"id":"G-22","op":"rm_node"}}
{"v":1,"session":"mcp-14592-89019022","cmd":"add","ts":"2026-08-17T06:05:26Z","inv":{"id":"G-23","op":"rm_node"}}
{"v":1,"session":"mcp-14592-89019022","cmd":"add","ts":"2026-08-17T06:05:26Z","inv":{"id":"G-24","op":"rm_node"}}
{"v":1,"session":"desktop-5a9h5ko:b9ace3ea3b856f36","cmd":"add","ts":"2026-08-17T06:12:00Z","inv":{"id":"W-99","op":"rm_node"}}
{"v":1,"session":"desktop-5a9h5ko:b9ace3ea3b856f36","cmd":"field","ts":"2026-08-17T06:12:09Z","inv":{"id":"W-99","field":"repro","op":"field_pop_last"}}
{"v":1,"session":"desktop-5a9h5ko:b9ace3ea3b856f36","cmd":"field","ts":"2026-08-17T06:12:18Z","inv":{"id":"W-99","field":"repro","op":"field_pop_last"}}
{"v":1,"session":"desktop-5a9h5ko:b9ace3ea3b856f36","cmd":"field","ts":"2026-08-17T06:12:27Z","inv":{"id":"W-99","field":"ac","op":"field_pop_last"}}
{"v":1,"session":"desktop-5a9h5ko:b9ace3ea3b856f36","cmd":"field","ts":"2026-08-17T06:12:36Z","inv":{"id":"W-99","field":"ac","op":"field_pop_last"}}
{"v":1,"session":"desktop-5a9h5ko:b9ace3ea3b856f36","cmd":"field","ts":"2026-08-17T06:12:44Z","inv":{"id":"W-99","field":"ac","op":"field_pop_last"}}
{"v":1,"session":"desktop-5a9h5ko:b9ace3ea3b856f36","cmd":"field","ts":"2026-08-17T06:12:52Z","inv":{"id":"W-99","field":"ac","op":"field_pop_last"}}
{"v":1,"session":"desktop-5a9h5ko:b9ace3ea3b856f36","cmd":"field","ts":"2026-08-17T06:13:00Z","inv":{"id":"W-99","field":"evidence_strategy","op":"field_pop_last"}}
{"v":1,"session":"desktop-5a9h5ko:b9ace3ea3b856f36","cmd":"fitness","ts":"2026-08-17T06:13:07Z","inv":{"had_key":false,"wid":"W-99","gid":"G-21","previous":null,"op":"restore_fitness_key"}}
{"v":1,"session":"desktop-5a9h5ko:b9ace3ea3b856f36","cmd":"set","ts":"2026-08-17T06:13:18Z","inv":{"had_session_at_before":false,"old_w_status":"proposed","had_session_before":false,"id":"W-99","op":"set_w_status_with_goals","goal_statuses":{"G-21":"unverified"},"old_session_at":"","old_session":""}}
{"v":1,"session":"desktop-5a9h5ko:b9ace3ea3b856f36","cmd":"add","ts":"2026-08-17T06:14:00Z","inv":{"id":"W-100","op":"rm_node"}}
{"v":1,"session":"desktop-5a9h5ko:b9ace3ea3b856f36","cmd":"field","ts":"2026-08-17T06:14:09Z","inv":{"id":"W-100","field":"repro","op":"field_pop_last"}}
{"v":1,"session":"desktop-5a9h5ko:b9ace3ea3b856f36","cmd":"field","ts":"2026-08-17T06:14:17Z","inv":{"id":"W-100","field":"ac","op":"field_pop_last"}}
{"v":1,"session":"desktop-5a9h5ko:b9ace3ea3b856f36","cmd":"field","ts":"2026-08-17T06:14:26Z","inv":{"id":"W-100","field":"ac","op":"field_pop_last"}}
{"v":1,"session":"desktop-5a9h5ko:b9ace3ea3b856f36","cmd":"field","ts":"2026-08-17T06:14:34Z","inv":{"id":"W-100","field":"ac","op":"field_pop_last"}}
{"v":1,"session":"desktop-5a9h5ko:b9ace3ea3b856f36","cmd":"field","ts":"2026-08-17T06:14:42Z","inv":{"id":"W-100","field":"evidence_strategy","op":"field_pop_last"}}
{"v":1,"session":"desktop-5a9h5ko:b9ace3ea3b856f36","cmd":"fitness","ts":"2026-08-17T06:14:50Z","inv":{"had_key":false,"wid":"W-100","gid":"G-22","previous":null,"op":"restore_fitness_key"}}
{"v":1,"session":"desktop-5a9h5ko:b9ace3ea3b856f36","cmd":"set","ts":"2026-08-17T06:14:59Z","inv":{"had_session_at_before":false,"old_w_status":"proposed","had_session_before":false,"id":"W-100","op":"set_w_status_with_goals","goal_statuses":{"G-22":"unverified"},"old_session_at":"","old_session":""}}
{"v":1,"session":"desktop-5a9h5ko:b9ace3ea3b856f36","cmd":"add","ts":"2026-08-17T06:15:07Z","inv":{"id":"W-101","op":"rm_node"}}
{"v":1,"session":"desktop-5a9h5ko:b9ace3ea3b856f36","cmd":"field","ts":"2026-08-17T06:15:15Z","inv":{"id":"W-101","field":"repro","op":"field_pop_last"}}
{"v":1,"session":"desktop-5a9h5ko:b9ace3ea3b856f36","cmd":"field","ts":"2026-08-17T06:15:24Z","inv":{"id":"W-101","field":"ac","op":"field_pop_last"}}
{"v":1,"session":"desktop-5a9h5ko:b9ace3ea3b856f36","cmd":"field","ts":"2026-08-17T06:15:34Z","inv":{"id":"W-101","field":"ac","op":"field_pop_last"}}
{"v":1,"session":"desktop-5a9h5ko:b9ace3ea3b856f36","cmd":"field","ts":"2026-08-17T06:15:44Z","inv":{"id":"W-101","field":"ac","op":"field_pop_last"}}
{"v":1,"session":"desktop-5a9h5ko:b9ace3ea3b856f36","cmd":"field","ts":"2026-08-17T06:15:52Z","inv":{"id":"W-101","field":"evidence_strategy","op":"field_pop_last"}}
{"v":1,"session":"desktop-5a9h5ko:b9ace3ea3b856f36","cmd":"fitness","ts":"2026-08-17T06:15:59Z","inv":{"had_key":false,"wid":"W-101","gid":"G-23","previous":null,"op":"restore_fitness_key"}}
{"v":1,"session":"desktop-5a9h5ko:b9ace3ea3b856f36","cmd":"set","ts":"2026-08-17T06:16:09Z","inv":{"had_session_at_before":false,"old_w_status":"proposed","had_session_before":false,"id":"W-101","op":"set_w_status_with_goals","goal_statuses":{"G-23":"unverified"},"old_session_at":"","old_session":""}}
{"v":1,"session":"desktop-5a9h5ko:b9ace3ea3b856f36","cmd":"add","ts":"2026-08-17T06:16:17Z","inv":{"id":"W-102","op":"rm_node"}}
{"v":1,"session":"desktop-5a9h5ko:b9ace3ea3b856f36","cmd":"field","ts":"2026-08-17T06:16:25Z","inv":{"id":"W-102","field":"repro","op":"field_pop_last"}}
{"v":1,"session":"desktop-5a9h5ko:b9ace3ea3b856f36","cmd":"field","ts":"2026-08-17T06:16:33Z","inv":{"id":"W-102","field":"ac","op":"field_pop_last"}}
{"v":1,"session":"desktop-5a9h5ko:b9ace3ea3b856f36","cmd":"field","ts":"2026-08-17T06:16:41Z","inv":{"id":"W-102","field":"ac","op":"field_pop_last"}}
{"v":1,"session":"desktop-5a9h5ko:b9ace3ea3b856f36","cmd":"field","ts":"2026-08-17T06:16:49Z","inv":{"id":"W-102","field":"ac","op":"field_pop_last"}}
{"v":1,"session":"desktop-5a9h5ko:b9ace3ea3b856f36","cmd":"field","ts":"2026-08-17T06:16:57Z","inv":{"id":"W-102","field":"evidence_strategy","op":"field_pop_last"}}
{"v":1,"session":"desktop-5a9h5ko:b9ace3ea3b856f36","cmd":"fitness","ts":"2026-08-17T06:17:04Z","inv":{"had_key":false,"wid":"W-102","gid":"G-24","previous":null,"op":"restore_fitness_key"}}
{"v":1,"session":"desktop-5a9h5ko:b9ace3ea3b856f36","cmd":"set","ts":"2026-08-17T06:17:14Z","inv":{"had_session_at_before":false,"old_w_status":"proposed","had_session_before":false,"id":"W-102","op":"set_w_status_with_goals","goal_statuses":{"G-24":"unverified"},"old_session_at":"","old_session":""}}
{"v":1,"session":"mcp-14592-89019022","cmd":"set","ts":"2026-08-17T06:18:22Z","inv":{"had_session_at_before":false,"old_w_status":"ready","had_session_before":false,"id":"W-99","op":"set_w_status_with_goals","goal_statuses":{"G-21":"unverified"},"old_session_at":"","old_session":""}}
{"v":1,"session":"mcp-14592-89019022","cmd":"field","ts":"2026-08-17T06:23:20Z","inv":{"id":"W-99","field":"evidence","op":"field_pop_last"}}
{"v":1,"session":"mcp-14592-89019022","cmd":"set","ts":"2026-08-17T06:23:26Z","inv":{"had_session_at_before":true,"old_w_status":"progress","had_session_before":true,"id":"W-99","op":"set_w_status_with_goals","goal_statuses":{"G-21":"unverified"},"old_session_at":"2026-08-17T06:18:22Z","old_session":"mcp-14592-89019022"}}
{"v":1,"session":"mcp-14592-89019022","cmd":"set","ts":"2026-08-17T06:28:38Z","inv":{"had_session_at_before":false,"old_w_status":"ready","had_session_before":false,"id":"W-100","op":"set_w_status_with_goals","goal_statuses":{"G-22":"unverified"},"old_session_at":"","old_session":""}}
{"v":1,"session":"mcp-14592-89019022","cmd":"field","ts":"2026-08-17T06:32:05Z","inv":{"id":"W-100","field":"evidence","op":"field_pop_last"}}
{"v":1,"session":"mcp-14592-89019022","cmd":"set","ts":"2026-08-17T06:32:15Z","inv":{"had_session_at_before":true,"old_w_status":"progress","had_session_before":true,"id":"W-100","op":"set_w_status_with_goals","goal_statuses":{"G-22":"unverified"},"old_session_at":"2026-08-17T06:28:38Z","old_session":"mcp-14592-89019022"}}
{"v":1,"session":"mcp-14592-89019022","cmd":"set","ts":"2026-08-17T06:33:03Z","inv":{"had_session_at_before":false,"old_w_status":"ready","had_session_before":false,"id":"W-101","op":"set_w_status_with_goals","goal_statuses":{"G-23":"unverified"},"old_session_at":"","old_session":""}}
{"v":1,"session":"mcp-14592-89019022","cmd":"field","ts":"2026-08-17T06:37:46Z","inv":{"id":"W-101","field":"evidence","op":"field_pop_last"}}
{"v":1,"session":"mcp-14592-89019022","cmd":"set","ts":"2026-08-17T06:37:59Z","inv":{"had_session_at_before":true,"old_w_status":"progress","had_session_before":true,"id":"W-101","op":"set_w_status_with_goals","goal_statuses":{"G-23":"unverified"},"old_session_at":"2026-08-17T06:33:03Z","old_session":"mcp-14592-89019022"}}
{"v":1,"session":"mcp-14592-89019022","cmd":"set","ts":"2026-08-17T06:38:20Z","inv":{"had_session_at_before":false,"old_w_status":"ready","had_session_before":false,"id":"W-102","op":"set_w_status_with_goals","goal_statuses":{"G-24":"unverified"},"old_session_at":"","old_session":""}}
{"v":1,"session":"mcp-14592-89019022","cmd":"field","ts":"2026-08-17T06:43:23Z","inv":{"id":"W-102","field":"evidence","op":"field_pop_last"}}
{"v":1,"session":"mcp-14592-89019022","cmd":"set","ts":"2026-08-17T06:43:35Z","inv":{"had_session_at_before":true,"old_w_status":"progress","had_session_before":true,"id":"W-102","op":"set_w_status_with_goals","goal_statuses":{"G-24":"unverified"},"old_session_at":"2026-08-17T06:38:20Z","old_session":"mcp-14592-89019022"}}
{"v":1,"session":"mcp-896-89019022","cmd":"add","ts":"2026-08-17T10:50:04Z","inv":{"id":"A-07","op":"rm_node"}}
{"v":1,"session":"mcp-896-89019022","cmd":"add","ts":"2026-08-17T10:50:14Z","inv":{"id":"G-25","op":"rm_node"}}
{"v":1,"session":"mcp-896-89019022","cmd":"add","ts":"2026-08-17T10:50:14Z","inv":{"id":"D-12","op":"rm_node"}}
{"v":1,"session":"mcp-896-89019022","cmd":"add","ts":"2026-08-17T10:50:14Z","inv":{"id":"Q-05","op":"rm_node"}}
{"v":1,"session":"mcp-896-89019022","cmd":"add","ts":"2026-08-17T10:50:14Z","inv":{"id":"B-05","op":"rm_node"}}
{"v":1,"session":"mcp-896-89019022","cmd":"field","ts":"2026-08-17T10:50:45Z","inv":{"id":"D-12","field":"context","op":"field_pop_last"}}
{"v":1,"session":"mcp-896-89019022","cmd":"field","ts":"2026-08-17T10:50:45Z","inv":{"id":"D-12","field":"options","op":"field_pop_last"}}
{"v":1,"session":"mcp-896-89019022","cmd":"field","ts":"2026-08-17T10:50:45Z","inv":{"id":"D-12","field":"decision","op":"field_pop_last"}}
{"v":1,"session":"mcp-896-89019022","cmd":"field","ts":"2026-08-17T10:50:45Z","inv":{"id":"D-12","field":"consequences","op":"field_pop_last"}}
{"v":1,"session":"mcp-896-89019022","cmd":"field","ts":"2026-08-17T10:50:45Z","inv":{"id":"D-12","field":"validation","op":"field_pop_last"}}
{"v":1,"session":"mcp-896-89019022","cmd":"field","ts":"2026-08-17T10:50:45Z","inv":{"id":"Q-05","field":"why","op":"field_pop_last"}}
{"v":1,"session":"mcp-896-89019022","cmd":"field","ts":"2026-08-17T10:51:20Z","inv":{"id":"B-05","field":"vm","op":"field_pop_last"}}
{"v":1,"session":"mcp-896-89019022","cmd":"field","ts":"2026-08-17T10:51:20Z","inv":{"id":"B-05","field":"threshold","op":"field_pop_last"}}
{"v":1,"session":"mcp-896-89019022","cmd":"set","ts":"2026-08-17T10:51:21Z","inv":{"old_status":"proposed","id":"D-12","op":"set_status_plain"}}
{"v":1,"session":"mcp-896-89019022","cmd":"add","ts":"2026-08-17T10:51:35Z","inv":{"id":"W-103","op":"rm_node"}}
{"v":1,"session":"mcp-896-89019022","cmd":"add","ts":"2026-08-17T10:51:35Z","inv":{"id":"W-104","op":"rm_node"}}
{"v":1,"session":"mcp-896-89019022","cmd":"add","ts":"2026-08-17T10:51:35Z","inv":{"id":"W-105","op":"rm_node"}}
{"v":1,"session":"mcp-896-89019022","cmd":"add","ts":"2026-08-17T10:51:35Z","inv":{"id":"W-106","op":"rm_node"}}
{"v":1,"session":"mcp-896-89019022","cmd":"field","ts":"2026-08-17T10:52:23Z","inv":{"id":"W-103","field":"ac","op":"field_pop_last"}}
{"v":1,"session":"mcp-896-89019022","cmd":"field","ts":"2026-08-17T10:52:23Z","inv":{"id":"W-103","field":"ac","op":"field_pop_last"}}
{"v":1,"session":"mcp-896-89019022","cmd":"field","ts":"2026-08-17T10:52:23Z","inv":{"id":"W-103","field":"hypothesis","op":"field_pop_last"}}
{"v":1,"session":"mcp-896-89019022","cmd":"field","ts":"2026-08-17T10:52:23Z","inv":{"id":"W-103","field":"evidence_strategy","op":"field_pop_last"}}
{"v":1,"session":"mcp-896-89019022","cmd":"field","ts":"2026-08-17T10:52:23Z","inv":{"id":"W-104","field":"ac","op":"field_pop_last"}}
{"v":1,"session":"mcp-896-89019022","cmd":"field","ts":"2026-08-17T10:52:23Z","inv":{"id":"W-104","field":"ac","op":"field_pop_last"}}
{"v":1,"session":"mcp-896-89019022","cmd":"field","ts":"2026-08-17T10:52:23Z","inv":{"id":"W-104","field":"ac","op":"field_pop_last"}}
{"v":1,"session":"mcp-896-89019022","cmd":"field","ts":"2026-08-17T10:52:23Z","inv":{"id":"W-104","field":"hypothesis","op":"field_pop_last"}}
{"v":1,"session":"mcp-896-89019022","cmd":"field","ts":"2026-08-17T10:52:23Z","inv":{"id":"W-104","field":"evidence_strategy","op":"field_pop_last"}}
{"v":1,"session":"mcp-896-89019022","cmd":"field","ts":"2026-08-17T10:52:52Z","inv":{"id":"W-105","field":"ac","op":"field_pop_last"}}
{"v":1,"session":"mcp-896-89019022","cmd":"field","ts":"2026-08-17T10:52:52Z","inv":{"id":"W-105","field":"ac","op":"field_pop_last"}}
{"v":1,"session":"mcp-896-89019022","cmd":"field","ts":"2026-08-17T10:52:52Z","inv":{"id":"W-105","field":"ac","op":"field_pop_last"}}
{"v":1,"session":"mcp-896-89019022","cmd":"field","ts":"2026-08-17T10:52:52Z","inv":{"id":"W-105","field":"hypothesis","op":"field_pop_last"}}
{"v":1,"session":"mcp-896-89019022","cmd":"field","ts":"2026-08-17T10:52:52Z","inv":{"id":"W-105","field":"evidence_strategy","op":"field_pop_last"}}
{"v":1,"session":"mcp-896-89019022","cmd":"field","ts":"2026-08-17T10:52:52Z","inv":{"id":"W-106","field":"ac","op":"field_pop_last"}}
{"v":1,"session":"mcp-896-89019022","cmd":"field","ts":"2026-08-17T10:52:52Z","inv":{"id":"W-106","field":"ac","op":"field_pop_last"}}
{"v":1,"session":"mcp-896-89019022","cmd":"field","ts":"2026-08-17T10:52:52Z","inv":{"id":"W-106","field":"ac","op":"field_pop_last"}}
{"v":1,"session":"mcp-896-89019022","cmd":"field","ts":"2026-08-17T10:52:52Z","inv":{"id":"W-106","field":"ac","op":"field_pop_last"}}
{"v":1,"session":"mcp-896-89019022","cmd":"field","ts":"2026-08-17T10:52:52Z","inv":{"id":"W-106","field":"hypothesis","op":"field_pop_last"}}
{"v":1,"session":"mcp-896-89019022","cmd":"field","ts":"2026-08-17T10:52:52Z","inv":{"id":"W-106","field":"evidence_strategy","op":"field_pop_last"}}
{"v":1,"session":"mcp-896-89019022","cmd":"link","ts":"2026-08-17T10:53:14Z","inv":{"label":"blocks","to":"W-104","op":"unlink_edge","from":"W-103"}}
{"v":1,"session":"mcp-896-89019022","cmd":"link","ts":"2026-08-17T10:53:14Z","inv":{"label":"blocks","to":"W-105","op":"unlink_edge","from":"W-103"}}
{"v":1,"session":"mcp-896-89019022","cmd":"link","ts":"2026-08-17T10:53:14Z","inv":{"label":"blocks","to":"W-106","op":"unlink_edge","from":"W-104"}}
{"v":1,"session":"mcp-896-89019022","cmd":"link","ts":"2026-08-17T10:53:14Z","inv":{"label":"blocks","to":"W-106","op":"unlink_edge","from":"W-105"}}
{"v":1,"session":"mcp-896-89019022","cmd":"link","ts":"2026-08-17T10:53:14Z","inv":{"label":"asks","to":"W-103","op":"unlink_edge","from":"Q-05"}}
{"v":1,"session":"mcp-896-89019022","cmd":"link","ts":"2026-08-17T10:53:14Z","inv":{"label":"targets","to":"W-106","op":"unlink_edge","from":"B-05"}}
{"v":1,"session":"mcp-896-89019022","cmd":"link","ts":"2026-08-17T10:53:14Z","inv":{"label":"implements","to":"D-12","op":"unlink_edge","from":"W-103"}}
{"v":1,"session":"mcp-896-89019022","cmd":"link","ts":"2026-08-17T10:53:14Z","inv":{"label":"implements","to":"D-12","op":"unlink_edge","from":"W-104"}}
{"v":1,"session":"mcp-896-89019022","cmd":"link","ts":"2026-08-17T10:53:14Z","inv":{"label":"implements","to":"D-12","op":"unlink_edge","from":"W-105"}}
{"v":1,"session":"mcp-896-89019022","cmd":"link","ts":"2026-08-17T10:53:14Z","inv":{"label":"implements","to":"D-12","op":"unlink_edge","from":"W-106"}}
{"v":1,"session":"mcp-896-89019022","cmd":"fitness","ts":"2026-08-17T10:53:14Z","inv":{"had_key":false,"wid":"W-103","gid":"G-25","previous":null,"op":"restore_fitness_key"}}
{"v":1,"session":"mcp-896-89019022","cmd":"fitness","ts":"2026-08-17T10:53:14Z","inv":{"had_key":false,"wid":"W-104","gid":"G-25","previous":null,"op":"restore_fitness_key"}}
{"v":1,"session":"mcp-896-89019022","cmd":"fitness","ts":"2026-08-17T10:53:14Z","inv":{"had_key":false,"wid":"W-105","gid":"G-25","previous":null,"op":"restore_fitness_key"}}
{"v":1,"session":"mcp-896-89019022","cmd":"fitness","ts":"2026-08-17T10:53:14Z","inv":{"had_key":false,"wid":"W-106","gid":"G-25","previous":null,"op":"restore_fitness_key"}}
{"v":1,"session":"mcp-896-89019022","cmd":"field","ts":"2026-08-17T11:01:47Z","inv":{"id":"Q-05","field":"outcome","op":"field_pop_last"}}
{"v":1,"session":"mcp-896-89019022","cmd":"field","ts":"2026-08-17T11:01:47Z","inv":{"id":"Q-05","field":"outcome","op":"field_pop_last"}}
{"v":1,"session":"mcp-896-89019022","cmd":"field","ts":"2026-08-17T11:01:47Z","inv":{"id":"Q-05","field":"outcome","op":"field_pop_last"}}
{"v":1,"session":"mcp-896-89019022","cmd":"field","ts":"2026-08-17T11:01:47Z","inv":{"id":"Q-05","field":"outcome","op":"field_pop_last"}}
{"v":1,"session":"mcp-896-89019022","cmd":"set","ts":"2026-08-17T11:01:54Z","inv":{"old_status":"open","id":"Q-05","op":"set_status_plain"}}
{"v":1,"session":"mcp-896-89019022","cmd":"set","ts":"2026-08-17T11:02:53Z","inv":{"had_session_at_before":false,"old_w_status":"proposed","had_session_before":false,"id":"W-103","op":"set_w_status_with_goals","goal_statuses":{"G-25":"unverified"},"old_session_at":"","old_session":""}}
{"v":1,"session":"mcp-896-89019022","cmd":"set","ts":"2026-08-17T11:02:59Z","inv":{"had_session_at_before":false,"old_w_status":"ready","had_session_before":false,"id":"W-103","op":"set_w_status_with_goals","goal_statuses":{"G-25":"unverified"},"old_session_at":"","old_session":""}}
{"v":1,"session":"mcp-896-89019022","cmd":"field","ts":"2026-08-17T11:06:06Z","inv":{"id":"W-103","field":"evidence","op":"field_pop_last"}}
{"v":1,"session":"mcp-896-89019022","cmd":"field","ts":"2026-08-17T11:06:06Z","inv":{"id":"W-103","field":"evidence","op":"field_pop_last"}}
{"v":1,"session":"mcp-896-89019022","cmd":"set","ts":"2026-08-17T11:06:11Z","inv":{"had_session_at_before":true,"old_w_status":"progress","had_session_before":true,"id":"W-103","op":"set_w_status_with_goals","goal_statuses":{"G-25":"unverified"},"old_session_at":"2026-08-17T11:02:59Z","old_session":"mcp-896-89019022"}}
{"v":1,"session":"mcp-896-89019022","cmd":"set","ts":"2026-08-17T11:06:48Z","inv":{"had_session_at_before":false,"old_w_status":"proposed","had_session_before":false,"id":"W-104","op":"set_w_status_with_goals","goal_statuses":{"G-25":"partial"},"old_session_at":"","old_session":""}}
{"v":1,"session":"mcp-896-89019022","cmd":"set","ts":"2026-08-17T11:06:54Z","inv":{"had_session_at_before":false,"old_w_status":"ready","had_session_before":false,"id":"W-104","op":"set_w_status_with_goals","goal_statuses":{"G-25":"partial"},"old_session_at":"","old_session":""}}
{"v":1,"session":"mcp-896-89019022","cmd":"field","ts":"2026-08-17T11:11:10Z","inv":{"id":"W-104","field":"evidence","op":"field_pop_last"}}
{"v":1,"session":"mcp-896-89019022","cmd":"field","ts":"2026-08-17T11:11:10Z","inv":{"id":"W-104","field":"evidence","op":"field_pop_last"}}
{"v":1,"session":"mcp-896-89019022","cmd":"set","ts":"2026-08-17T11:11:17Z","inv":{"had_session_at_before":true,"old_w_status":"progress","had_session_before":true,"id":"W-104","op":"set_w_status_with_goals","goal_statuses":{"G-25":"partial"},"old_session_at":"2026-08-17T11:06:54Z","old_session":"mcp-896-89019022"}}
{"v":1,"session":"mcp-896-89019022","cmd":"set","ts":"2026-08-17T11:11:23Z","inv":{"had_session_at_before":false,"old_w_status":"ready","had_session_before":false,"id":"W-104","op":"set_w_status_with_goals","goal_statuses":{"G-25":"partial"},"old_session_at":"","old_session":""}}
{"v":1,"session":"mcp-896-89019022","cmd":"set","ts":"2026-08-17T11:11:32Z","inv":{"had_session_at_before":false,"old_w_status":"proposed","had_session_before":false,"id":"W-105","op":"set_w_status_with_goals","goal_statuses":{"G-25":"partial"},"old_session_at":"","old_session":""}}
{"v":1,"session":"mcp-896-89019022","cmd":"set","ts":"2026-08-17T11:11:39Z","inv":{"had_session_at_before":false,"old_w_status":"ready","had_session_before":false,"id":"W-105","op":"set_w_status_with_goals","goal_statuses":{"G-25":"partial"},"old_session_at":"","old_session":""}}
{"v":1,"session":"mcp-896-89019022","cmd":"field","ts":"2026-08-17T11:16:04Z","inv":{"id":"W-105","field":"evidence","op":"field_pop_last"}}
{"v":1,"session":"mcp-896-89019022","cmd":"field","ts":"2026-08-17T11:16:04Z","inv":{"id":"W-105","field":"evidence","op":"field_pop_last"}}
{"v":1,"session":"mcp-896-89019022","cmd":"set","ts":"2026-08-17T11:16:10Z","inv":{"had_session_at_before":true,"old_w_status":"progress","had_session_before":true,"id":"W-105","op":"set_w_status_with_goals","goal_statuses":{"G-25":"partial"},"old_session_at":"2026-08-17T11:11:39Z","old_session":"mcp-896-89019022"}}
{"v":1,"session":"mcp-896-89019022","cmd":"set","ts":"2026-08-17T11:16:18Z","inv":{"had_session_at_before":false,"old_w_status":"ready","had_session_before":false,"id":"W-105","op":"set_w_status_with_goals","goal_statuses":{"G-25":"partial"},"old_session_at":"","old_session":""}}
{"v":1,"session":"mcp-896-89019022","cmd":"set","ts":"2026-08-17T11:16:28Z","inv":{"had_session_at_before":false,"old_w_status":"proposed","had_session_before":false,"id":"W-106","op":"set_w_status_with_goals","goal_statuses":{"G-25":"partial"},"old_session_at":"","old_session":""}}
{"v":1,"session":"mcp-896-89019022","cmd":"unlink","ts":"2026-08-17T11:16:53Z","inv":{"label":"targets","t_created":"2026-08-17T10:53:14Z","to":"W-106","op":"restore_edge","from":"B-05"}}
{"v":1,"session":"mcp-896-89019022","cmd":"set","ts":"2026-08-17T11:17:06Z","inv":{"had_session_at_before":false,"old_w_status":"ready","had_session_before":false,"id":"W-106","op":"set_w_status_with_goals","goal_statuses":{"G-25":"partial"},"old_session_at":"","old_session":""}}
{"v":1,"session":"mcp-896-89019022","cmd":"field","ts":"2026-08-17T11:30:53Z","inv":{"id":"B-05","field":"result","op":"field_pop_last"}}
{"v":1,"session":"mcp-896-89019022","cmd":"set","ts":"2026-08-17T11:31:02Z","inv":{"old_status":"proposed","id":"B-05","op":"set_status_plain"}}
{"v":1,"session":"mcp-896-89019022","cmd":"field","ts":"2026-08-17T11:31:02Z","inv":{"id":"W-106","field":"evidence","op":"field_pop_last"}}
{"v":1,"session":"mcp-896-89019022","cmd":"field","ts":"2026-08-17T11:31:14Z","inv":{"id":"W-106","field":"evidence","op":"field_pop_last"}}
{"v":1,"session":"mcp-896-89019022","cmd":"field","ts":"2026-08-17T11:31:14Z","inv":{"id":"W-106","field":"evidence","op":"field_pop_last"}}
{"v":1,"session":"mcp-896-89019022","cmd":"set","ts":"2026-08-17T11:31:21Z","inv":{"had_session_at_before":true,"old_w_status":"progress","had_session_before":true,"id":"W-106","op":"set_w_status_with_goals","goal_statuses":{"G-25":"partial"},"old_session_at":"2026-08-17T11:17:06Z","old_session":"mcp-896-89019022"}}
{"v":1,"session":"mcp-896-89019022","cmd":"add","ts":"2026-08-17T11:31:47Z","inv":{"id":"Y-09","op":"rm_node"}}
{"v":1,"session":"mcp-896-89019022","cmd":"add","ts":"2026-08-17T11:31:56Z","inv":{"id":"Y-10","op":"rm_node"}}
{"v":1,"session":"mcp-896-89019022","cmd":"set","ts":"2026-08-17T11:32:06Z","inv":{"old_status":"proposed","id":"Y-09","op":"set_status_plain"}}
{"v":1,"session":"mcp-896-89019022","cmd":"set","ts":"2026-08-17T11:32:06Z","inv":{"old_status":"proposed","id":"Y-10","op":"set_status_plain"}}
{"v":1,"session":"mcp-896-89019022","cmd":"set","ts":"2026-08-17T11:42:38Z","inv":{"id":"G-25","had_before":true,"old":"4","op":"set_g_fitness_target"}}
{"v":1,"session":"mcp-896-89019022","cmd":"add","ts":"2026-08-17T11:42:38Z","inv":{"id":"D-13","op":"rm_node"}}
{"v":1,"session":"mcp-896-89019022","cmd":"field","ts":"2026-08-17T11:42:56Z","inv":{"id":"D-13","field":"context","op":"field_pop_last"}}
{"v":1,"session":"mcp-896-89019022","cmd":"field","ts":"2026-08-17T11:42:56Z","inv":{"id":"D-13","field":"decision","op":"field_pop_last"}}
{"v":1,"session":"mcp-896-89019022","cmd":"field","ts":"2026-08-17T11:42:56Z","inv":{"id":"D-13","field":"consequences","op":"field_pop_last"}}
{"v":1,"session":"mcp-896-89019022","cmd":"field","ts":"2026-08-17T11:42:56Z","inv":{"id":"D-13","field":"validation","op":"field_pop_last"}}
{"v":1,"session":"mcp-896-89019022","cmd":"set","ts":"2026-08-17T11:43:09Z","inv":{"old_status":"proposed","id":"D-13","op":"set_status_plain"}}
{"v":1,"session":"mcp-896-89019022","cmd":"add","ts":"2026-08-17T11:43:09Z","inv":{"id":"W-107","op":"rm_node"}}
{"v":1,"session":"mcp-896-89019022","cmd":"add","ts":"2026-08-17T11:43:09Z","inv":{"id":"W-108","op":"rm_node"}}
{"v":1,"session":"mcp-896-89019022","cmd":"add","ts":"2026-08-17T11:43:09Z","inv":{"id":"W-109","op":"rm_node"}}
{"v":1,"session":"mcp-896-89019022","cmd":"field","ts":"2026-08-17T11:43:38Z","inv":{"id":"W-107","field":"ac","op":"field_pop_last"}}
{"v":1,"session":"mcp-896-89019022","cmd":"field","ts":"2026-08-17T11:43:38Z","inv":{"id":"W-107","field":"ac","op":"field_pop_last"}}
{"v":1,"session":"mcp-896-89019022","cmd":"field","ts":"2026-08-17T11:43:38Z","inv":{"id":"W-107","field":"ac","op":"field_pop_last"}}
{"v":1,"session":"mcp-896-89019022","cmd":"field","ts":"2026-08-17T11:43:38Z","inv":{"id":"W-107","field":"ac","op":"field_pop_last"}}
{"v":1,"session":"mcp-896-89019022","cmd":"field","ts":"2026-08-17T11:43:38Z","inv":{"id":"W-107","field":"hypothesis","op":"field_pop_last"}}
{"v":1,"session":"mcp-896-89019022","cmd":"field","ts":"2026-08-17T11:43:38Z","inv":{"id":"W-107","field":"evidence_strategy","op":"field_pop_last"}}
{"v":1,"session":"mcp-896-89019022","cmd":"field","ts":"2026-08-17T11:43:38Z","inv":{"id":"W-108","field":"ac","op":"field_pop_last"}}
{"v":1,"session":"mcp-896-89019022","cmd":"field","ts":"2026-08-17T11:43:38Z","inv":{"id":"W-108","field":"ac","op":"field_pop_last"}}
{"v":1,"session":"mcp-896-89019022","cmd":"field","ts":"2026-08-17T11:43:38Z","inv":{"id":"W-108","field":"hypothesis","op":"field_pop_last"}}
{"v":1,"session":"mcp-896-89019022","cmd":"field","ts":"2026-08-17T11:43:38Z","inv":{"id":"W-108","field":"evidence_strategy","op":"field_pop_last"}}
{"v":1,"session":"mcp-896-89019022","cmd":"field","ts":"2026-08-17T11:44:06Z","inv":{"id":"W-109","field":"ac","op":"field_pop_last"}}
{"v":1,"session":"mcp-896-89019022","cmd":"field","ts":"2026-08-17T11:44:06Z","inv":{"id":"W-109","field":"ac","op":"field_pop_last"}}
{"v":1,"session":"mcp-896-89019022","cmd":"field","ts":"2026-08-17T11:44:06Z","inv":{"id":"W-109","field":"ac","op":"field_pop_last"}}
{"v":1,"session":"mcp-896-89019022","cmd":"field","ts":"2026-08-17T11:44:06Z","inv":{"id":"W-109","field":"ac","op":"field_pop_last"}}
{"v":1,"session":"mcp-896-89019022","cmd":"field","ts":"2026-08-17T11:44:06Z","inv":{"id":"W-109","field":"hypothesis","op":"field_pop_last"}}
{"v":1,"session":"mcp-896-89019022","cmd":"field","ts":"2026-08-17T11:44:06Z","inv":{"id":"W-109","field":"evidence_strategy","op":"field_pop_last"}}
{"v":1,"session":"mcp-896-89019022","cmd":"link","ts":"2026-08-17T11:44:06Z","inv":{"label":"blocks","to":"W-108","op":"unlink_edge","from":"W-107"}}
{"v":1,"session":"mcp-896-89019022","cmd":"link","ts":"2026-08-17T11:44:06Z","inv":{"label":"blocks","to":"W-109","op":"unlink_edge","from":"W-108"}}
{"v":1,"session":"mcp-896-89019022","cmd":"fitness","ts":"2026-08-17T11:44:06Z","inv":{"had_key":false,"wid":"W-107","gid":"G-25","previous":null,"op":"restore_fitness_key"}}
{"v":1,"session":"mcp-896-89019022","cmd":"fitness","ts":"2026-08-17T11:44:06Z","inv":{"had_key":false,"wid":"W-108","gid":"G-25","previous":null,"op":"restore_fitness_key"}}
{"v":1,"session":"mcp-896-89019022","cmd":"fitness","ts":"2026-08-17T11:44:06Z","inv":{"had_key":false,"wid":"W-109","gid":"G-25","previous":null,"op":"restore_fitness_key"}}
{"v":1,"session":"mcp-896-89019022","cmd":"add","ts":"2026-08-17T11:44:27Z","inv":{"id":"T-04","op":"rm_node"}}
{"v":1,"session":"mcp-896-89019022","cmd":"link","ts":"2026-08-17T11:44:38Z","inv":{"label":"causes","to":"W-107","op":"unlink_edge","from":"T-04"}}
{"v":1,"session":"mcp-896-89019022","cmd":"link","ts":"2026-08-17T11:44:38Z","inv":{"label":"causes","to":"W-108","op":"unlink_edge","from":"T-04"}}
{"v":1,"session":"mcp-896-89019022","cmd":"link","ts":"2026-08-17T11:44:38Z","inv":{"label":"causes","to":"W-109","op":"unlink_edge","from":"T-04"}}
{"v":1,"session":"mcp-896-89019022","cmd":"set","ts":"2026-08-17T11:44:56Z","inv":{"had_session_at_before":false,"old_w_status":"proposed","had_session_before":false,"id":"W-107","op":"set_w_status_with_goals","goal_statuses":{"G-25":"partial"},"old_session_at":"","old_session":""}}
{"v":1,"session":"mcp-896-89019022","cmd":"set","ts":"2026-08-17T11:45:05Z","inv":{"had_session_at_before":false,"old_w_status":"ready","had_session_before":false,"id":"W-107","op":"set_w_status_with_goals","goal_statuses":{"G-25":"partial"},"old_session_at":"","old_session":""}}
{"v":1,"session":"mcp-896-89019022","cmd":"field","ts":"2026-08-17T11:51:37Z","inv":{"id":"W-107","field":"evidence","op":"field_pop_last"}}
{"v":1,"session":"mcp-896-89019022","cmd":"field","ts":"2026-08-17T11:51:37Z","inv":{"id":"W-107","field":"evidence","op":"field_pop_last"}}
{"v":1,"session":"mcp-896-89019022","cmd":"set","ts":"2026-08-17T11:51:44Z","inv":{"had_session_at_before":true,"old_w_status":"progress","had_session_before":true,"id":"W-107","op":"set_w_status_with_goals","goal_statuses":{"G-25":"partial"},"old_session_at":"2026-08-17T11:45:05Z","old_session":"mcp-896-89019022"}}
{"v":1,"session":"mcp-896-89019022","cmd":"set","ts":"2026-08-17T11:51:53Z","inv":{"had_session_at_before":false,"old_w_status":"proposed","had_session_before":false,"id":"W-108","op":"set_w_status_with_goals","goal_statuses":{"G-25":"partial"},"old_session_at":"","old_session":""}}
{"v":1,"session":"mcp-896-89019022","cmd":"set","ts":"2026-08-17T11:52:00Z","inv":{"had_session_at_before":false,"old_w_status":"ready","had_session_before":false,"id":"W-108","op":"set_w_status_with_goals","goal_statuses":{"G-25":"partial"},"old_session_at":"","old_session":""}}
{"v":1,"session":"mcp-896-89019022","cmd":"field","ts":"2026-08-17T11:54:23Z","inv":{"id":"W-108","field":"evidence","op":"field_pop_last"}}
{"v":1,"session":"mcp-896-89019022","cmd":"set","ts":"2026-08-17T11:54:34Z","inv":{"had_session_at_before":true,"old_w_status":"progress","had_session_before":true,"id":"W-108","op":"set_w_status_with_goals","goal_statuses":{"G-25":"partial"},"old_session_at":"2026-08-17T11:52:00Z","old_session":"mcp-896-89019022"}}
{"v":1,"session":"mcp-896-89019022","cmd":"set","ts":"2026-08-17T11:54:42Z","inv":{"had_session_at_before":false,"old_w_status":"proposed","had_session_before":false,"id":"W-109","op":"set_w_status_with_goals","goal_statuses":{"G-25":"partial"},"old_session_at":"","old_session":""}}
{"v":1,"session":"mcp-896-89019022","cmd":"set","ts":"2026-08-17T11:54:53Z","inv":{"had_session_at_before":false,"old_w_status":"ready","had_session_before":false,"id":"W-109","op":"set_w_status_with_goals","goal_statuses":{"G-25":"partial"},"old_session_at":"","old_session":""}}
{"v":1,"session":"mcp-896-89019022","cmd":"field","ts":"2026-08-17T11:58:58Z","inv":{"id":"W-109","field":"evidence","op":"field_pop_last"}}
{"v":1,"session":"mcp-896-89019022","cmd":"field","ts":"2026-08-17T11:58:58Z","inv":{"id":"W-109","field":"evidence","op":"field_pop_last"}}
{"v":1,"session":"mcp-896-89019022","cmd":"field","ts":"2026-08-17T11:58:58Z","inv":{"id":"W-109","field":"evidence","op":"field_pop_last"}}
{"v":1,"session":"mcp-896-89019022","cmd":"set","ts":"2026-08-17T11:59:08Z","inv":{"had_session_at_before":true,"old_w_status":"progress","had_session_before":true,"id":"W-109","op":"set_w_status_with_goals","goal_statuses":{"G-25":"partial"},"old_session_at":"2026-08-17T11:54:53Z","old_session":"mcp-896-89019022"}}
{"v":1,"session":"mcp-896-89019022","cmd":"add","ts":"2026-08-17T11:59:20Z","inv":{"id":"Y-11","op":"rm_node"}}
{"v":1,"session":"mcp-896-89019022","cmd":"set","ts":"2026-08-17T11:59:28Z","inv":{"old_status":"proposed","id":"Y-11","op":"set_status_plain"}}
{"v":1,"session":"mcp-896-89019022","cmd":"field","ts":"2026-08-17T11:59:41Z","inv":{"id":"Y-09","field":"surface","lines":["packages/dsh-plugin/test/fixtures/mock-grove-llm.mjs","packages/dsh-plugin/test/fixtures/headless-smoke.patch.yml"],"op":"field_restore_lines"}}
{"v":1,"session":"mcp-896-89019022","cmd":"field","ts":"2026-08-17T11:59:41Z","inv":{"id":"Y-10","field":"surface","lines":["packages/dsh-plugin/package.json","packages/dsh-plugin/cordis.patch.yml"],"op":"field_restore_lines"}}
{"v":1,"session":"mcp-896-89019022","cmd":"field","ts":"2026-08-17T11:59:56Z","inv":{"id":"Y-09","field":"surface","op":"field_pop_last"}}
{"v":1,"session":"mcp-896-89019022","cmd":"field","ts":"2026-08-17T11:59:56Z","inv":{"id":"Y-09","field":"surface","op":"field_pop_last"}}
{"v":1,"session":"mcp-896-89019022","cmd":"field","ts":"2026-08-17T11:59:56Z","inv":{"id":"Y-10","field":"surface","op":"field_pop_last"}}
{"v":1,"session":"mcp-896-89019022","cmd":"field","ts":"2026-08-17T11:59:56Z","inv":{"id":"Y-10","field":"surface","op":"field_pop_last"}}
{"v":1,"session":"desktop-5a9h5ko:b9ace3ea3b856f36","cmd":"add","ts":"2026-08-28T00:17:40Z","inv":{"id":"G-26","op":"rm_node"}}
{"v":1,"session":"desktop-5a9h5ko:b9ace3ea3b856f36","cmd":"add","ts":"2026-08-28T00:17:40Z","inv":{"id":"Q-06","op":"rm_node"}}
{"v":1,"session":"desktop-5a9h5ko:b9ace3ea3b856f36","cmd":"add","ts":"2026-08-28T00:17:40Z","inv":{"id":"D-14","op":"rm_node"}}
{"v":1,"session":"desktop-5a9h5ko:b9ace3ea3b856f36","cmd":"add","ts":"2026-08-28T00:17:40Z","inv":{"id":"D-15","op":"rm_node"}}
{"v":1,"session":"desktop-5a9h5ko:b9ace3ea3b856f36","cmd":"add","ts":"2026-08-28T00:17:41Z","inv":{"id":"B-06","op":"rm_node"}}
{"v":1,"session":"desktop-5a9h5ko:b9ace3ea3b856f36","cmd":"add","ts":"2026-08-28T00:17:57Z","inv":{"id":"W-110","op":"rm_node"}}
{"v":1,"session":"desktop-5a9h5ko:b9ace3ea3b856f36","cmd":"add","ts":"2026-08-28T00:17:57Z","inv":{"id":"W-111","op":"rm_node"}}
{"v":1,"session":"desktop-5a9h5ko:b9ace3ea3b856f36","cmd":"add","ts":"2026-08-28T00:17:58Z","inv":{"id":"W-112","op":"rm_node"}}
{"v":1,"session":"desktop-5a9h5ko:b9ace3ea3b856f36","cmd":"add","ts":"2026-08-28T00:17:58Z","inv":{"id":"W-113","op":"rm_node"}}
{"v":1,"session":"desktop-5a9h5ko:b9ace3ea3b856f36","cmd":"field","ts":"2026-08-28T00:18:26Z","inv":{"id":"Q-06","field":"why","op":"field_pop_last"}}
{"v":1,"session":"desktop-5a9h5ko:b9ace3ea3b856f36","cmd":"field","ts":"2026-08-28T00:18:26Z","inv":{"id":"Q-06","field":"exit","op":"field_pop_last"}}
{"v":1,"session":"desktop-5a9h5ko:b9ace3ea3b856f36","cmd":"field","ts":"2026-08-28T00:18:29Z","inv":{"id":"D-14","field":"context","op":"field_pop_last"}}
{"v":1,"session":"desktop-5a9h5ko:b9ace3ea3b856f36","cmd":"field","ts":"2026-08-28T00:18:29Z","inv":{"id":"D-14","field":"options","op":"field_pop_last"}}
{"v":1,"session":"desktop-5a9h5ko:b9ace3ea3b856f36","cmd":"field","ts":"2026-08-28T00:18:29Z","inv":{"id":"D-14","field":"options","op":"field_pop_last"}}
{"v":1,"session":"desktop-5a9h5ko:b9ace3ea3b856f36","cmd":"field","ts":"2026-08-28T00:18:29Z","inv":{"id":"D-14","field":"options","op":"field_pop_last"}}
{"v":1,"session":"desktop-5a9h5ko:b9ace3ea3b856f36","cmd":"field","ts":"2026-08-28T00:18:30Z","inv":{"id":"D-14","field":"decision","op":"field_pop_last"}}
{"v":1,"session":"desktop-5a9h5ko:b9ace3ea3b856f36","cmd":"field","ts":"2026-08-28T00:18:30Z","inv":{"id":"D-14","field":"consequences","op":"field_pop_last"}}
{"v":1,"session":"desktop-5a9h5ko:b9ace3ea3b856f36","cmd":"field","ts":"2026-08-28T00:18:30Z","inv":{"id":"D-14","field":"validation","op":"field_pop_last"}}
{"v":1,"session":"desktop-5a9h5ko:b9ace3ea3b856f36","cmd":"field","ts":"2026-08-28T00:18:32Z","inv":{"id":"D-15","field":"context","op":"field_pop_last"}}
{"v":1,"session":"desktop-5a9h5ko:b9ace3ea3b856f36","cmd":"field","ts":"2026-08-28T00:18:32Z","inv":{"id":"D-15","field":"options","op":"field_pop_last"}}
{"v":1,"session":"desktop-5a9h5ko:b9ace3ea3b856f36","cmd":"field","ts":"2026-08-28T00:18:32Z","inv":{"id":"D-15","field":"options","op":"field_pop_last"}}
{"v":1,"session":"desktop-5a9h5ko:b9ace3ea3b856f36","cmd":"field","ts":"2026-08-28T00:18:32Z","inv":{"id":"D-15","field":"options","op":"field_pop_last"}}
{"v":1,"session":"desktop-5a9h5ko:b9ace3ea3b856f36","cmd":"field","ts":"2026-08-28T00:18:32Z","inv":{"id":"D-15","field":"decision","op":"field_pop_last"}}
{"v":1,"session":"desktop-5a9h5ko:b9ace3ea3b856f36","cmd":"field","ts":"2026-08-28T00:18:33Z","inv":{"id":"D-15","field":"consequences","op":"field_pop_last"}}
{"v":1,"session":"desktop-5a9h5ko:b9ace3ea3b856f36","cmd":"field","ts":"2026-08-28T00:18:33Z","inv":{"id":"D-15","field":"validation","op":"field_pop_last"}}
{"v":1,"session":"desktop-5a9h5ko:b9ace3ea3b856f36","cmd":"field","ts":"2026-08-28T00:18:34Z","inv":{"id":"B-06","field":"vm","op":"field_pop_last"}}
{"v":1,"session":"desktop-5a9h5ko:b9ace3ea3b856f36","cmd":"field","ts":"2026-08-28T00:18:35Z","inv":{"id":"B-06","field":"threshold","op":"field_pop_last"}}
{"v":1,"session":"desktop-5a9h5ko:b9ace3ea3b856f36","cmd":"field","ts":"2026-08-28T00:20:00Z","inv":{"id":"W-110","field":"ac","op":"field_pop_last"}}
{"v":1,"session":"desktop-5a9h5ko:b9ace3ea3b856f36","cmd":"field","ts":"2026-08-28T00:20:00Z","inv":{"id":"W-110","field":"ac","op":"field_pop_last"}}
{"v":1,"session":"desktop-5a9h5ko:b9ace3ea3b856f36","cmd":"field","ts":"2026-08-28T00:20:00Z","inv":{"id":"W-110","field":"ac","op":"field_pop_last"}}
{"v":1,"session":"desktop-5a9h5ko:b9ace3ea3b856f36","cmd":"field","ts":"2026-08-28T00:20:01Z","inv":{"id":"W-110","field":"ac","op":"field_pop_last"}}
{"v":1,"session":"desktop-5a9h5ko:b9ace3ea3b856f36","cmd":"field","ts":"2026-08-28T00:20:01Z","inv":{"id":"W-110","field":"ac","op":"field_pop_last"}}
{"v":1,"session":"desktop-5a9h5ko:b9ace3ea3b856f36","cmd":"field","ts":"2026-08-28T00:20:01Z","inv":{"id":"W-110","field":"repro","op":"field_pop_last"}}
{"v":1,"session":"desktop-5a9h5ko:b9ace3ea3b856f36","cmd":"field","ts":"2026-08-28T00:20:01Z","inv":{"id":"W-110","field":"evidence_strategy","op":"field_pop_last"}}
{"v":1,"session":"desktop-5a9h5ko:b9ace3ea3b856f36","cmd":"field","ts":"2026-08-28T00:20:03Z","inv":{"id":"W-111","field":"ac","op":"field_pop_last"}}
{"v":1,"session":"desktop-5a9h5ko:b9ace3ea3b856f36","cmd":"field","ts":"2026-08-28T00:20:03Z","inv":{"id":"W-111","field":"ac","op":"field_pop_last"}}
{"v":1,"session":"desktop-5a9h5ko:b9ace3ea3b856f36","cmd":"field","ts":"2026-08-28T00:20:03Z","inv":{"id":"W-111","field":"repro","op":"field_pop_last"}}
{"v":1,"session":"desktop-5a9h5ko:b9ace3ea3b856f36","cmd":"field","ts":"2026-08-28T00:20:03Z","inv":{"id":"W-111","field":"evidence_strategy","op":"field_pop_last"}}
{"v":1,"session":"desktop-5a9h5ko:b9ace3ea3b856f36","cmd":"field","ts":"2026-08-28T00:20:08Z","inv":{"id":"W-112","field":"ac","op":"field_pop_last"}}
{"v":1,"session":"desktop-5a9h5ko:b9ace3ea3b856f36","cmd":"field","ts":"2026-08-28T00:20:09Z","inv":{"id":"W-112","field":"ac","op":"field_pop_last"}}
{"v":1,"session":"desktop-5a9h5ko:b9ace3ea3b856f36","cmd":"field","ts":"2026-08-28T00:20:09Z","inv":{"id":"W-112","field":"ac","op":"field_pop_last"}}
{"v":1,"session":"desktop-5a9h5ko:b9ace3ea3b856f36","cmd":"field","ts":"2026-08-28T00:20:09Z","inv":{"id":"W-112","field":"ac","op":"field_pop_last"}}
{"v":1,"session":"desktop-5a9h5ko:b9ace3ea3b856f36","cmd":"field","ts":"2026-08-28T00:20:09Z","inv":{"id":"W-112","field":"ac","op":"field_pop_last"}}
{"v":1,"session":"desktop-5a9h5ko:b9ace3ea3b856f36","cmd":"field","ts":"2026-08-28T00:20:09Z","inv":{"id":"W-112","field":"repro","op":"field_pop_last"}}
{"v":1,"session":"desktop-5a9h5ko:b9ace3ea3b856f36","cmd":"field","ts":"2026-08-28T00:20:10Z","inv":{"id":"W-112","field":"evidence_strategy","op":"field_pop_last"}}
{"v":1,"session":"desktop-5a9h5ko:b9ace3ea3b856f36","cmd":"field","ts":"2026-08-28T00:20:11Z","inv":{"id":"W-113","field":"ac","op":"field_pop_last"}}
{"v":1,"session":"desktop-5a9h5ko:b9ace3ea3b856f36","cmd":"field","ts":"2026-08-28T00:20:12Z","inv":{"id":"W-113","field":"ac","op":"field_pop_last"}}
{"v":1,"session":"desktop-5a9h5ko:b9ace3ea3b856f36","cmd":"field","ts":"2026-08-28T00:20:12Z","inv":{"id":"W-113","field":"ac","op":"field_pop_last"}}
{"v":1,"session":"desktop-5a9h5ko:b9ace3ea3b856f36","cmd":"field","ts":"2026-08-28T00:20:12Z","inv":{"id":"W-113","field":"ac","op":"field_pop_last"}}
{"v":1,"session":"desktop-5a9h5ko:b9ace3ea3b856f36","cmd":"field","ts":"2026-08-28T00:20:12Z","inv":{"id":"W-113","field":"repro","op":"field_pop_last"}}
{"v":1,"session":"desktop-5a9h5ko:b9ace3ea3b856f36","cmd":"field","ts":"2026-08-28T00:20:12Z","inv":{"id":"W-113","field":"evidence_strategy","op":"field_pop_last"}}
{"v":1,"session":"desktop-5a9h5ko:b9ace3ea3b856f36","cmd":"link","ts":"2026-08-28T00:20:27Z","inv":{"label":"asks","to":"W-110","op":"unlink_edge","from":"Q-06"}}
{"v":1,"session":"desktop-5a9h5ko:b9ace3ea3b856f36","cmd":"link","ts":"2026-08-28T00:20:27Z","inv":{"label":"implements","to":"D-14","op":"unlink_edge","from":"W-112"}}
{"v":1,"session":"desktop-5a9h5ko:b9ace3ea3b856f36","cmd":"link","ts":"2026-08-28T00:20:28Z","inv":{"label":"implements","to":"D-15","op":"unlink_edge","from":"W-113"}}
{"v":1,"session":"desktop-5a9h5ko:b9ace3ea3b856f36","cmd":"link","ts":"2026-08-28T00:20:28Z","inv":{"label":"targets","to":"W-112","op":"unlink_edge","from":"B-06"}}
{"v":1,"session":"desktop-5a9h5ko:b9ace3ea3b856f36","cmd":"link","ts":"2026-08-28T00:20:28Z","inv":{"label":"blocks","to":"W-111","op":"unlink_edge","from":"W-110"}}
{"v":1,"session":"desktop-5a9h5ko:b9ace3ea3b856f36","cmd":"link","ts":"2026-08-28T00:20:28Z","inv":{"label":"blocks","to":"W-112","op":"unlink_edge","from":"W-110"}}
{"v":1,"session":"desktop-5a9h5ko:b9ace3ea3b856f36","cmd":"link","ts":"2026-08-28T00:20:28Z","inv":{"label":"blocks","to":"W-113","op":"unlink_edge","from":"W-110"}}
{"v":1,"session":"desktop-5a9h5ko:b9ace3ea3b856f36","cmd":"set","ts":"2026-08-28T00:20:29Z","inv":{"old_status":"proposed","id":"D-14","op":"set_status_plain"}}
{"v":1,"session":"desktop-5a9h5ko:b9ace3ea3b856f36","cmd":"set","ts":"2026-08-28T00:20:29Z","inv":{"old_status":"proposed","id":"D-15","op":"set_status_plain"}}
{"v":1,"session":"desktop-5a9h5ko:b9ace3ea3b856f36","cmd":"field","ts":"2026-08-28T00:21:51Z","inv":{"id":"Q-06","field":"log","op":"field_pop_last"}}
{"v":1,"session":"desktop-5a9h5ko:b9ace3ea3b856f36","cmd":"field","ts":"2026-08-28T00:21:51Z","inv":{"id":"Q-06","field":"outcome","op":"field_pop_last"}}
{"v":1,"session":"desktop-5a9h5ko:b9ace3ea3b856f36","cmd":"set","ts":"2026-08-28T00:21:52Z","inv":{"old_status":"open","id":"Q-06","op":"set_status_plain"}}
{"v":1,"session":"desktop-5a9h5ko:b9ace3ea3b856f36","cmd":"fitness","ts":"2026-08-28T00:21:58Z","inv":{"had_key":false,"wid":"W-110","gid":"G-26","previous":null,"op":"restore_fitness_key"}}
{"v":1,"session":"desktop-5a9h5ko:b9ace3ea3b856f36","cmd":"set","ts":"2026-08-28T00:21:58Z","inv":{"had_session_at_before":false,"old_w_status":"proposed","had_session_before":false,"id":"W-110","op":"set_w_status_with_goals","goal_statuses":{"G-26":"unverified"},"old_session_at":"","old_session":""}}
{"v":1,"session":"desktop-5a9h5ko:b9ace3ea3b856f36","cmd":"field","ts":"2026-08-28T00:24:10Z","inv":{"id":"W-110","field":"evidence","op":"field_pop_last"}}
{"v":1,"session":"desktop-5a9h5ko:b9ace3ea3b856f36","cmd":"set","ts":"2026-08-28T00:24:10Z","inv":{"had_session_at_before":true,"old_w_status":"progress","had_session_before":true,"id":"W-110","op":"set_w_status_with_goals","goal_statuses":{"G-26":"unverified"},"old_session_at":"2026-08-28T00:21:58Z","old_session":"desktop-5a9h5ko:b9ace3ea3b856f36"}}
{"v":1,"session":"desktop-5a9h5ko:b9ace3ea3b856f36","cmd":"fitness","ts":"2026-08-28T00:24:18Z","inv":{"had_key":false,"wid":"W-111","gid":"G-26","previous":null,"op":"restore_fitness_key"}}
{"v":1,"session":"desktop-5a9h5ko:b9ace3ea3b856f36","cmd":"set","ts":"2026-08-28T00:24:18Z","inv":{"had_session_at_before":false,"old_w_status":"proposed","had_session_before":false,"id":"W-111","op":"set_w_status_with_goals","goal_statuses":{"G-26":"partial"},"old_session_at":"","old_session":""}}
{"v":1,"session":"desktop-5a9h5ko:b9ace3ea3b856f36","cmd":"field","ts":"2026-08-28T00:25:26Z","inv":{"id":"W-111","field":"evidence","op":"field_pop_last"}}
{"v":1,"session":"desktop-5a9h5ko:b9ace3ea3b856f36","cmd":"set","ts":"2026-08-28T00:25:26Z","inv":{"had_session_at_before":true,"old_w_status":"progress","had_session_before":true,"id":"W-111","op":"set_w_status_with_goals","goal_statuses":{"G-26":"partial"},"old_session_at":"2026-08-28T00:24:18Z","old_session":"desktop-5a9h5ko:b9ace3ea3b856f36"}}
{"v":1,"session":"desktop-5a9h5ko:b9ace3ea3b856f36","cmd":"fitness","ts":"2026-08-28T00:25:32Z","inv":{"had_key":false,"wid":"W-112","gid":"G-26","previous":null,"op":"restore_fitness_key"}}
{"v":1,"session":"desktop-5a9h5ko:b9ace3ea3b856f36","cmd":"set","ts":"2026-08-28T00:25:32Z","inv":{"had_session_at_before":false,"old_w_status":"proposed","had_session_before":false,"id":"W-112","op":"set_w_status_with_goals","goal_statuses":{"G-26":"partial"},"old_session_at":"","old_session":""}}
{"v":1,"session":"desktop-5a9h5ko:b9ace3ea3b856f36","cmd":"field","ts":"2026-08-28T00:34:10Z","inv":{"id":"W-112","field":"evidence","op":"field_pop_last"}}
{"v":1,"session":"desktop-5a9h5ko:b9ace3ea3b856f36","cmd":"set","ts":"2026-08-28T00:34:11Z","inv":{"had_session_at_before":true,"old_w_status":"progress","had_session_before":true,"id":"W-112","op":"set_w_status_with_goals","goal_statuses":{"G-26":"partial"},"old_session_at":"2026-08-28T00:25:32Z","old_session":"desktop-5a9h5ko:b9ace3ea3b856f36"}}
{"v":1,"session":"desktop-5a9h5ko:b9ace3ea3b856f36","cmd":"fitness","ts":"2026-08-28T00:34:18Z","inv":{"had_key":false,"wid":"W-113","gid":"G-26","previous":null,"op":"restore_fitness_key"}}
{"v":1,"session":"desktop-5a9h5ko:b9ace3ea3b856f36","cmd":"set","ts":"2026-08-28T00:34:18Z","inv":{"had_session_at_before":false,"old_w_status":"proposed","had_session_before":false,"id":"W-113","op":"set_w_status_with_goals","goal_statuses":{"G-26":"partial"},"old_session_at":"","old_session":""}}
{"v":1,"session":"desktop-5a9h5ko:b9ace3ea3b856f36","cmd":"field","ts":"2026-08-28T00:37:24Z","inv":{"id":"W-113","field":"evidence","op":"field_pop_last"}}
{"v":1,"session":"desktop-5a9h5ko:b9ace3ea3b856f36","cmd":"set","ts":"2026-08-28T00:37:24Z","inv":{"had_session_at_before":true,"old_w_status":"progress","had_session_before":true,"id":"W-113","op":"set_w_status_with_goals","goal_statuses":{"G-26":"partial"},"old_session_at":"2026-08-28T00:34:18Z","old_session":"desktop-5a9h5ko:b9ace3ea3b856f36"}}
{"v":1,"session":"desktop-5a9h5ko:b9ace3ea3b856f36","cmd":"add","ts":"2026-08-28T00:38:09Z","inv":{"id":"Y-12","op":"rm_node"}}
{"v":1,"session":"desktop-5a9h5ko:b9ace3ea3b856f36","cmd":"field","ts":"2026-08-28T00:38:09Z","inv":{"id":"Y-09","field":"invariant","op":"field_pop_last"}}
{"v":1,"session":"desktop-5a9h5ko:b9ace3ea3b856f36","cmd":"field","ts":"2026-08-28T00:38:34Z","inv":{"line":"Cross-platform install scripts exercise every per-OS branch locally via a uname shim that reports the foreign OS, while native behaviour stays covered by the CI OS matrix; a native-only run never proves foreign branches.","id":"Y-09","field":"invariant","op":"field_insert_line","index":1}}
{"v":1,"session":"desktop-5a9h5ko:b9ace3ea3b856f36","cmd":"field","ts":"2026-08-28T00:38:34Z","inv":{"id":"Y-12","field":"invariant","op":"field_pop_last"}}
{"v":1,"session":"desktop-5a9h5ko:b9ace3ea3b856f36","cmd":"set","ts":"2026-08-28T00:38:34Z","inv":{"old_status":"proposed","id":"Y-12","op":"set_status_plain"}}
